CustomerID,Recency,Frequency,Monetary,AvgOrderValue,UniqueProducts,TotalQuantity,Cluster_2,Cluster_3,Cluster_4,Cluster,Hierarchical_2,Hierarchical_3,Hierarchical_4,DBSCAN_Cluster,Anomaly
12346.0,326,1,77183.6,77183.6,1,74215,0,0,1,1,1,0,0,-1,-1
12347.0,2,7,4310.0,23.68131868131868,103,2458,0,0,2,2,1,0,3,0,1
12348.0,75,4,1797.24,57.97548387096774,22,2341,0,0,1,1,1,0,0,0,1
12349.0,19,1,1757.55,24.076027397260276,73,631,0,1,0,0,1,0,3,0,1
12350.0,310,1,334.4,19.670588235294115,17,197,1,2,3,3,0,1,1,0,1
12352.0,36,8,2506.04,29.482823529411764,59,536,0,0,2,2,1,0,0,0,1
12353.0,204,1,89.0,22.25,4,20,1,2,3,3,0,1,1,0,1
12354.0,232,1,1079.4,18.610344827586207,58,530,1,1,0,0,0,2,2,0,1
12355.0,214,1,459.4,35.33846153846154,13,240,1,2,3,3,0,1,1,0,1
12356.0,23,3,2811.43,47.65135593220339,53,1591,0,0,0,0,1,0,0,0,1
12357.0,33,1,6207.67,47.38679389312977,131,2708,0,0,0,0,1,0,3,-1,1
12358.0,2,2,1168.06,61.47684210526315,13,248,1,1,1,1,1,0,0,-1,1
12359.0,58,4,6310.03,25.75522448979592,214,1609,0,0,2,2,1,0,3,0,1
12360.0,52,3,2662.06,20.63612403100775,105,1165,0,1,0,0,1,0,3,0,1
12361.0,287,1,189.9,18.99,10,91,1,2,3,3,0,1,1,0,1
12362.0,3,10,5226.23,19.64748120300752,201,2229,0,0,2,2,1,0,3,0,1
12363.0,110,2,552.0,24.0,23,408,1,1,0,0,0,2,2,0,1
12364.0,8,4,1313.1,15.448235294117646,70,1506,0,0,0,0,1,0,3,0,1
12365.0,291,2,641.38,29.15363636363636,22,174,1,2,3,3,0,1,1,0,1
12367.0,4,1,168.9,15.354545454545455,11,173,1,2,3,3,0,1,1,0,1
12370.0,51,4,3541.94,21.33698795180723,143,2352,0,0,2,2,1,0,3,0,1
12371.0,45,2,1887.96,29.96761904761905,63,591,0,1,0,0,0,2,2,0,1
12372.0,72,3,1298.04,24.962307692307693,34,794,0,1,0,0,1,0,3,0,1
12373.0,311,1,364.6,26.042857142857144,14,197,1,2,3,3,0,1,1,0,1
12374.0,25,1,742.9300000000001,22.513030303030305,33,342,1,1,0,0,0,2,2,0,1
12375.0,11,2,457.5,26.91176470588235,14,178,1,1,0,0,0,2,2,0,1
12377.0,315,2,1628.12,21.144415584415583,72,944,1,1,0,0,1,0,3,0,1
12378.0,130,1,4008.62,18.30420091324201,219,2529,0,1,0,0,1,0,3,-1,1
12379.0,82,2,852.24,21.306,39,407,1,1,0,0,0,2,2,0,1
12380.0,22,4,2724.81,26.200096153846157,77,1127,0,0,0,0,1,0,3,0,1
12381.0,5,5,1845.31,21.21045977011494,70,808,0,0,2,2,1,0,3,0,1
12383.0,185,5,1850.56,18.69252525252525,84,1532,0,1,0,0,1,0,3,0,1
12384.0,29,2,585.27,21.676666666666662,26,126,1,1,0,0,0,2,2,0,1
12386.0,338,2,401.9,40.19,10,354,1,2,3,3,0,1,1,0,1
12388.0,16,6,2780.66,27.8066,57,1462,0,0,2,2,1,0,0,0,1
12390.0,80,1,549.84,17.1825,32,353,1,1,0,0,0,2,2,0,1
12391.0,22,1,439.66,4.72752688172043,92,293,1,1,0,0,0,2,2,0,1
12393.0,72,4,1582.6,24.728125,47,816,0,1,0,0,1,0,3,0,1
12394.0,64,2,1272.48,47.12888888888889,26,819,1,1,0,0,0,2,2,0,1
12395.0,19,12,3018.63,19.350192307692307,91,2118,0,0,2,2,1,0,3,0,1
12397.0,36,2,2409.9,19.12619047619048,110,1263,0,1,0,0,1,0,3,0,1
12398.0,46,1,1635.66,19.24305882352941,85,1394,0,1,0,0,1,0,3,0,1
12399.0,119,4,1108.65,18.790677966101697,47,1178,0,1,0,0,1,0,3,0,1
12401.0,303,1,84.3,16.86,5,11,1,2,3,3,0,1,1,0,1
12402.0,323,1,225.6,20.509090909090908,11,94,1,2,3,3,0,1,1,0,1
12403.0,50,1,427.7,85.53999999999999,5,96,1,2,1,1,0,1,1,0,1
12405.0,149,1,1710.39,31.67388888888889,54,857,1,1,0,0,1,0,0,0,1
12406.0,22,2,3415.3,32.52666666666667,92,1818,0,0,0,0,1,0,3,0,1
12407.0,50,5,1708.12,22.183376623376624,57,1416,0,0,0,0,1,0,3,0,1
12408.0,33,5,2888.55,27.51,81,1409,0,0,2,2,1,0,3,0,1
12409.0,79,3,11072.67,101.58412844036695,91,5551,0,0,2,2,1,0,0,-1,1
12410.0,309,2,693.3299999999999,26.666538461538455,26,211,1,2,3,3,0,2,2,0,1
12412.0,75,3,1226.88,20.112786885245903,43,829,0,1,0,0,1,0,3,0,1
12413.0,67,3,758.1,19.95,29,286,1,1,0,0,0,2,2,0,1
12414.0,217,3,562.41,31.245,16,300,1,2,3,3,0,1,1,0,1
12415.0,24,21,124914.53,174.95032212885152,444,77374,0,0,2,2,1,0,0,-1,-1
12417.0,3,9,3649.1,19.005729166666665,158,1552,0,0,2,2,1,0,3,0,1
12418.0,113,1,668.58,19.664117647058823,34,407,1,1,0,0,0,2,2,0,1
12420.0,64,1,600.39,20.70310344827586,29,345,1,1,0,0,0,2,2,0,1
12421.0,16,4,807.04,17.93422222222222,32,484,0,1,0,0,1,0,3,0,1
12422.0,96,3,803.5600000000001,20.604102564102565,39,370,1,1,0,0,1,0,3,0,1
12423.0,1,8,1859.31,14.87448,97,1339,0,0,2,2,1,0,3,0,1
12424.0,163,2,1760.96,58.69866666666667,30,740,1,1,1,1,1,0,0,0,1
12425.0,78,1,777.2,21.58888888888889,36,496,1,1,0,0,0,2,2,0,1
12426.0,195,1,582.73,19.424333333333333,30,258,1,2,3,3,0,1,1,0,1
12427.0,22,3,825.8,26.638709677419357,26,533,1,1,0,0,0,2,2,0,1
12428.0,26,9,7956.46,27.062789115646257,258,3536,0,0,2,2,1,0,3,0,1
12429.0,9,4,3750.4,38.66391752577319,82,1557,0,0,2,2,1,0,0,0,1
12430.0,43,1,256.4,23.30909090909091,11,117,1,2,3,3,0,1,1,0,1
12431.0,36,15,6419.95,27.43568376068376,163,2896,0,0,2,2,1,0,3,0,1
12432.0,43,5,5059.32,46.84555555555556,107,1801,0,0,2,2,1,0,3,0,1
12433.0,1,7,13375.87,31.847309523809525,219,11071,0,0,2,2,1,0,3,-1,-1
12434.0,85,2,806.14,16.122799999999998,46,394,1,1,0,0,0,2,2,0,1
12435.0,80,2,7829.89,217.49694444444447,31,2055,0,0,1,1,1,0,0,-1,1
12436.0,100,1,509.01,31.813125,16,211,1,2,3,3,0,2,2,0,1
12437.0,2,18,4951.41,24.88145728643216,118,2922,0,0,2,2,1,0,3,0,1
12438.0,14,2,2906.85,29.66173469387755,84,1180,0,0,0,0,1,0,3,0,1
12441.0,367,1,173.55,15.77727272727273,11,121,1,2,3,3,0,1,1,0,1
12442.0,3,1,172.06,14.338333333333331,12,182,1,1,3,3,0,1,1,0,1
12444.0,21,5,5005.46,28.44011363636364,138,1153,0,0,2,2,1,0,3,0,1
12445.0,22,1,133.4,33.35,4,62,1,2,3,3,0,1,1,0,1
12446.0,58,1,1002.31,17.584385964912283,57,351,1,1,0,0,0,2,2,0,1
12447.0,243,1,476.49,18.326538461538465,26,190,1,2,3,3,0,1,1,0,1
12448.0,44,1,449.45,20.42954545454545,22,243,1,1,3,3,0,2,2,0,1
12449.0,22,4,4067.29,21.294712041884814,118,1553,0,0,2,2,1,0,3,0,1
12450.0,156,2,197.88,24.735,7,128,1,2,3,3,0,1,1,0,1
12451.0,11,5,9035.52,25.52406779661017,265,6575,0,0,2,2,1,0,3,-1,1
12452.0,17,2,430.57,19.571363636363635,21,185,1,1,0,0,0,2,2,0,1
12453.0,134,1,707.09,16.443953488372095,43,473,1,1,0,0,0,2,2,0,1
12454.0,56,1,3528.34,235.22266666666667,15,1006,1,1,1,1,1,0,0,-1,1
12455.0,73,6,2466.86,27.40955555555556,85,2089,0,0,2,2,1,0,3,0,1
12456.0,44,3,3181.04,25.44832,105,1633,0,0,0,0,1,0,3,0,1
12457.0,66,7,2363.23,38.11661290322581,53,843,0,0,0,0,1,0,0,0,1
12458.0,71,2,947.4,24.931578947368426,35,506,1,1,0,0,0,2,2,0,1
12461.0,94,2,826.88,23.62514285714286,35,287,1,1,0,0,0,2,2,0,1
12462.0,19,2,1189.59,19.186935483870965,51,536,0,1,0,0,1,0,3,0,1
12463.0,53,4,1344.78,16.202168674698793,65,776,0,1,0,0,1,0,3,0,1
12464.0,10,8,1212.05,41.79482758620689,6,112,1,1,1,1,1,0,0,-1,1
12465.0,17,2,742.1899999999999,15.79127659574468,46,479,1,1,0,0,1,0,3,0,1
12468.0,188,2,729.5400000000001,19.19842105263158,36,366,1,1,0,0,0,2,2,0,1
12471.0,2,30,19788.65,43.11252723311547,150,8200,0,0,2,2,1,0,0,-1,-1
12472.0,32,7,6572.11,19.386755162241887,219,4148,0,0,2,2,1,0,3,0,1
12473.0,29,5,3928.05,23.52125748502994,140,2414,0,0,2,2,1,0,3,0,1
12474.0,17,18,7324.09,17.355663507109004,253,4833,0,0,2,2,1,0,3,0,1
12475.0,54,1,723.38,20.093888888888888,36,535,1,1,0,0,0,2,2,0,1
12476.0,16,11,6816.42,29.255021459227468,177,2408,0,0,2,2,1,0,3,0,1
12477.0,23,6,13219.74,44.0658,191,3653,0,0,2,2,1,0,0,-1,1
12478.0,4,1,680.99,18.91638888888889,36,236,1,1,0,0,1,0,3,0,1
12479.0,11,1,527.2,17.006451612903227,31,385,1,1,0,0,1,0,3,0,1
12480.0,28,4,3281.63,21.309285714285718,129,1707,0,0,2,2,1,0,3,0,1
12481.0,23,10,5579.82,25.8325,150,3294,0,0,2,2,1,0,3,0,1
12483.0,17,8,2484.98,33.133066666666664,46,1110,0,0,2,2,1,0,0,0,1
12484.0,33,6,4527.32,13.199183673469388,256,2187,0,0,2,2,1,0,3,0,1
12488.0,10,3,1298.66,23.612,46,529,0,1,0,0,1,0,3,0,1
12489.0,336,1,334.93,22.328666666666667,15,105,1,2,3,3,0,1,1,0,1
12490.0,5,10,5417.93,22.114,131,3064,0,0,2,2,1,0,3,0,1
12491.0,39,1,460.4,17.70769230769231,25,260,1,1,3,3,0,2,2,0,1
12492.0,63,2,263.21000000000004,13.160500000000004,19,192,1,2,3,3,0,2,2,0,1
12493.0,166,2,433.74,19.715454545454545,20,207,1,2,3,3,0,1,1,0,1
12494.0,16,7,1246.1,16.183116883116885,63,707,0,0,0,0,1,0,3,0,1
12497.0,82,1,1043.1,74.50714285714285,14,1236,1,1,1,1,1,0,0,0,1
12498.0,21,3,403.7000000000001,17.55217391304348,21,159,1,1,0,0,0,2,2,0,1
12500.0,23,11,4257.82,69.80032786885245,34,2678,0,0,2,2,1,0,0,-1,1
12501.0,337,1,2169.39,14.5596644295302,149,1783,0,1,0,0,1,0,3,-1,1
12502.0,96,5,3723.87,25.332448979591835,102,820,0,0,0,0,1,0,3,0,1
12504.0,18,2,482.05,53.5611111111111,6,90,1,2,1,1,0,1,1,-1,1
12506.0,233,1,73.5,3.1956521739130435,23,23,1,2,3,3,0,1,1,0,1
12507.0,134,3,1304.81,62.13380952380952,19,894,1,1,1,1,0,2,2,0,1
12508.0,26,2,397.88,5.851176470588236,57,271,1,1,0,0,0,2,2,0,1
12509.0,284,1,176.5,25.214285714285715,7,55,1,2,3,3,0,1,1,0,1
12510.0,143,2,982.57,29.774848484848484,29,353,1,1,0,0,0,2,2,0,1
12512.0,66,2,132.18,4.263870967741935,31,96,1,1,3,3,0,1,1,0,1
12513.0,113,1,612.29,17.494,35,462,1,1,0,0,0,2,2,0,1
12514.0,267,1,1017.68,19.954509803921567,51,440,1,1,0,0,0,2,2,0,1
12515.0,353,1,383.7,23.98125,16,131,1,2,3,3,0,1,1,0,1
12516.0,78,2,1312.06,50.46384615384615,20,875,1,1,1,1,0,2,2,0,1
12517.0,28,5,2481.6,8.894623655913978,232,1361,0,0,2,2,1,0,3,0,1
12518.0,1,5,2056.89,16.58782258064516,84,1318,0,0,2,2,1,0,3,0,1
12519.0,64,1,330.84,19.461176470588235,17,175,1,2,3,3,0,1,1,0,1
12520.0,79,5,2634.26,17.330657894736845,121,1439,0,0,0,0,1,0,3,0,1
12521.0,143,1,599.68,15.781052631578946,38,309,1,1,3,3,0,2,2,0,1
12522.0,39,2,192.72,16.06,11,194,1,2,3,3,0,2,2,0,1
12523.0,19,11,1789.77,16.884622641509434,84,865,0,0,2,2,1,0,3,0,1
12524.0,9,8,4485.72,31.15083333333333,113,3699,0,0,2,2,1,0,3,0,1
12526.0,1,3,1316.66,18.54450704225352,64,632,0,0,0,0,1,0,3,0,1
12527.0,82,3,348.71000000000004,19.37277777777778,18,234,1,2,3,3,0,2,2,0,1
12528.0,9,6,1933.48,21.01608695652174,50,756,0,0,2,2,1,0,3,0,1
12530.0,60,4,1662.28,25.186060606060607,51,913,0,1,0,0,1,0,3,0,1
12531.0,15,1,125.22,7.365882352941177,17,45,1,2,3,3,0,1,1,0,1
12532.0,30,1,349.83000000000004,21.864375000000003,16,153,1,2,3,3,0,2,2,0,1
12534.0,131,1,1089.18,17.28857142857143,63,651,1,1,0,0,0,2,2,0,1
12535.0,92,2,716.35,21.069117647058825,28,219,1,1,0,0,0,2,2,0,1
12536.0,43,3,12601.830000000002,48.2828735632184,260,2803,0,0,2,2,1,0,0,-1,1
12538.0,29,1,363.95,17.33095238095238,21,191,1,1,3,3,0,2,2,0,1
12539.0,22,4,5568.35,20.396886446886448,157,2067,0,0,2,2,1,0,3,0,1
12540.0,20,17,13400.24,28.03397489539749,277,6685,0,0,2,2,1,0,3,0,1
12541.0,30,3,981.18,18.868846153846157,46,680,0,1,0,0,1,0,3,0,1
12544.0,36,1,372.7,19.61578947368421,19,136,1,2,3,3,0,2,2,0,1
12545.0,75,2,1000.39,20.0078,42,523,1,1,0,0,0,2,2,0,1
12546.0,47,2,1161.5,16.833333333333332,59,633,0,1,0,0,0,2,2,0,1
12547.0,198,2,207.8,25.975,7,134,1,2,3,3,0,1,1,0,1
12548.0,166,1,95.2,19.04,5,49,1,2,3,3,0,1,1,0,1
12550.0,79,1,964.83,16.92684210526316,57,569,1,1,0,0,0,2,2,0,1
12551.0,358,1,168.0,16.8,10,100,1,2,3,3,0,1,1,0,1
12552.0,39,2,437.82,21.891,20,88,1,2,3,3,0,2,2,0,1
12553.0,8,10,3692.28,19.33130890052356,95,1965,0,0,2,2,1,0,3,0,1
12556.0,50,2,599.56,5.038319327731092,100,355,1,1,0,0,0,2,2,0,1
12557.0,16,5,11990.96,363.36242424242425,15,4384,0,0,1,1,1,0,0,-1,-1
12558.0,8,1,269.96,24.54181818181818,11,196,1,2,3,3,0,1,1,0,1
12559.0,311,2,561.71,26.74809523809524,21,283,1,2,3,3,0,2,2,0,1
12560.0,5,3,2134.01,20.323904761904764,91,1110,0,0,2,2,1,0,3,0,1
12561.0,303,1,238.85,14.928125,16,177,1,2,3,3,0,1,1,0,1
12562.0,8,7,3781.74,22.510357142857146,99,1779,0,0,2,2,1,0,3,0,1
12564.0,261,1,456.9,21.757142857142856,21,133,1,2,3,3,0,1,1,0,1
12565.0,289,1,145.92,16.21333333333333,9,80,1,2,3,3,0,1,1,0,1
12566.0,86,1,351.65,18.507894736842104,19,265,1,2,3,3,0,2,2,0,1
12567.0,23,10,9401.28,21.07910313901345,323,4305,0,0,2,2,1,0,3,0,1
12569.0,2,32,4124.69,21.939840425531912,92,1801,0,0,2,2,1,0,0,0,1
12571.0,40,2,519.61,15.28264705882353,31,523,1,1,0,0,0,2,2,0,1
12572.0,9,2,1020.42,17.006999999999998,53,452,0,1,0,0,1,0,3,0,1
12573.0,227,1,160.54000000000002,5.733571428571429,26,84,1,2,3,3,0,1,1,0,1
12574.0,316,1,218.45,19.85909090909091,11,61,1,2,3,3,0,1,1,0,1
12576.0,36,5,1315.83,14.952613636363637,72,967,0,1,0,0,1,0,3,0,1
12577.0,35,3,626.6,4.291780821917809,137,469,0,1,0,0,0,2,2,0,1
12578.0,21,2,2794.51,24.51324561403509,111,1196,0,0,0,0,1,0,3,0,1
12579.0,78,1,440.42,15.18689655172414,29,285,1,1,3,3,0,2,2,0,1
12580.0,247,1,415.7,17.320833333333333,24,238,1,2,3,3,0,1,1,0,1
12581.0,40,1,197.71,13.180666666666667,15,161,1,2,3,3,0,1,1,0,1
12582.0,239,2,511.36,23.24363636363637,21,300,1,2,3,3,0,2,2,0,1
12583.0,3,15,7281.38,29.47927125506073,115,5060,0,0,2,2,1,0,0,0,1
12584.0,4,9,2338.15,24.355729166666663,44,416,0,0,2,2,1,0,3,-1,1
12585.0,234,2,2040.1,23.44942528735632,77,1279,0,1,0,0,1,0,3,0,1
12586.0,17,1,196.94000000000003,17.903636363636366,11,79,1,2,3,3,0,1,1,0,1
12587.0,8,1,144.0,36.0,4,51,1,2,3,3,0,1,1,-1,1
12588.0,39,1,214.9,21.49,10,53,1,2,3,3,0,1,1,0,1
12589.0,29,2,646.68,18.47657142857143,29,306,1,1,0,0,0,2,2,0,1
12590.0,211,2,9864.26,145.06264705882353,68,4283,0,0,1,1,1,0,0,-1,-1
12591.0,317,1,452.85,17.41730769230769,26,228,1,2,3,3,0,1,1,0,1
12592.0,92,2,437.6,24.311111111111117,11,290,1,2,3,3,0,2,2,0,1
12593.0,109,3,418.1,19.909523809523808,14,206,1,2,3,3,0,2,2,0,1
12594.0,38,10,3338.2200000000003,28.290000000000003,50,1777,0,0,2,2,1,0,0,0,1
12596.0,51,2,618.27,22.898888888888887,25,474,1,1,0,0,0,2,2,0,1
12597.0,19,4,3811.22,18.50106796116505,184,2236,0,0,2,2,1,0,3,0,1
12598.0,10,8,3023.08,22.90212121212121,84,1964,0,0,2,2,1,0,3,0,1
12599.0,29,7,1032.58,16.654516129032256,32,956,0,1,0,0,1,0,3,0,1
12600.0,29,10,2599.04,40.61,32,774,0,0,2,2,1,0,0,0,1
12601.0,190,5,577.0600000000001,20.609285714285715,21,245,1,1,0,0,0,1,1,0,1
12602.0,59,1,153.12,12.76,12,162,1,2,3,3,0,1,1,0,1
12603.0,22,1,739.1999999999999,369.6,2,63,1,2,1,1,0,1,1,-1,1
12604.0,79,2,254.18,15.88625,15,201,1,2,3,3,0,2,2,0,1
12607.0,60,1,1579.51,15.63871287128713,101,1228,0,1,0,0,1,0,3,0,1
12609.0,78,3,1126.85,18.78083333333333,57,648,0,1,0,0,1,0,3,0,1
12610.0,23,5,2099.54,19.80698113207547,85,1049,0,0,0,0,1,0,3,0,1
12611.0,52,1,1193.32,18.35876923076923,65,846,1,1,0,0,0,2,2,0,1
12612.0,74,1,704.0400000000001,37.054736842105264,19,262,1,2,3,3,0,2,2,0,1
12613.0,57,5,3344.38,21.85869281045752,124,1644,0,0,2,2,1,0,3,0,1
12614.0,278,1,315.6,15.78,20,76,1,2,3,3,0,1,1,0,1
12615.0,2,4,2291.19,21.820857142857143,82,1376,0,0,2,2,1,0,3,0,1
12616.0,95,2,713.3,22.290625,25,284,1,1,0,0,0,2,2,0,1
12617.0,29,1,352.98,8.609268292682927,39,210,1,1,0,0,0,2,2,0,1
12618.0,22,1,177.31,16.11909090909091,11,96,1,2,3,3,0,1,1,0,1
12619.0,16,9,3641.24,40.45822222222222,50,3378,0,0,2,2,1,0,0,0,1
12620.0,15,3,1339.41,14.558804347826088,89,1181,0,1,0,0,1,0,3,0,1
12621.0,2,20,13689.67,29.31406852248394,261,7440,0,0,2,2,1,0,0,0,-1
12622.0,232,1,180.1,16.37272727272727,11,69,1,2,3,3,0,1,1,0,1
12623.0,276,1,305.1,16.950000000000003,18,191,1,2,3,3,0,1,1,0,1
12624.0,106,2,641.13,16.87184210526316,36,355,1,1,0,0,0,2,2,0,1
12625.0,212,2,2683.82,31.207209302325584,73,1612,0,1,0,0,1,0,3,0,1
12626.0,23,9,6620.48,22.51863945578231,232,3453,0,0,2,2,1,0,3,0,1
12627.0,11,7,4478.53,19.47186956521739,162,2752,0,0,2,2,1,0,3,0,1
12628.0,4,3,786.46,19.1819512195122,34,448,0,1,0,0,1,0,3,0,1
12630.0,10,2,1270.88,19.8575,60,548,0,1,0,0,1,0,3,0,1
12631.0,57,1,640.5,20.661290322580644,31,236,1,1,0,0,0,2,2,0,1
12633.0,59,4,2163.98,21.425544554455445,73,1162,0,1,0,0,1,0,3,0,1
12635.0,90,2,1689.18,16.724554455445546,96,1172,0,1,0,0,1,0,3,0,1
12637.0,67,8,6002.9,15.714397905759162,205,2994,0,0,2,2,1,0,3,0,1
12638.0,33,1,671.69,17.222820512820515,39,577,1,1,0,0,0,2,2,0,1
12639.0,239,1,486.1,22.095454545454547,22,201,1,2,3,3,0,1,1,0,1
12640.0,24,3,1174.58,22.16188679245283,47,311,0,1,0,0,1,0,3,0,1
12641.0,115,1,185.9,18.59,10,72,1,2,3,3,0,1,1,0,1
12642.0,25,3,1013.26,21.55872340425532,39,552,0,1,0,0,0,2,2,0,1
12643.0,128,6,3344.64,139.36,11,1808,0,0,1,1,1,0,0,-1,1
12644.0,130,1,477.91,15.416451612903227,31,325,1,1,3,3,0,2,2,0,1
12645.0,34,4,1775.18,24.31753424657534,58,1084,0,1,0,0,1,0,3,0,1
12646.0,5,2,1346.97,29.932666666666663,43,897,0,1,0,0,1,0,0,0,1
12647.0,22,12,3722.82,30.76710743801653,78,1431,0,0,2,2,1,0,0,0,1
12648.0,155,1,318.05,15.145238095238096,21,160,1,2,3,3,0,1,1,0,1
12649.0,107,3,623.51,20.113225806451613,28,586,1,1,0,0,1,0,3,0,1
12650.0,3,1,314.44,15.722,20,254,1,1,0,0,0,1,1,0,1
12651.0,335,1,114.0,12.666666666666666,9,78,1,2,3,3,0,1,1,0,1
12652.0,331,1,919.98,19.16625,48,505,1,1,0,0,0,2,2,0,1
12653.0,149,2,2209.85,51.391860465116274,37,919,1,1,0,0,1,0,0,0,1
12654.0,11,5,601.98,15.841578947368422,31,264,0,1,0,0,1,0,3,0,1
12656.0,17,5,4051.17,32.152142857142856,89,1723,0,0,2,2,1,0,3,0,1
12657.0,11,4,1643.18,34.961276595744685,35,1044,0,0,0,0,1,0,0,0,1
12658.0,19,1,686.05,19.056944444444444,36,320,1,1,0,0,0,2,2,0,1
12659.0,30,1,91.68,18.336,5,105,1,2,3,3,0,1,1,0,1
12660.0,11,1,245.1,18.853846153846156,13,127,1,2,3,3,0,1,1,0,1
12662.0,1,11,3849.78,16.73817391304348,129,2058,0,0,2,2,1,0,3,0,1
12664.0,8,9,4881.88,131.94270270270272,10,1203,0,0,1,1,1,0,0,-1,1
12665.0,325,1,63.0,21.0,3,37,1,2,3,3,0,1,1,0,1
12667.0,58,1,620.13,18.791818181818183,33,395,1,1,0,0,0,2,2,0,1
12668.0,12,4,3807.15,23.64689440993789,115,1634,0,0,2,2,1,0,3,0,1
12669.0,151,3,2744.03,27.16861386138613,98,1115,0,1,0,0,1,0,3,0,1
12670.0,10,5,2996.05,32.56576086956522,58,1397,0,0,2,2,1,0,0,0,1
12672.0,330,1,225.9,22.59,10,78,1,2,3,3,0,1,1,0,1
12673.0,5,2,610.52,14.536190476190477,42,351,0,1,0,0,1,0,3,0,1
12674.0,39,4,1970.6,23.742168674698792,52,1133,0,1,0,0,1,0,3,0,1
12676.0,25,6,1331.39,29.58644444444445,33,670,0,1,0,0,1,0,3,0,1
12678.0,42,12,17628.46,106.83915151515151,105,10923,0,0,2,2,1,0,0,-1,-1
12679.0,59,4,1113.02,23.187916666666663,43,554,0,1,0,0,1,0,3,0,1
12680.0,1,4,862.81,16.592499999999998,33,443,0,1,0,0,1,0,3,0,1
12681.0,15,22,13787.54,21.610564263322885,267,7536,0,0,2,2,1,0,3,0,1
12682.0,4,31,12279.82,23.434770992366413,209,5555,0,0,2,2,1,0,0,0,-1
12683.0,4,15,8476.57,24.64119186046512,177,4987,0,0,2,2,1,0,0,0,1
12684.0,8,7,2283.63,21.748857142857144,61,1985,0,0,2,2,1,0,3,0,1
12685.0,28,6,2863.08,18.23617834394904,117,1523,0,0,2,2,1,0,3,0,1
12686.0,372,1,89.14,12.734285714285717,7,107,1,2,3,3,0,1,1,0,1
12688.0,114,1,4873.81,28.501812865497072,171,3028,0,1,0,0,1,0,3,-1,1
12689.0,26,2,1247.61,17.327916666666667,57,628,0,1,0,0,1,0,3,0,1
12690.0,206,1,389.01,24.313125,16,106,1,2,3,3,0,1,1,0,1
12691.0,28,6,1035.8,32.36875,21,394,0,1,0,0,1,0,0,0,1
12693.0,127,4,855.91,21.946410256410257,35,255,1,1,0,0,0,2,2,0,1
12694.0,70,2,869.67,23.504594594594597,32,509,1,1,0,0,0,2,2,0,1
12695.0,7,4,582.1,21.55925925925926,23,220,1,1,0,0,0,2,2,0,1
12697.0,29,3,957.59,23.355853658536585,37,508,0,1,0,0,0,2,2,0,1
12700.0,8,4,4939.99,18.432798507462685,193,2967,0,0,2,2,1,0,3,0,1
12701.0,80,2,797.71,15.0511320754717,50,678,1,1,0,0,0,2,2,0,1
12702.0,20,1,219.0,18.25,12,53,1,2,3,3,0,1,1,0,1
12703.0,71,1,283.55,13.502380952380951,21,164,1,2,3,3,0,2,2,0,1
12704.0,7,8,2340.84,26.600454545454543,64,1006,0,0,2,2,1,0,3,0,1
12705.0,15,9,6868.29,20.56374251497006,228,3997,0,0,2,2,1,0,3,0,1
12707.0,292,1,603.42,18.285454545454545,33,256,1,2,3,3,0,1,1,0,1
12708.0,30,10,2712.91,17.27968152866242,86,1307,0,0,2,2,1,0,3,0,1
12709.0,15,15,9706.52,46.891400966183575,93,3912,0,0,2,2,1,0,0,-1,1
12710.0,97,3,1149.02,14.922337662337664,75,851,0,1,0,0,1,0,3,0,1
12712.0,29,13,4396.13,33.053609022556394,58,1062,0,0,2,2,1,0,0,0,1
12713.0,1,1,848.55,22.33026315789473,38,508,0,1,0,0,1,0,3,0,1
12714.0,9,5,4708.86,18.18092664092664,216,3069,0,0,2,2,1,0,3,0,1
12715.0,106,1,343.36,17.168,20,192,1,2,3,3,0,2,2,0,1
12716.0,4,2,1053.49,15.267971014492751,60,708,0,1,0,0,1,0,3,0,1
12717.0,151,2,1030.98,18.74509090909091,49,506,1,1,0,0,0,2,2,0,1
12718.0,71,1,238.25,12.539473684210526,19,203,1,2,3,3,0,1,1,0,1
12719.0,5,2,644.95,16.53717948717949,34,374,0,1,0,0,1,0,3,0,1
12720.0,3,25,5781.73,16.332570621468925,211,4672,0,0,2,2,1,0,3,0,1
12721.0,32,6,2656.13,16.497701863354038,133,1959,0,0,2,2,1,0,3,0,1
12722.0,85,4,997.63,18.82320754716981,50,566,0,1,0,0,1,0,3,0,1
12723.0,4,5,725.07,10.508260869565218,53,434,0,1,0,0,1,0,3,0,1
12724.0,5,4,1031.41,19.46056603773585,47,445,0,1,0,0,1,0,3,0,1
12725.0,371,1,427.8,17.825,24,164,1,2,3,3,0,1,1,0,1
12726.0,28,7,2609.1,21.041129032258063,57,3143,0,0,2,2,1,0,0,0,1
12727.0,11,7,3980.7,28.638129496402875,109,2098,0,0,2,2,1,0,3,0,1
12728.0,71,4,836.33,18.18108695652174,38,419,1,1,0,0,1,0,3,0,1
12729.0,114,1,453.01,17.423461538461538,26,233,1,2,3,3,0,2,2,0,1
12731.0,24,12,18895.91,68.96317518248175,109,8437,0,0,2,2,1,0,0,-1,-1
12732.0,180,1,236.26,19.688333333333336,12,111,1,2,3,3,0,1,1,0,1
12733.0,234,1,383.95,17.452272727272728,22,137,1,2,3,3,0,1,1,0,1
12734.0,353,1,110.4,27.6,4,88,1,2,3,3,0,1,1,0,1
12735.0,315,2,779.5699999999999,18.12953488372093,38,368,1,1,0,0,0,2,2,0,1
12736.0,333,1,234.0,58.5,4,173,1,2,3,3,0,1,1,0,1
12738.0,372,1,155.35,14.122727272727271,11,148,1,2,3,3,0,1,1,0,1
12739.0,78,2,1013.04,26.658947368421053,38,486,1,1,0,0,0,2,2,0,1
12740.0,64,1,427.6,15.837037037037035,27,342,1,1,3,3,0,2,2,0,1
12743.0,134,2,540.13,4.123129770992366,114,315,1,1,0,0,0,2,2,0,1
12744.0,52,7,21279.29,95.85265765765766,178,5241,0,0,2,2,1,0,0,-1,-1
12747.0,2,11,4196.01,40.73796116504855,42,1275,0,0,2,2,1,0,3,-1,1
12748.0,1,209,33053.19,7.491656844968269,1768,25287,0,0,2,2,1,0,0,-1,-1
12749.0,4,5,4090.88,20.55718592964824,160,1471,0,0,2,2,1,0,3,0,1
12750.0,129,1,275.88,18.392,15,137,1,2,3,3,0,1,1,0,1
12752.0,81,1,4366.78,82.3920754716981,53,2262,0,1,1,1,1,0,0,-1,1
12753.0,23,6,21429.39,108.77862944162436,132,11421,0,0,2,2,1,0,0,-1,-1
12754.0,236,3,3010.74,47.78952380952381,49,6481,0,0,0,0,1,0,0,-1,1
12755.0,281,2,3811.95,952.9875,4,1491,1,2,1,1,1,0,0,-1,-1
12756.0,87,1,112.07999999999998,28.02,4,144,1,2,3,3,0,1,1,0,1
12757.0,16,13,7834.650000000001,21.52376373626374,237,2395,0,0,2,2,1,0,3,0,1
12758.0,117,2,2791.59,28.779278350515465,84,2135,0,1,0,0,1,0,3,0,1
12759.0,52,3,1531.44,16.12042105263158,81,902,0,1,0,0,1,0,3,0,1
12762.0,8,2,1898.52,27.51478260869565,62,1227,0,1,0,0,1,0,3,0,1
12763.0,138,2,494.08,27.448888888888888,16,316,1,2,3,3,0,2,2,0,1
12764.0,317,1,1693.88,37.64177777777778,45,386,1,1,0,0,0,2,2,0,1
12766.0,4,7,6989.63,22.547193548387096,205,3646,0,0,2,2,1,0,3,0,1
12769.0,239,1,1143.6,35.7375,32,356,1,1,3,3,0,2,2,0,1
12770.0,211,1,1351.45,112.62083333333334,12,743,1,2,1,1,1,0,0,-1,1
12772.0,60,1,892.47,16.226727272727274,55,556,1,1,0,0,0,2,2,0,1
12775.0,17,5,1386.04,21.00060606060606,47,877,0,0,0,0,1,0,3,0,1
12778.0,20,6,822.23,16.4446,40,825,0,1,0,0,1,0,3,0,1
12779.0,38,8,3981.36,26.72053691275168,88,2024,0,0,2,2,1,0,0,0,1
12781.0,64,2,826.74,33.0696,25,671,1,1,0,0,0,2,2,0,1
12782.0,5,5,2330.92,22.630291262135923,81,1086,0,0,2,2,1,0,3,0,1
12783.0,2,6,2225.91,26.49892857142857,76,624,0,0,2,2,1,0,3,0,1
12784.0,9,2,532.8199999999999,9.347719298245613,54,280,1,1,0,0,0,2,2,0,1
12785.0,364,1,311.95,22.28214285714285,14,131,1,2,3,3,0,1,1,0,1
12787.0,10,3,463.66,23.183,17,261,1,1,0,0,0,2,2,0,1
12789.0,65,1,91.85,22.9625,4,4,1,2,3,3,0,1,1,-1,1
12790.0,192,1,324.92,15.472380952380954,21,166,1,2,3,3,0,1,1,0,1
12791.0,374,1,192.6,96.3,2,97,1,2,1,1,0,1,1,0,1
12792.0,257,1,400.54,16.0216,25,217,1,2,3,3,0,1,1,0,1
12793.0,335,2,545.48,22.72833333333333,21,295,1,2,3,3,0,2,2,0,1
12794.0,53,2,860.41,19.12022222222222,43,592,1,1,0,0,0,2,2,0,1
12795.0,19,1,430.48,30.74857142857143,14,68,1,2,3,3,0,1,1,-1,1
12797.0,366,1,254.03,19.540769230769232,13,118,1,2,3,3,0,1,1,0,1
12798.0,10,3,6977.04,872.13,6,5256,0,0,1,1,1,0,0,-1,-1
12802.0,187,1,427.58,17.1032,25,314,1,2,3,3,0,1,1,0,1
12808.0,37,3,483.65,17.273214285714285,27,188,1,1,0,0,0,2,2,0,1
12809.0,178,1,489.31,19.5724,25,220,1,2,3,3,0,1,1,0,1
12811.0,261,3,514.85,16.608064516129033,27,230,1,1,3,3,0,1,1,0,1
12812.0,45,1,229.64,15.309333333333337,15,164,1,2,3,3,0,1,1,0,1
12814.0,102,1,125.92,62.96,2,49,1,2,3,3,0,1,1,1,1
12815.0,148,2,1063.46,22.6268085106383,38,379,1,1,0,0,0,2,2,0,1
12816.0,96,2,572.2,19.731034482758623,27,128,1,1,3,3,0,2,2,0,1
12817.0,281,1,166.04,41.51,4,53,1,2,3,3,0,1,1,0,1
12818.0,262,1,1542.08,110.14857142857144,14,929,1,2,1,1,1,0,0,-1,1
12820.0,3,4,942.34,15.97186440677966,55,722,0,0,0,0,1,0,3,0,1
12821.0,214,1,92.72,15.453333333333331,6,70,1,2,3,3,0,1,1,0,1
12822.0,71,2,948.88,20.62782608695652,41,550,1,1,0,0,0,2,2,0,1
12823.0,75,5,1759.5,351.9,1,230,1,2,1,1,1,0,0,-1,-1
12824.0,60,1,397.12,15.8848,25,232,1,1,3,3,0,2,2,0,1
12826.0,3,7,1474.72,16.205714285714286,58,1058,0,0,2,2,1,0,3,0,1
12827.0,6,3,430.15,17.206000000000003,19,197,1,1,0,0,0,2,2,0,1
12828.0,3,6,1018.71,18.19125,46,494,0,0,0,0,1,0,3,0,1
12829.0,337,2,293.0,26.63636363636364,9,376,1,2,3,3,0,1,1,0,1
12830.0,38,6,6814.64,179.33263157894737,13,9848,0,0,1,1,1,0,0,-1,-1
12831.0,262,1,215.05,23.89444444444445,9,135,1,2,3,3,0,1,1,0,1
12832.0,32,2,383.03,14.186296296296296,27,195,1,1,0,0,0,2,2,0,1
12833.0,145,1,417.38,17.390833333333333,24,156,1,2,3,3,0,1,1,0,1
12834.0,283,1,312.38,17.354444444444443,18,110,1,2,3,3,0,1,1,0,1
12836.0,59,4,2610.36,15.002068965517244,148,1062,0,0,0,0,1,0,3,0,1
12837.0,173,1,134.1,11.175,12,24,1,2,3,3,0,1,1,0,1
12838.0,34,2,671.95,5.599583333333333,115,355,1,1,0,0,0,2,2,0,1
12839.0,3,14,5591.42,17.80707006369427,95,3807,0,0,2,2,1,0,3,0,1
12840.0,144,4,2726.77,24.13070796460177,67,1511,0,1,0,0,1,0,3,0,1
12841.0,5,25,3991.58,9.641497584541062,229,2720,0,0,2,2,1,0,3,0,1
12842.0,70,2,1118.99,32.9114705882353,34,547,1,1,0,0,0,2,2,0,1
12843.0,66,8,1702.26,16.526796116504855,69,781,0,0,0,0,1,0,3,0,1
12844.0,29,2,325.96000000000004,6.268461538461539,47,125,1,1,0,0,0,2,2,0,1
12845.0,267,4,354.09,13.114444444444445,26,204,1,1,3,3,0,1,1,0,1
12847.0,22,1,843.64,10.043333333333331,72,873,0,1,0,0,0,2,2,0,1
12849.0,31,2,1010.29,21.047708333333333,47,597,0,1,0,0,1,0,3,0,1
12851.0,97,1,131.81,2.8044680851063832,43,106,1,1,3,3,0,1,1,0,1
12852.0,295,1,311.55,18.326470588235296,17,149,1,2,3,3,0,1,1,0,1
12853.0,135,6,1957.1,25.09102564102564,66,800,0,1,0,0,1,0,3,0,1
12854.0,79,3,1316.25,12.075688073394495,95,626,0,1,0,0,1,0,3,0,1
12855.0,373,1,38.1,12.7,3,30,1,2,3,3,0,1,1,0,1
12856.0,8,6,2170.78,6.98,155,1076,0,0,2,2,1,0,3,0,1
12857.0,211,2,1106.4,24.05217391304348,37,343,1,1,0,0,0,2,2,0,1
12863.0,52,1,521.2,104.24,5,188,1,2,1,1,0,1,1,0,1
12864.0,138,1,147.12,49.04,3,216,1,2,3,3,0,1,1,0,1
12865.0,26,2,1568.23,16.507684210526318,86,925,0,1,0,0,1,0,3,0,1
12866.0,283,1,559.12,21.504615384615384,26,171,1,2,3,3,0,1,1,0,1
12867.0,26,7,4009.34,7.50812734082397,240,4284,0,0,2,2,1,0,3,0,1
12868.0,186,6,1607.0600000000002,15.0192523364486,72,928,0,1,0,0,1,0,3,0,1
12871.0,84,2,380.64,34.60363636363636,8,200,1,2,3,3,0,1,1,0,1
12872.0,327,2,599.97,9.090454545454548,58,319,1,1,0,0,0,2,2,0,1
12873.0,282,1,374.0,93.5,4,128,1,2,1,1,0,1,1,-1,1
12875.0,143,2,343.2300000000001,171.61500000000004,1,2019,1,2,1,1,1,0,0,-1,-1
12876.0,58,2,2218.02,26.09435294117647,67,1941,0,1,0,0,1,0,3,0,1
12877.0,4,12,1535.77,9.972532467532467,100,1178,0,0,2,2,1,0,3,0,1
12878.0,236,2,854.99,18.19127659574468,38,547,1,1,0,0,0,2,2,0,1
12879.0,45,3,573.22,57.322,7,370,1,2,1,1,0,1,1,0,1
12881.0,276,1,298.0,42.57142857142857,7,21,1,2,3,3,0,1,1,0,1
12882.0,9,2,1463.04,112.54153846153848,12,246,1,1,1,1,1,0,0,-1,1
12883.0,25,4,703.47,16.749285714285715,39,196,1,1,0,0,0,2,2,0,1
12884.0,88,1,309.05,44.15,7,43,1,2,3,3,0,1,1,0,1
12885.0,63,3,1175.22,16.552394366197184,66,655,0,1,0,0,1,0,3,0,1
12886.0,68,2,1378.4,16.809756097560978,75,770,0,1,0,0,0,2,2,0,1
12888.0,214,2,354.12,70.824,4,76,1,2,1,1,0,1,1,0,1
12890.0,24,1,376.72,4.768607594936708,78,256,1,1,0,0,0,2,2,0,1
12891.0,186,3,331.0,110.33333333333331,2,950,1,2,1,1,1,0,0,-1,1
12893.0,31,1,176.55,5.695161290322581,27,90,1,1,3,3,0,1,1,0,1
12895.0,42,2,372.8,16.945454545454545,22,210,1,1,3,3,0,2,2,0,1
12897.0,205,2,216.5,54.125,3,110,1,2,3,3,0,1,1,0,1
12901.0,9,28,17654.54,152.19431034482758,30,23075,0,0,2,2,1,0,0,-1,-1
12902.0,265,1,138.68,13.868,10,66,1,2,3,3,0,1,1,0,1
12904.0,18,2,496.06,6.986760563380281,59,294,1,1,0,0,0,2,2,0,1
12906.0,12,5,2919.81,46.34619047619047,55,1749,0,0,2,2,1,0,0,0,1
12908.0,176,2,750.0,375.0,1,1200,1,2,1,1,0,1,1,-1,-1
12909.0,40,5,2178.67,23.94142857142857,78,1280,0,0,0,0,1,0,3,0,1
12910.0,23,8,3075.04,41.00053333333333,48,1692,0,0,2,2,1,0,0,0,1
12912.0,3,5,1662.3,69.2625,17,670,0,0,1,1,1,0,0,-1,1
12913.0,5,5,2483.63,49.6726,37,1419,0,0,2,2,1,0,0,0,1
12915.0,149,2,363.65,16.529545454545453,19,93,1,2,3,3,0,1,1,0,1
12916.0,139,4,2944.95,28.59174757281553,53,1083,0,1,0,0,1,0,3,0,1
12917.0,128,1,594.0,297.0,2,120,1,2,1,1,0,1,1,-1,1
12919.0,8,6,1335.19,26.7038,34,673,0,0,0,0,1,0,0,0,1
12920.0,17,1,162.78,6.028888888888889,27,128,1,1,3,3,0,2,2,0,1
12921.0,9,37,16587.09,23.037625,233,9526,0,0,2,2,1,0,0,-1,-1
12922.0,161,1,405.38,14.477857142857143,28,370,1,1,3,3,0,1,1,0,1
12923.0,64,1,172.82,6.172142857142857,28,68,1,2,3,3,0,1,1,0,1
12924.0,88,4,933.7,31.12333333333333,22,481,1,1,0,0,0,2,2,0,1
12925.0,5,2,694.05,15.423333333333332,42,541,0,1,0,0,1,0,3,0,1
12928.0,35,5,2062.7000000000003,24.555952380952384,59,1472,0,0,0,0,1,0,3,0,1
12929.0,312,1,117.85,14.73125,8,37,1,2,3,3,0,1,1,0,1
12930.0,78,2,415.8,16.632,20,252,1,1,3,3,0,2,2,0,1
12931.0,22,15,42055.96,512.8775609756098,28,28004,0,0,2,2,1,0,0,-1,-1
12933.0,24,3,607.53,5.731415094339623,102,499,0,1,0,0,0,2,2,0,1
12935.0,2,7,2160.7,16.749612403100773,80,1853,0,0,2,2,1,0,3,0,1
12936.0,17,4,1063.9,17.15967741935484,56,559,0,1,0,0,1,0,3,0,1
12937.0,15,4,1504.27,12.535583333333332,81,1007,0,1,0,0,1,0,3,0,1
12938.0,26,1,114.14,12.682222222222222,9,140,1,2,3,3,0,1,1,0,1
12939.0,64,8,11581.8,246.42127659574467,21,4876,0,0,1,1,1,0,0,-1,-1
12940.0,55,2,899.69,9.371770833333334,87,404,1,1,0,0,0,2,2,0,1
12942.0,131,3,675.6,9.651428571428571,68,198,1,1,0,0,0,2,2,0,1
12944.0,36,2,604.51,20.15033333333333,29,289,1,1,0,0,0,2,2,0,1
12945.0,288,1,462.95,20.128260869565217,23,165,1,2,3,3,0,1,1,0,1
12947.0,144,6,1603.99,16.535979381443298,83,1165,0,1,0,0,1,0,3,0,1
12948.0,16,7,2064.95,17.801293103448273,82,1080,0,0,2,2,1,0,3,0,1
12949.0,31,8,4167.22,19.382418604651164,166,2381,0,0,2,2,1,0,3,0,1
12950.0,2,3,1843.0,80.1304347826087,13,1380,0,0,1,1,1,0,0,-1,1
12951.0,9,6,1064.07,16.89,53,503,0,0,0,0,1,0,3,0,1
12952.0,6,4,1387.79,17.566962025316457,64,653,0,0,0,0,1,0,3,0,1
12953.0,10,1,329.85,19.40294117647059,17,84,1,2,3,3,0,1,1,0,1
12955.0,1,11,4757.16,26.428666666666665,81,3664,0,0,2,2,1,0,3,0,1
12956.0,306,1,108.07,5.687894736842105,19,34,1,2,3,3,0,1,1,0,1
12957.0,10,8,4017.54,16.880420168067225,208,2549,0,0,2,2,1,0,3,0,1
12962.0,7,2,266.39,16.649375,15,129,1,1,3,3,0,2,2,0,1
12963.0,8,8,1856.63,19.54347368421053,75,881,0,0,2,2,1,0,3,0,1
12965.0,89,1,769.8100000000001,7.1278703703703705,108,282,1,1,0,0,0,2,2,0,1
12966.0,10,1,160.18,16.018,10,75,1,2,3,3,0,1,1,0,1
12967.0,358,2,1660.9,87.41578947368421,19,438,1,2,1,1,1,0,0,-1,1
12968.0,112,1,135.95,27.19,5,73,1,2,3,3,0,1,1,0,1
12970.0,7,4,405.47,3.1431782945736435,116,268,0,1,0,0,0,2,2,0,1
12971.0,4,86,11189.91,36.68822950819672,94,9289,0,0,2,2,1,0,0,-1,-1
12974.0,198,1,144.8,18.1,8,24,1,2,3,3,0,1,1,0,1
12976.0,212,1,738.6,33.57272727272727,22,561,1,2,3,3,0,2,2,0,1
12977.0,156,1,39.24,4.359999999999999,9,12,1,2,3,3,0,1,1,-1,1
12980.0,158,9,7374.900000000001,368.745,6,886,0,0,1,1,1,0,0,-1,-1
12981.0,30,2,372.22,18.611,12,242,1,2,3,3,0,2,2,0,1
12982.0,243,1,390.54,13.947857142857144,28,288,1,2,3,3,0,1,1,0,1
12984.0,19,1,97.5,24.375,4,26,1,2,3,3,0,1,1,0,1
12985.0,1,2,1239.38,16.30763157894737,73,1533,0,0,0,0,1,0,3,-1,1
12987.0,74,2,558.7,19.95357142857143,27,219,1,1,0,0,0,2,2,0,1
12988.0,292,1,505.82,6.094216867469879,75,126,1,1,3,3,0,1,1,0,1
12989.0,3,15,6924.110000000001,108.18921875,41,2943,0,0,2,2,1,0,0,-1,-1
12990.0,31,3,409.5,31.5,8,200,1,2,3,3,0,1,1,0,1
12991.0,23,2,503.76,16.25032258064516,31,405,1,1,0,0,0,2,2,0,1
12993.0,23,4,414.76,15.361481481481482,26,240,1,1,0,0,0,2,2,0,1
12994.0,4,3,974.42,15.97409836065574,52,459,0,1,0,0,1,0,3,0,1
12995.0,85,1,211.32,70.44,3,108,1,2,1,1,0,1,1,0,1
12997.0,22,4,1226.89,20.794745762711862,45,664,0,1,0,0,1,0,3,0,1
12999.0,196,3,455.88,16.28142857142857,25,342,1,1,3,3,0,1,1,0,1
13000.0,107,3,534.85,17.253225806451614,30,379,1,1,0,0,0,2,2,0,1
13001.0,4,13,9785.97,29.03848664688428,166,5490,0,0,2,2,1,0,0,0,1
13002.0,318,1,120.95,17.27857142857143,7,73,1,2,3,3,0,1,1,0,1
13003.0,106,3,149.05,24.84166666666667,4,103,1,2,3,3,0,1,1,-1,1
13004.0,12,18,5655.91,13.999777227722772,277,4822,0,0,2,2,1,0,3,0,1
13005.0,174,2,513.7,19.75769230769231,21,172,1,2,3,3,0,1,1,0,1
13006.0,56,1,81.57,20.3925,4,55,1,2,3,3,0,1,1,0,1
13008.0,323,1,229.47,16.390714285714285,14,175,1,2,3,3,0,1,1,0,1
13011.0,372,1,50.55,16.85,3,13,1,2,3,3,0,1,1,0,-1
13012.0,9,8,1646.84,18.71409090909091,67,820,0,0,2,2,1,0,3,0,1
13013.0,1,13,4810.9400000000005,21.967762557077627,155,2224,0,0,2,2,1,0,3,0,1
13014.0,11,10,3466.28,31.800733944954125,67,905,0,0,2,2,1,0,3,0,1
13015.0,53,5,3339.64,19.08365714285714,156,1609,0,0,2,2,1,0,3,0,1
13016.0,73,3,789.89,16.806170212765956,39,527,1,1,0,0,1,0,3,0,1
13017.0,7,1,204.0,204.0,1,48,1,2,1,1,0,1,1,-1,-1
13018.0,16,28,7277.7,15.890174672489085,313,5435,0,0,2,2,1,0,3,0,1
13021.0,4,9,2616.38,19.97236641221374,101,1352,0,0,2,2,1,0,3,0,1
13023.0,64,2,689.9,17.2475,36,286,1,1,0,0,0,2,2,0,1
13026.0,1,5,975.36,24.384,32,1620,0,0,2,2,1,0,3,-1,1
13027.0,114,6,6912.0,265.84615384615387,6,17280,0,0,1,1,1,0,0,-1,-1
13028.0,23,2,661.3199999999999,14.695999999999998,40,798,1,1,0,0,1,0,3,0,1
13029.0,31,3,1247.5,124.75,8,134,1,2,1,1,1,0,0,-1,1
13030.0,11,2,752.4399999999999,8.178695652173912,76,348,0,1,0,0,0,2,2,0,1
13032.0,52,2,1010.18,14.227887323943662,55,375,1,1,0,0,0,2,2,0,1
13033.0,357,1,190.55,17.322727272727274,11,83,1,2,3,3,0,1,1,0,1
13034.0,55,2,642.77,17.372162162162162,37,369,1,1,0,0,0,2,2,0,1
13035.0,74,2,921.88,34.1437037037037,23,644,1,1,0,0,0,2,2,0,1
13037.0,138,3,881.07,18.355625,44,431,1,1,0,0,1,0,3,0,1
13038.0,80,3,908.46,32.445,24,360,1,1,0,0,0,2,2,0,1
13040.0,9,2,676.99,15.743953488372092,38,355,1,1,0,0,0,2,2,0,1
13043.0,273,1,516.42,39.72461538461538,13,254,1,2,3,3,0,1,1,0,1
13044.0,291,1,560.47,16.983939393939394,33,429,1,1,3,3,0,1,1,0,1
13045.0,99,1,305.28000000000003,16.96,18,221,1,2,3,3,0,2,2,0,1
13046.0,31,2,629.31,17.980285714285714,33,264,1,1,0,0,0,2,2,0,1
13047.0,32,10,3237.54,18.822906976744186,106,1391,0,0,2,2,1,0,3,0,1
13048.0,14,4,1819.41,13.477111111111112,77,1228,0,0,0,0,1,0,3,0,1
13049.0,64,2,656.6800000000001,46.90571428571429,14,268,1,2,1,1,0,1,1,0,1
13050.0,15,17,5836.86,14.483523573200992,246,3748,0,0,2,2,1,0,3,0,1
13052.0,212,1,348.15000000000003,19.34166666666667,18,222,1,2,3,3,0,1,1,0,1
13055.0,78,3,1214.41,15.97907894736842,74,894,0,1,0,0,1,0,3,0,1
13058.0,25,3,271.40000000000003,33.925000000000004,5,52,1,2,3,3,0,1,1,-1,1
13059.0,250,1,183.4,22.925,8,35,1,2,3,3,0,1,1,0,1
13060.0,254,1,307.53,20.502,15,123,1,2,3,3,0,1,1,0,1
13061.0,72,1,248.61,24.861,10,107,1,2,3,3,0,1,1,0,1
13062.0,191,1,346.98,31.543636363636367,11,343,1,2,3,3,0,1,1,0,1
13064.0,13,4,1105.59,16.258676470588235,51,514,0,1,0,0,1,0,3,0,1
13065.0,373,1,205.86,14.704285714285716,14,74,1,2,3,3,0,1,1,0,1
13066.0,24,2,470.8,9.808333333333334,48,322,1,1,0,0,0,2,2,0,1
13067.0,82,1,115.46,7.697333333333334,14,32,1,2,3,3,0,1,1,0,1
13068.0,10,2,344.0,172.0,1,200,1,2,1,1,0,1,1,-1,-1
13069.0,1,24,4431.44,10.451509433962263,281,5873,0,0,2,2,1,0,3,-1,-1
13070.0,192,1,228.8,25.422222222222224,9,110,1,2,3,3,0,1,1,0,1
13072.0,267,1,177.15,25.307142857142857,7,69,1,2,3,3,0,1,1,0,1
13075.0,130,1,919.61,41.80045454545455,22,485,1,2,1,1,0,2,2,0,1
13077.0,1,4,728.02,6.558738738738739,99,862,0,0,0,0,1,0,3,-1,1
13078.0,3,26,12627.94,35.27357541899441,95,5630,0,0,2,2,1,0,0,-1,1
13079.0,4,5,220.1,36.68333333333334,2,62,1,2,1,1,1,0,0,-1,-1
13080.0,179,1,58.08,9.68,6,120,1,2,3,3,0,1,1,0,1
13081.0,12,11,28337.38,27.67322265625,503,19068,0,0,2,2,1,0,0,-1,-1
13082.0,126,9,3613.63,49.50178082191781,63,4324,0,0,2,2,1,0,0,-1,1
13083.0,4,2,303.75,16.875,15,187,1,1,0,0,0,1,1,0,1
13085.0,158,2,416.08,18.912727272727277,17,216,1,2,3,3,0,1,1,0,1
13089.0,3,97,58762.08,32.393649393605294,636,31025,0,0,2,2,1,0,0,-1,-1
13090.0,9,14,8910.82,57.48916129032258,98,2263,0,0,2,2,1,0,0,-1,1
13091.0,28,1,345.82,16.467619047619046,21,466,1,1,0,0,0,2,2,0,1
13092.0,71,5,477.83,19.1132,19,279,1,1,0,0,0,1,1,0,1
13093.0,276,8,7832.47,49.260817610062894,97,3961,0,0,2,2,1,0,0,-1,1
13094.0,21,12,1927.32,80.305,4,1716,0,0,1,1,1,0,0,-1,1
13095.0,71,1,74.39999999999999,12.4,6,144,1,2,3,3,0,1,1,0,1
13097.0,33,10,6003.22,14.259429928741094,214,2360,0,0,2,2,1,0,3,0,1
13098.0,1,28,28882.44,50.49377622377622,156,15968,0,0,2,2,1,0,0,-1,-1
13099.0,99,1,207.36,207.36,1,288,1,2,1,1,0,1,1,-1,1
13101.0,234,1,101.19,12.64875,8,113,1,2,3,3,0,1,1,0,1
13102.0,1,24,6424.09,21.131875,140,4204,0,0,2,2,1,0,0,0,1
13103.0,40,1,243.94,30.4925,8,82,1,2,3,3,0,1,1,0,1
13104.0,3,6,1098.48,54.924,14,504,0,0,0,0,1,0,0,-1,1
13106.0,133,1,76.5,76.5,1,18,1,2,3,3,0,1,1,-1,-1
13107.0,44,4,1531.62,26.407241379310346,54,1293,0,1,0,0,1,0,3,0,1
13108.0,373,1,350.06,35.006,10,298,1,2,3,3,0,1,1,0,1
13109.0,60,2,786.54,16.734893617021275,41,520,1,1,0,0,0,2,2,0,1
13110.0,31,7,1488.67,10.266689655172414,109,388,0,1,0,0,1,0,3,0,1
13113.0,1,24,12245.96,61.2298,95,3045,0,0,2,2,1,0,0,-1,-1
13115.0,12,4,2294.78,19.12316666666667,88,1567,0,0,2,2,1,0,3,0,1
13116.0,138,1,501.14,16.704666666666665,30,291,1,1,3,3,0,2,2,0,1
13117.0,22,8,984.91,12.959342105263158,66,945,0,0,0,0,1,0,3,0,1
13118.0,20,5,1197.81,15.162151898734177,68,410,0,1,0,0,1,0,3,0,1
13120.0,239,1,30.6,30.6,1,12,1,2,3,3,0,1,1,-1,-1
13121.0,269,1,283.73,5.674600000000001,50,252,1,1,3,3,0,1,1,0,1
13122.0,94,2,922.39,16.77072727272727,54,585,1,1,0,0,0,2,2,0,1
13124.0,90,3,3756.33,16.920405405405404,185,2119,0,0,0,0,1,0,3,0,1
13126.0,5,8,2099.64,14.997428571428571,124,2143,0,0,2,2,1,0,3,0,1
13127.0,78,1,259.17,17.278000000000002,15,127,1,2,3,3,0,1,1,0,1
13130.0,94,1,64.0,32.0,2,32,1,2,3,3,0,1,1,0,1
13131.0,23,3,1073.3,24.393181818181816,30,447,0,1,0,0,0,2,2,0,1
13132.0,262,1,77.3,25.766666666666666,3,20,1,2,3,3,0,1,1,0,1
13133.0,274,2,109.8,15.685714285714283,7,32,1,2,3,3,0,1,1,0,1
13134.0,86,4,1793.58,18.301836734693875,94,1059,0,1,0,0,1,0,3,0,1
13135.0,197,1,3096.0,3096.0,1,4300,1,2,1,1,1,0,0,-1,-1
13136.0,56,5,2607.61,20.53236220472441,94,1328,0,0,0,0,1,0,3,0,1
13137.0,11,8,3603.29,5.244963609898107,345,2204,0,0,2,2,1,0,3,0,1
13138.0,22,6,962.39,15.276031746031746,31,473,0,1,0,0,1,0,3,0,1
13139.0,16,7,5064.94,29.79376470588235,132,2425,0,0,2,2,1,0,3,0,1
13140.0,108,3,422.47,9.388222222222224,40,185,1,1,0,0,0,2,2,0,1
13141.0,85,5,2388.75,17.694444444444443,113,1548,0,0,0,0,1,0,3,0,1
13142.0,19,1,307.09,13.35173913043478,23,258,1,1,3,3,0,2,2,0,1
13144.0,333,1,110.95,36.98333333333333,3,21,1,2,3,3,0,1,1,0,1
13145.0,40,4,618.52,103.08666666666666,5,145,1,2,1,1,1,0,0,-1,1
13146.0,26,1,228.91,13.465294117647058,16,154,1,2,3,3,0,1,1,0,1
13147.0,10,4,712.8000000000001,178.20000000000002,1,144,1,2,1,1,0,1,1,-1,-1
13148.0,29,12,3683.26,11.805320512820511,231,1965,0,0,2,2,1,0,3,0,1
13149.0,14,4,1676.06,19.48906976744186,76,1280,0,0,0,0,1,0,3,0,1
13151.0,296,1,1257.87,16.998243243243245,73,363,1,1,0,0,0,2,2,0,1
13153.0,6,1,486.22,32.41466666666667,15,418,1,1,0,0,1,0,0,-1,1
13155.0,33,4,971.76,11.432470588235294,67,497,0,1,0,0,1,0,3,0,1
13157.0,49,4,1741.22,20.014022988505747,69,1439,0,1,0,0,1,0,3,0,1
13158.0,95,4,1201.06,15.203291139240504,59,784,0,1,0,0,1,0,3,0,1
13159.0,9,4,1429.35,11.91125,114,1058,0,0,0,0,1,0,3,0,1
13160.0,22,1,91.8,22.95,4,56,1,2,3,3,0,1,1,0,1
13161.0,313,1,112.75,14.09375,8,29,1,2,3,3,0,1,1,0,1
13162.0,122,4,1688.29,21.370759493670885,74,1713,0,1,0,0,1,0,3,0,1
13165.0,46,2,1021.48,24.32095238095238,40,1376,0,1,0,0,0,2,2,0,1
13166.0,283,1,417.2,10.17560975609756,39,216,1,1,3,3,0,1,1,0,1
13167.0,19,4,791.33,12.174307692307693,51,785,0,1,0,0,1,0,3,0,1
13168.0,36,4,1299.59,10.314206349206348,102,670,0,1,0,0,1,0,3,0,1
13169.0,64,2,712.88,54.83692307692308,11,272,1,2,1,1,0,1,1,0,1
13170.0,27,1,108.81,3.627,29,141,1,1,3,3,0,2,2,0,1
13171.0,22,3,468.41,10.182826086956522,37,229,1,1,0,0,0,2,2,0,1
13173.0,4,2,353.65,8.224418604651163,41,277,1,1,0,0,1,0,3,0,1
13174.0,16,3,2742.82,9.361160409556314,228,1352,0,0,0,0,1,0,3,0,1
13176.0,46,1,481.49,7.186417910447761,66,448,1,1,0,0,0,2,2,0,1
13177.0,65,1,282.45,16.61470588235294,17,91,1,2,3,3,0,1,1,0,1
13178.0,26,11,5725.47,21.60554716981132,95,3570,0,0,2,2,1,0,3,0,1
13182.0,45,1,121.18,11.016363636363636,11,201,1,2,3,3,0,1,1,0,1
13183.0,8,9,3957.78,42.10404255319149,51,2208,0,0,2,2,1,0,0,0,1
13184.0,15,10,1668.95,9.323743016759776,138,1662,0,0,2,2,1,0,3,0,1
13185.0,268,1,71.4,71.4,1,12,1,2,3,3,0,1,1,-1,-1
13186.0,40,3,1575.89,19.947974683544302,69,820,0,1,0,0,1,0,3,0,1
13187.0,337,1,236.02,6.378918918918919,37,95,1,2,3,3,0,1,1,0,1
13188.0,11,1,114.6,57.3,2,25,1,2,3,3,0,1,1,-1,1
13189.0,19,2,260.68,8.988965517241379,29,842,1,1,0,0,0,2,2,-1,1
13192.0,95,2,911.94,14.475238095238096,57,595,1,1,0,0,0,2,2,0,1
13193.0,61,1,112.08,4.4832,22,46,1,2,3,3,0,1,1,0,1
13194.0,136,1,60.7,20.23333333333333,3,26,1,2,3,3,0,1,1,0,1
13196.0,11,4,1797.78,16.343454545454545,97,1224,0,0,0,0,1,0,3,0,1
13198.0,10,6,3401.24,15.049734513274338,199,2648,0,0,2,2,1,0,3,0,1
13199.0,4,38,9817.12,82.49680672268909,48,6176,0,0,2,2,1,0,0,-1,-1
13200.0,19,4,870.09,18.915,42,516,0,1,0,0,1,0,3,0,1
13203.0,10,4,869.46,15.253684210526316,56,800,0,1,0,0,1,0,3,0,1
13207.0,15,2,250.26,31.2825,7,130,1,2,3,3,0,1,1,0,1
13208.0,59,6,1217.65,8.227364864864866,124,803,0,1,0,0,1,0,3,0,1
13209.0,30,8,5891.61,18.35392523364486,255,4253,0,0,2,2,1,0,3,0,1
13210.0,94,1,353.48,16.067272727272726,22,316,1,2,3,3,0,2,2,0,1
13211.0,10,3,1095.42,19.916727272727275,45,834,0,1,0,0,1,0,3,0,1
13212.0,20,3,786.83,5.580354609929079,128,309,0,1,0,0,0,2,2,0,1
13213.0,57,5,1520.58,16.895333333333333,82,1360,0,1,0,0,1,0,3,0,1
13216.0,268,1,333.74,66.748,5,297,1,2,1,1,0,1,1,0,1
13217.0,122,3,533.98,133.495,3,262,1,2,1,1,0,1,1,-1,1
13218.0,127,1,62.63999999999999,12.528,5,88,1,2,3,3,0,1,1,0,1
13220.0,78,4,819.2900000000001,39.01380952380953,18,196,1,1,0,0,1,0,0,0,1
13221.0,240,2,847.41,12.839545454545457,62,244,1,1,0,0,0,2,2,0,1
13223.0,200,2,163.20000000000002,32.64,5,88,1,2,3,3,0,1,1,0,1
13224.0,60,2,2155.95,19.9625,101,1518,0,1,0,0,1,0,3,0,1
13225.0,3,7,6463.84,201.995,23,3416,0,0,2,2,1,0,0,-1,-1
13226.0,273,1,108.21,6.7631250000000005,16,80,1,2,3,3,0,1,1,0,1
13227.0,202,1,257.7,28.633333333333333,9,99,1,2,3,3,0,1,1,0,1
13228.0,81,1,358.0,179.0,2,200,1,2,1,1,0,1,1,-1,1
13229.0,226,1,160.95,16.095,10,63,1,2,3,3,0,1,1,0,1
13230.0,4,14,2755.63,4.69442930153322,393,1638,0,0,2,2,1,0,3,0,1
13232.0,13,7,1328.35,6.575990099009901,147,773,0,0,2,2,1,0,3,0,1
13233.0,74,2,605.12,14.072558139534884,43,1004,1,1,0,0,0,2,2,0,1
13235.0,212,1,1031.07,17.77706896551724,53,441,1,1,0,0,0,2,2,0,1
13236.0,25,2,744.85,20.69027777777778,34,416,1,1,0,0,0,2,2,0,1
13238.0,17,4,700.73,22.604193548387094,20,298,1,1,0,0,0,2,2,0,1
13239.0,262,1,329.56,15.693333333333332,21,327,1,2,3,3,0,1,1,0,1
13240.0,96,4,663.65,9.905223880597015,59,298,1,1,0,0,0,2,2,0,1
13242.0,112,3,270.40000000000003,20.800000000000004,12,130,1,2,3,3,0,1,1,0,1
13243.0,203,1,585.12,10.265263157894736,56,232,1,1,3,3,0,2,2,0,1
13244.0,93,1,121.74,4.508888888888889,27,38,1,2,3,3,0,1,1,0,1
13245.0,51,1,430.5,26.90625,16,125,1,2,3,3,0,1,1,0,1
13246.0,18,6,1961.52,14.422941176470587,110,1587,0,0,2,2,1,0,3,0,1
13247.0,18,4,501.12,20.0448,18,328,1,1,0,0,0,2,2,0,1
13248.0,125,2,465.68,17.91076923076923,25,305,1,1,3,3,0,1,1,0,1
13249.0,92,3,711.41,30.93086956521739,21,546,1,1,0,0,0,2,2,0,1
13253.0,157,2,1030.4,28.622222222222224,35,1572,1,1,0,0,0,2,2,0,1
13255.0,9,2,399.51,30.73153846153846,13,177,1,1,0,0,0,2,2,0,1
13258.0,12,3,672.83,18.689722222222223,28,282,1,1,0,0,0,2,2,0,1
13259.0,62,1,283.18,3.4960493827160493,77,126,1,1,3,3,0,2,2,0,1
13260.0,61,1,557.62,69.7025,8,142,1,2,1,1,0,1,1,0,1
13261.0,269,2,944.1,104.9,8,210,1,2,1,1,1,0,0,-1,1
13262.0,263,1,200.29,18.208181818181817,11,125,1,2,3,3,0,1,1,0,1
13263.0,1,35,7436.93,4.46126574685063,450,4768,0,0,2,2,1,0,3,-1,-1
13265.0,53,5,2092.66,23.25177777777777,66,1740,0,0,0,0,1,0,3,0,1
13266.0,11,12,3834.26,20.504064171122995,82,4428,0,0,2,2,1,0,3,0,1
13267.0,3,19,4521.49,21.428862559241704,88,1969,0,0,2,2,1,0,3,0,1
13268.0,18,11,3174.75,7.331986143187067,257,3624,0,0,2,2,1,0,3,0,1
13269.0,1,15,5343.28,16.96279365079365,177,3513,0,0,2,2,1,0,3,0,1
13270.0,366,1,590.0,590.0,1,200,1,2,1,1,0,1,1,-1,-1
13271.0,37,1,211.49,2.430919540229885,79,240,1,1,0,0,0,2,2,0,1
13272.0,31,2,276.56,18.43733333333333,15,96,1,2,3,3,0,2,2,0,1
13273.0,113,1,138.98,8.68625,16,153,1,2,3,3,0,1,1,0,1
13276.0,64,2,590.9300000000001,19.69766666666667,30,161,1,1,0,0,0,2,2,0,1
13277.0,16,4,258.4,32.3,5,176,1,2,3,3,1,0,0,-1,1
13278.0,41,1,542.73,11.798478260869564,46,537,1,1,0,0,0,2,2,0,1
13279.0,78,1,137.75,15.305555555555555,9,73,1,2,3,3,0,1,1,0,1
13280.0,122,3,798.46,9.737317073170733,67,518,1,1,0,0,0,2,2,0,1
13282.0,18,3,1132.14,30.59837837837838,29,307,0,1,0,0,0,2,2,0,1
13283.0,60,2,93.66,13.38,7,90,1,2,3,3,0,1,1,0,1
13284.0,331,1,201.19,15.476153846153846,13,91,1,2,3,3,0,1,1,0,1
13285.0,23,4,2709.12,14.487272727272726,157,2051,0,0,2,2,1,0,3,0,1
13291.0,156,1,361.11,8.597857142857142,41,233,1,1,3,3,0,2,2,0,1
13292.0,39,2,578.9399999999999,18.67548387096774,29,347,1,1,0,0,0,2,2,0,1
13294.0,190,2,873.74,16.18037037037037,48,453,1,1,0,0,0,2,2,0,1
13295.0,360,1,201.2,20.12,10,82,1,2,3,3,0,1,1,0,1
13296.0,137,1,87.4,17.48,5,78,1,2,3,3,0,1,1,0,1
13297.0,8,4,2089.85,35.421186440677964,52,963,0,0,2,2,1,0,0,0,1
13298.0,1,1,360.0,180.0,2,96,1,2,1,1,0,1,1,-1,-1
13299.0,268,1,142.5,28.5,5,30,1,2,3,3,0,1,1,0,1
13300.0,169,1,371.89,18.5945,20,203,1,2,3,3,0,1,1,0,1
13301.0,104,4,618.09,7.630740740740741,75,345,1,1,0,0,0,2,2,0,1
13302.0,155,1,63.75,63.75,1,5,1,2,3,3,0,1,1,-1,-1
13304.0,351,1,300.42,14.305714285714286,21,238,1,2,3,3,0,1,1,0,1
13305.0,4,10,2000.86,24.701975308641973,50,1232,0,0,2,2,1,0,3,0,1
13307.0,120,1,15.0,15.0,1,4,1,2,3,3,0,1,1,-1,-1
13308.0,23,3,1385.51,25.657592592592597,49,843,0,1,0,0,1,0,3,0,1
13309.0,7,5,1456.79,13.614859813084111,82,1544,0,0,2,2,1,0,3,0,1
13310.0,28,3,1132.03,15.722638888888888,65,587,0,1,0,0,1,0,3,0,1
13311.0,4,2,598.57,23.02192307692308,25,305,1,1,0,0,1,0,3,0,1
13313.0,22,5,1555.32,19.94,47,851,0,1,0,0,1,0,3,0,1
13314.0,2,3,775.94,12.51516129032258,55,560,0,1,0,0,1,0,3,0,1
13316.0,37,4,5732.93,66.66197674418605,66,5508,0,0,2,2,1,0,0,-1,1
13317.0,66,6,2273.68,18.336129032258064,100,1035,0,0,0,0,1,0,3,0,1
13318.0,1,3,640.76,32.038,14,304,0,1,0,0,0,1,1,-1,1
13319.0,5,26,10845.55,22.784768907563027,209,4724,0,0,2,2,1,0,0,0,1
13320.0,78,4,1532.2,14.592380952380951,77,1086,0,1,0,0,1,0,3,0,1
13321.0,72,2,567.36,51.57818181818182,10,372,1,2,1,1,0,1,1,0,1
13322.0,17,1,199.48,7.9792,25,117,1,1,3,3,0,2,2,0,1
13323.0,3,5,787.85,37.516666666666666,6,175,1,1,1,1,1,0,0,-1,1
13324.0,36,10,7121.95,94.95933333333332,25,5205,0,0,2,2,1,0,0,-1,1
13325.0,82,1,675.3,56.275,12,240,1,2,1,1,0,1,1,0,1
13327.0,39,8,3627.77,33.59046296296296,74,1600,0,0,2,2,1,0,0,0,1
13328.0,316,1,1308.48,76.96941176470588,17,680,1,2,1,1,1,0,0,-1,1
13329.0,32,2,789.0,46.41176470588236,16,463,1,1,1,1,1,0,0,0,1
13330.0,93,3,1140.93,21.526981132075477,37,751,1,1,0,0,1,0,3,0,1
13332.0,14,1,350.9,16.70952380952381,21,179,1,1,3,3,0,1,1,0,1
13334.0,82,3,3502.32,13.216301886792454,207,1764,0,0,0,0,1,0,3,0,1
13336.0,77,1,795.12,15.590588235294115,51,559,1,1,0,0,0,2,2,0,1
13338.0,158,1,487.02,25.632631578947368,19,256,1,2,3,3,0,2,2,0,1
13339.0,201,1,860.12,15.928148148148148,54,326,1,1,0,0,0,2,2,0,1
13340.0,45,7,10736.48,80.12298507462687,128,5770,0,0,2,2,1,0,0,-1,1
13341.0,261,1,775.85,18.472619047619048,42,301,1,1,3,3,0,1,1,0,1
13343.0,178,1,353.43,18.60157894736842,19,135,1,2,3,3,0,1,1,0,1
13344.0,68,3,2511.69,21.6525,115,952,0,1,0,0,1,0,3,0,1
13345.0,288,1,389.5,19.475,20,141,1,2,3,3,0,1,1,0,1
13347.0,70,1,341.36,42.67,8,205,1,2,3,3,0,1,1,0,1
13348.0,64,1,233.76,16.697142857142858,14,136,1,2,3,3,0,1,1,0,1
13349.0,11,1,247.32,15.4575,16,225,1,1,3,3,0,1,1,0,1
13350.0,16,2,979.12,24.478,36,287,1,1,0,0,0,2,2,0,1
13351.0,66,1,373.94,23.37125,16,117,1,2,3,3,0,1,1,0,1
13352.0,60,1,397.98,16.5825,24,321,1,1,3,3,0,2,2,0,1
13354.0,71,1,743.53,14.579019607843136,51,604,1,1,0,0,0,2,2,0,1
13355.0,122,1,674.7,21.084375,32,314,1,1,3,3,0,2,2,0,1
13356.0,80,1,768.24,18.29142857142857,42,325,1,1,0,0,0,2,2,0,1
13357.0,257,1,609.4,6.847191011235955,85,321,1,1,0,0,0,2,2,0,1
13358.0,269,1,439.03,15.138965517241378,29,285,1,2,3,3,0,1,1,0,1
13359.0,64,1,439.56,19.11130434782609,23,161,1,2,3,3,0,1,1,0,1
13362.0,9,4,3090.74,18.618915662650604,128,1382,0,0,2,2,1,0,3,0,1
13363.0,18,2,992.5,16.541666666666668,47,710,0,1,0,0,1,0,3,0,1
13364.0,71,1,134.95999999999998,13.496,10,71,1,2,3,3,0,1,1,0,1
13365.0,34,2,2225.37,17.385703125,122,1247,0,1,0,0,1,0,3,0,1
13366.0,50,1,56.16,56.16,1,144,1,2,3,3,0,1,1,-1,1
13368.0,257,2,623.4,21.49655172413793,29,327,1,1,3,3,0,2,2,0,1
13369.0,366,1,308.28000000000003,22.020000000000003,14,149,1,2,3,3,0,1,1,0,1
13370.0,372,1,754.87,19.355641025641027,39,343,1,1,3,3,0,1,1,0,1
13372.0,90,1,378.64,16.46260869565217,23,159,1,2,3,3,0,2,2,0,1
13373.0,61,3,3312.25,20.963607594936708,135,1651,0,0,0,0,1,0,3,0,1
13375.0,89,1,778.65,21.044594594594592,37,442,1,1,0,0,0,2,2,0,1
13376.0,99,3,1019.76,19.240754716981133,45,493,1,1,0,0,1,0,3,0,1
13379.0,26,3,572.56,5.902680412371134,85,601,0,1,0,0,0,2,2,0,1
13381.0,32,6,3639.31,21.15877906976744,77,2029,0,0,2,2,1,0,0,0,1
13382.0,281,1,222.99,14.866,15,131,1,2,3,3,0,1,1,0,1
13384.0,31,7,4151.93,27.315328947368425,123,2422,0,0,2,2,1,0,3,0,1
13385.0,330,1,534.57,15.273428571428571,35,281,1,2,3,3,0,1,1,0,1
13388.0,131,2,677.1,19.345714285714287,35,282,1,1,0,0,0,2,2,0,1
13389.0,11,3,797.96,15.646274509803922,50,429,0,1,0,0,1,0,3,0,1
13390.0,75,1,544.08,41.8523076923077,13,224,1,2,3,3,0,1,1,0,1
13391.0,204,1,59.8,59.8,1,4,1,2,3,3,0,1,1,-1,-1
13394.0,2,8,2520.02,16.258193548387098,124,2392,0,0,2,2,1,0,3,0,1
13395.0,185,1,307.72,14.653333333333334,21,336,1,2,3,3,0,1,1,0,1
13396.0,29,2,1360.99,31.65093023255814,42,600,0,1,0,0,0,2,2,0,1
13397.0,73,5,1544.13,40.635000000000005,28,430,0,1,0,0,1,0,0,0,1
13398.0,192,1,457.34,17.59,26,281,1,2,3,3,0,1,1,0,1
13402.0,127,2,621.23,15.92897435897436,32,479,1,1,0,0,0,2,2,0,1
13403.0,18,1,75.0,25.0,3,44,1,2,3,3,0,1,1,0,1
13404.0,1,2,252.49,22.953636363636363,11,111,1,1,0,0,0,1,1,-1,1
13405.0,74,3,572.451,21.201888888888888,25,165,1,1,0,0,0,2,2,0,1
13408.0,2,62,28117.04,58.82225941422595,234,16232,0,0,2,2,1,0,0,-1,-1
13410.0,24,5,1003.06,35.82357142857143,15,518,0,1,0,0,1,0,0,0,1
13411.0,107,1,213.55,11.863888888888887,17,72,1,2,3,3,0,1,1,0,1
13414.0,134,3,1390.5,57.9375,23,1574,0,1,1,1,0,2,2,0,1
13416.0,44,2,712.5,37.5,11,142,1,2,3,3,0,1,1,0,1
13417.0,5,2,640.83,22.886785714285715,26,162,1,1,0,0,0,2,2,0,1
13418.0,12,18,6127.43,20.156019736842108,223,3918,0,0,2,2,1,0,3,0,1
13419.0,64,1,221.06,13.81625,16,275,1,2,3,3,0,1,1,0,1
13420.0,150,2,159.85,19.98125,8,101,1,2,3,3,0,1,1,0,1
13421.0,40,2,1833.71,17.977549019607842,88,1128,0,1,0,0,1,0,3,0,1
13422.0,64,1,2626.3,20.67952755905512,127,1326,0,1,0,0,1,0,3,0,1
13425.0,108,3,1624.21,20.823205128205128,66,1123,0,1,0,0,1,0,3,0,1
13426.0,1,10,3641.32,23.193121019108283,103,2245,0,0,2,2,1,0,3,0,1
13427.0,19,3,582.6,20.089655172413792,25,545,1,1,0,0,0,2,2,0,1
13428.0,10,1,201.78,2.841971830985916,70,151,1,1,0,0,0,2,2,0,1
13429.0,11,4,1006.8,15.02686567164179,55,1390,0,1,0,0,1,0,3,0,1
13430.0,19,2,679.45,13.866326530612248,48,751,0,1,0,0,1,0,3,0,1
13431.0,67,2,1269.1,27.589130434782607,44,672,1,1,0,0,0,2,2,0,1
13434.0,74,2,534.24,53.424,9,300,1,2,1,1,0,1,1,0,1
13435.0,5,7,3809.89,37.72168316831684,68,2129,0,0,2,2,1,0,0,0,1
13436.0,2,1,196.89,16.4075,12,76,1,2,3,3,0,1,1,-1,1
13437.0,14,7,3408.06,20.40754491017964,143,1283,0,0,2,2,1,0,3,0,1
13439.0,255,1,283.71,5.253888888888889,54,242,1,1,3,3,0,1,1,0,1
13441.0,92,1,296.64,22.818461538461538,13,204,1,2,3,3,0,2,2,0,1
13447.0,23,3,1129.14,19.13796610169492,55,584,0,1,0,0,1,0,3,0,1
13448.0,17,6,3534.69,18.22005154639175,137,1648,0,0,2,2,1,0,3,0,1
13449.0,24,1,291.88,15.362105263157895,19,222,1,1,3,3,0,2,2,0,1
13450.0,27,6,2043.72,28.784788732394365,32,1982,0,0,2,2,1,0,0,0,1
13451.0,26,5,2898.26,6.693441108545034,315,2128,0,0,2,2,1,0,3,0,1
13452.0,259,2,590.0,295.0,1,2,1,2,1,1,0,1,1,-1,-1
13453.0,166,2,356.98,20.99882352941176,16,134,1,2,3,3,0,1,1,0,1
13455.0,25,2,1058.34,23.007391304347824,42,354,1,1,0,0,0,2,2,0,1
13456.0,18,6,1766.72,28.0431746031746,43,765,0,0,0,0,1,0,3,0,1
13458.0,7,14,9646.57,25.252801047120418,242,5508,0,0,2,2,1,0,0,0,1
13460.0,29,2,183.44,10.790588235294118,16,286,1,1,3,3,0,1,1,0,1
13461.0,39,3,1445.0,53.51851851851852,14,1170,0,1,1,1,1,0,0,0,1
13462.0,253,1,151.5,16.833333333333332,9,62,1,2,3,3,0,1,1,0,1
13464.0,58,1,674.68,16.45560975609756,41,403,1,1,0,0,0,2,2,0,1
13466.0,184,1,307.9,18.11176470588235,17,259,1,2,3,3,0,1,1,0,1
13467.0,11,2,1071.91,10.937857142857144,89,580,0,1,0,0,0,2,2,0,1
13468.0,2,37,5704.97,18.89062913907285,184,2589,0,0,2,2,1,0,3,0,1
13470.0,99,2,165.0,16.5,7,100,1,2,3,3,0,1,1,0,1
13471.0,1,4,2501.84,9.84976377952756,214,1583,0,0,2,2,1,0,3,-1,1
13473.0,61,2,422.64,20.125714285714285,21,266,1,1,3,3,0,2,2,0,1
13474.0,236,1,226.84,3.658709677419355,59,129,1,1,3,3,0,1,1,0,1
13475.0,191,4,1431.78,16.648604651162792,64,1012,0,1,0,0,1,0,3,0,1
13476.0,179,2,1238.47,21.35293103448276,56,417,1,1,0,0,0,2,2,0,1
13477.0,38,6,1454.58,18.41240506329114,57,1021,0,0,0,0,1,0,3,0,1
13479.0,201,2,300.95,20.063333333333333,14,134,1,2,3,3,0,1,1,0,1
13481.0,46,5,1804.56,16.55559633027523,98,1142,0,0,0,0,1,0,3,0,1
13482.0,232,1,184.64,16.785454545454545,11,116,1,2,3,3,0,1,1,0,1
13483.0,66,1,140.34,14.034,10,160,1,2,3,3,0,1,1,0,1
13484.0,241,1,313.8,39.225,8,44,1,2,3,3,0,1,1,0,1
13485.0,233,1,454.24,19.749565217391304,23,277,1,2,3,3,0,1,1,0,1
13486.0,78,3,1122.41,16.2668115942029,69,669,0,1,0,0,1,0,3,0,1
13487.0,58,3,575.4,16.923529411764704,26,265,1,1,0,0,0,2,2,0,1
13488.0,17,13,8968.31,21.25191943127962,271,4518,0,0,2,2,1,0,3,0,1
13489.0,105,4,449.52,32.10857142857143,11,560,1,2,0,0,0,2,2,0,1
13491.0,52,10,1215.82,14.137441860465117,73,903,0,0,0,0,1,0,3,0,1
13492.0,136,3,1269.84,25.3968,38,408,1,1,0,0,0,2,2,0,1
13493.0,275,2,618.63,77.32875,6,380,1,2,1,1,0,1,1,-1,1
13494.0,312,1,316.26000000000005,17.570000000000004,18,162,1,2,3,3,0,1,1,0,1
13495.0,8,5,2044.87,42.60145833333333,34,829,0,0,2,2,1,0,0,0,1
13496.0,11,2,653.33,18.66657142857143,28,341,1,1,0,0,0,2,2,0,1
13497.0,283,2,348.05,18.318421052631574,19,163,1,2,3,3,0,1,1,0,1
13499.0,18,5,1159.11,27.59785714285714,31,1365,0,0,0,0,1,0,3,0,1
13500.0,23,3,1166.77,17.950307692307693,60,609,0,1,0,0,1,0,3,0,1
13501.0,288,1,1340.32,25.775384615384613,52,560,1,1,0,0,0,2,2,0,1
13502.0,17,3,292.0,16.22222222222222,17,264,1,1,0,0,0,2,2,0,1
13503.0,71,1,216.85,12.755882352941176,17,248,1,2,3,3,0,1,1,0,1
13504.0,64,1,295.93,13.451363636363636,22,178,1,2,3,3,0,2,2,0,1
13505.0,73,4,4393.63,20.435488372093022,182,2486,0,0,2,2,1,0,3,0,1
13506.0,316,2,458.52,17.635384615384616,26,324,1,2,3,3,0,1,1,0,1
13507.0,3,4,2479.16,15.303456790123455,146,1597,0,0,2,2,1,0,3,0,1
13508.0,244,1,110.97,9.2475,12,24,1,2,3,3,0,1,1,0,1
13509.0,9,7,979.72,22.26636363636364,27,1106,0,0,0,0,1,0,3,0,1
13510.0,1,4,1791.56,15.578782608695652,86,1386,0,0,2,2,1,0,3,0,1
13512.0,261,1,251.21,16.747333333333334,15,143,1,2,3,3,0,1,1,0,1
13513.0,127,1,205.1,20.51,10,109,1,2,3,3,0,1,1,0,1
13514.0,74,1,152.20000000000002,38.05,4,40,1,2,3,3,0,1,1,0,1
13515.0,73,4,891.12,15.103728813559322,50,681,0,1,0,0,1,0,3,0,1
13516.0,21,3,1389.41,31.5775,43,985,0,1,0,0,1,0,3,0,1
13517.0,60,3,2128.42,15.09517730496454,125,1369,0,1,0,0,1,0,3,0,1
13518.0,86,1,627.16,17.42111111111111,36,382,1,1,0,0,0,2,2,0,1
13519.0,78,1,122.75,15.34375,8,23,1,2,3,3,0,1,1,0,1
13520.0,59,6,3624.35,38.97150537634408,49,1649,0,0,2,2,1,0,0,0,1
13521.0,1,3,1071.73,2.5639473684210525,313,718,0,0,0,0,0,2,2,-1,1
13522.0,30,1,125.8,25.160000000000004,5,44,1,2,3,3,0,1,1,0,1
13523.0,33,5,3964.88,23.051627906976744,157,1752,0,0,2,2,1,0,3,0,1
13524.0,41,5,680.1800000000001,25.19185185185185,17,324,1,1,0,0,1,0,0,0,1
13525.0,15,2,628.78,104.79666666666668,5,394,1,2,1,1,0,1,1,-1,1
13527.0,34,7,2242.36,10.333456221198157,153,1683,0,0,2,2,1,0,3,0,1
13529.0,79,2,307.76,20.517333333333333,15,74,1,2,3,3,0,1,1,0,1
13531.0,205,2,483.8,21.99090909090909,17,174,1,2,3,3,0,1,1,0,1
13532.0,34,1,210.31,3.1865151515151515,66,129,1,1,3,3,0,2,2,0,1
13533.0,183,3,269.09,3.5878666666666663,61,202,1,1,0,0,0,2,2,0,1
13534.0,2,25,5870.08,19.83135135135135,119,2961,0,0,2,2,1,0,0,0,1
13536.0,1,7,3444.39,19.35050561797753,91,2126,0,0,2,2,1,0,3,0,1
13538.0,43,7,1280.85,51.234,10,175,1,1,1,1,1,0,0,-1,1
13539.0,86,3,631.34,17.063243243243242,35,320,1,1,0,0,0,2,2,0,1
13544.0,40,2,276.06,3.539230769230769,76,112,1,1,0,0,0,2,2,0,1
13546.0,12,3,621.09,6.4029896907216495,72,357,0,1,0,0,0,2,2,0,1
13548.0,96,2,678.16,5.51349593495935,114,436,1,1,0,0,0,2,2,0,1
13549.0,26,7,918.2,18.00392156862745,37,458,0,1,0,0,1,0,3,0,1
13551.0,319,1,91.8,22.950000000000003,4,12,1,2,3,3,0,1,1,0,1
13552.0,66,12,3740.07,34.31256880733945,82,1417,0,0,2,2,1,0,0,0,1
13555.0,74,4,4098.88,30.36207407407408,128,2636,0,0,2,2,1,0,3,0,1
13557.0,28,2,584.06,17.178235294117645,31,546,1,1,0,0,0,2,2,0,1
13558.0,6,4,594.52,3.517869822485207,123,338,0,1,0,0,0,2,2,0,1
13560.0,7,1,171.42000000000002,5.3568750000000005,32,63,1,1,3,3,0,2,2,0,1
13561.0,216,1,141.86,10.132857142857144,14,83,1,2,3,3,0,1,1,0,1
13562.0,82,3,1799.33,21.943048780487803,50,757,0,1,0,0,1,0,3,0,1
13563.0,84,2,777.53,15.867959183673468,49,209,1,1,0,0,0,2,2,0,1
13564.0,144,3,1724.67,21.29222222222222,68,636,0,1,0,0,1,0,3,0,1
13565.0,19,2,240.22,6.321578947368421,35,172,1,1,0,0,0,2,2,0,1
13566.0,41,2,856.84,5.0700591715976335,134,567,0,1,0,0,0,2,2,0,1
13568.0,173,1,187.05,4.3500000000000005,41,66,1,2,3,3,0,1,1,0,1
13569.0,17,2,338.62,4.286329113924051,73,156,1,1,0,0,0,2,2,0,1
13570.0,243,1,239.49,8.870000000000001,27,161,1,2,3,3,0,1,1,0,1
13571.0,13,12,2088.94,6.143941176470588,157,1757,0,0,2,2,1,0,3,0,1
13572.0,206,1,1384.25,41.946969696969695,32,534,1,1,0,0,0,2,2,0,1
13573.0,50,2,290.25,11.61,24,302,1,1,3,3,0,2,2,0,1
13575.0,23,5,732.0699999999999,15.914565217391305,41,449,0,1,0,0,0,2,2,0,1
13576.0,10,18,6717.34,53.31222222222223,78,2646,0,0,2,2,1,0,0,-1,1
13577.0,25,4,1687.6,20.33253012048193,61,791,0,1,0,0,1,0,3,0,1
13579.0,15,2,467.04,20.30608695652174,19,176,1,1,0,0,0,2,2,0,1
13581.0,309,1,118.0,11.8,10,30,1,2,3,3,0,1,1,0,1
13583.0,156,1,781.03,14.73641509433962,53,725,1,1,0,0,0,2,2,0,1
13584.0,307,1,142.4,5.933333333333334,24,37,1,2,3,3,0,1,1,0,1
13587.0,64,1,712.4,89.05,8,180,1,2,1,1,0,1,1,0,1
13588.0,16,9,2478.95,14.246839080459768,131,2606,0,0,2,2,1,0,3,0,1
13589.0,15,2,379.65,18.07857142857143,21,114,1,1,3,3,0,2,2,0,1
13590.0,11,6,1981.92,22.780689655172413,70,1848,0,0,2,2,1,0,3,0,1
13591.0,65,3,1117.13,19.26086206896552,56,485,0,1,0,0,1,0,3,0,1
13592.0,36,4,247.96,15.4975,15,84,1,2,3,3,0,2,2,-1,1
13593.0,108,5,2011.88,15.841574803149609,77,719,0,1,0,0,1,0,3,0,1
13594.0,53,1,396.97,15.268076923076924,26,359,1,1,3,3,0,2,2,0,1
13596.0,6,2,664.11,4.548698630136986,133,384,0,1,0,0,0,2,2,0,1
13598.0,47,1,160.04,4.572571428571428,33,52,1,2,3,3,0,1,1,0,1
13599.0,1,21,5149.92,20.934634146341462,171,3293,0,0,2,2,1,0,0,0,1
13600.0,312,1,219.52,11.553684210526315,19,324,1,2,3,3,0,1,1,0,1
13601.0,45,2,693.32,7.003232323232324,90,548,1,1,0,0,0,2,2,0,1
13602.0,65,1,428.89,18.647391304347824,23,267,1,1,3,3,0,2,2,0,1
13603.0,26,1,164.34,6.086666666666667,27,164,1,1,3,3,0,2,2,0,1
13606.0,29,3,276.75,6.91875,40,276,1,1,0,0,0,2,2,0,1
13607.0,40,1,675.51,6.964020618556701,93,288,1,1,0,0,0,2,2,0,1
13610.0,12,7,1082.33,5.034093023255814,165,488,0,0,0,0,1,0,3,0,1
13611.0,89,3,1154.4,16.033333333333335,67,754,0,1,0,0,1,0,3,0,1
13614.0,24,4,1585.46,8.130564102564103,171,564,0,1,0,0,1,0,3,0,1
13615.0,319,1,417.69,18.160434782608696,23,189,1,2,3,3,0,1,1,0,1
13617.0,40,3,544.18,12.367727272727272,31,300,1,1,0,0,0,2,2,0,1
13618.0,174,1,177.34,13.64153846153846,13,246,1,2,3,3,0,1,1,0,1
13621.0,117,1,213.85,11.255263157894737,19,343,1,2,3,3,0,1,1,0,1
13623.0,31,5,727.74,9.33,75,286,0,1,0,0,1,0,3,0,1
13626.0,253,1,257.23,13.53842105263158,19,209,1,2,3,3,0,1,1,0,1
13627.0,59,5,1638.47,17.80945652173913,84,1269,0,0,0,0,1,0,3,0,1
13629.0,23,11,7792.36,132.07389830508475,28,4372,0,0,2,2,1,0,0,-1,1
13630.0,5,7,2031.78,28.61661971830986,51,1391,0,0,2,2,1,0,3,0,1
13631.0,100,11,3070.42,279.1290909090909,6,467,0,0,1,1,1,0,0,-1,-1
13632.0,25,5,2118.93,14.613310344827584,121,1031,0,0,0,0,1,0,3,0,1
13634.0,33,5,1547.36,8.319139784946238,156,700,0,1,0,0,1,0,3,0,1
13635.0,68,1,1071.03,17.274677419354838,62,677,1,1,0,0,0,2,2,0,1
13636.0,37,5,949.12,15.065396825396826,57,592,0,1,0,0,1,0,3,0,1
13637.0,52,3,804.3,8.124242424242423,79,405,0,1,0,0,0,2,2,0,1
13638.0,16,1,122.64,15.33,8,93,1,2,3,3,0,1,1,0,1
13639.0,74,1,1033.34,25.8335,39,800,1,1,0,0,0,2,2,0,1
13642.0,216,1,312.28,5.478596491228069,57,151,1,1,3,3,0,1,1,0,1
13643.0,31,3,519.44,18.551428571428573,24,273,1,1,0,0,0,2,2,0,1
13644.0,16,4,2624.26,17.974383561643837,144,2067,0,0,2,2,1,0,3,0,1
13645.0,120,1,252.1,50.42,5,158,1,2,3,3,0,1,1,0,1
13647.0,10,4,1648.12,21.12974358974359,65,887,0,0,0,0,1,0,3,0,1
13649.0,257,2,346.6,15.069565217391306,23,139,1,2,3,3,0,1,1,0,1
13650.0,17,6,1836.34,19.128541666666667,79,922,0,0,2,2,1,0,3,0,1
13651.0,35,2,94.2,15.7,6,33,1,2,3,3,0,1,1,0,1
13652.0,46,3,1095.08,17.38222222222222,48,578,0,1,0,0,0,2,2,0,1
13654.0,43,6,2707.33,16.30921686746988,157,2182,0,0,2,2,1,0,3,0,1
13655.0,114,2,932.97,16.66017857142857,52,605,1,1,0,0,0,2,2,0,1
13656.0,165,2,379.65,7.747959183673469,49,490,1,1,0,0,0,2,2,0,1
13657.0,11,2,382.14,23.88375,16,209,1,1,0,0,0,2,2,0,1
13658.0,10,5,2639.17,24.43675925925926,91,1019,0,0,2,2,1,0,3,0,1
13659.0,206,2,1563.0,15.1747572815534,92,882,0,1,0,0,1,0,3,0,1
13662.0,86,3,881.26,16.947307692307692,50,533,1,1,0,0,1,0,3,0,1
13663.0,179,1,189.47,14.574615384615385,13,91,1,2,3,3,0,1,1,0,1
13666.0,60,3,84.65,7.054166666666667,12,41,1,2,3,3,0,1,1,-1,1
13667.0,149,1,299.05,3.603012048192771,82,149,1,1,3,3,0,2,2,0,1
13668.0,3,21,6309.83,13.628142548596111,284,3722,0,0,2,2,1,0,3,0,1
13669.0,51,2,218.55,24.28333333333333,9,237,1,2,3,3,0,1,1,0,1
13670.0,75,1,349.7,13.988,25,282,1,1,3,3,0,2,2,0,1
13672.0,301,2,186.39,31.065,4,57,1,2,3,3,0,1,1,0,1
13673.0,19,2,387.44,6.457333333333334,47,114,1,1,0,0,0,2,2,0,1
13675.0,151,2,486.8200000000001,19.472800000000003,25,330,1,1,3,3,0,2,2,0,1
13678.0,152,1,232.6,14.5375,16,924,1,2,3,3,0,2,2,0,1
13680.0,1,4,3719.12,19.17072164948453,164,1934,0,0,2,2,1,0,3,0,1
13681.0,18,4,827.83,14.523333333333332,37,360,0,1,0,0,0,2,2,0,1
13682.0,187,1,59.5,19.83333333333333,3,10,1,2,3,3,0,1,1,0,1
13684.0,286,1,65.13,2.245862068965517,29,38,1,2,3,3,0,1,1,-1,1
13685.0,3,7,3119.44,79.98564102564103,29,5056,0,0,2,2,1,0,0,-1,1
13686.0,183,1,72.0,9.0,8,70,1,2,3,3,0,1,1,0,1
13689.0,63,1,910.0,151.66666666666666,6,512,1,2,1,1,1,0,0,-1,1
13690.0,59,1,172.25,19.13888888888889,9,67,1,2,3,3,0,1,1,0,1
13692.0,25,3,1488.32,28.081509433962264,48,1226,0,1,0,0,1,0,3,0,1
13694.0,4,50,65039.62,114.50637323943664,366,63312,0,0,2,2,1,0,0,-1,-1
13695.0,31,15,2504.13,27.823666666666668,46,1603,0,0,2,2,1,0,0,0,1
13697.0,39,1,151.29999999999998,12.608333333333333,12,177,1,2,3,3,0,1,1,0,1
13699.0,155,1,308.58000000000004,22.041428571428572,14,66,1,2,3,3,0,1,1,0,1
13700.0,26,10,2248.63,11.590876288659794,139,2281,0,0,2,2,1,0,3,0,1
13703.0,318,1,99.5,99.5,1,10,1,2,3,3,0,1,1,-1,-1
13704.0,5,9,2308.06,17.224328358208954,111,1531,0,0,2,2,1,0,3,0,1
13705.0,8,3,711.86,25.423571428571428,25,363,0,1,0,0,0,2,2,0,1
13706.0,303,1,330.79,16.5395,20,189,1,2,3,3,0,1,1,0,1
13707.0,267,2,806.41,16.800208333333334,48,351,1,1,0,0,0,2,2,0,1
13708.0,271,1,285.33,5.823061224489796,49,301,1,1,3,3,0,1,1,0,1
13709.0,4,13,6307.650000000001,18.82880597014925,244,3508,0,0,2,2,1,0,3,0,1
13710.0,32,1,180.48,22.56,8,176,1,2,3,3,0,1,1,0,1
13711.0,219,2,252.06,19.38923076923077,11,140,1,2,3,3,0,1,1,0,1
13712.0,247,1,228.84,22.884,10,352,1,2,3,3,0,1,1,0,1
13715.0,281,5,1077.39,10.359519230769232,89,562,0,1,0,0,1,0,3,0,1
13716.0,269,1,138.28,6.584761904761905,21,138,1,2,3,3,0,1,1,0,1
13717.0,32,6,1445.01,14.166764705882352,92,1959,0,0,2,2,1,0,3,0,1
13718.0,246,2,306.55,25.54583333333333,9,173,1,2,3,3,0,1,1,0,1
13719.0,15,5,1041.68,17.361333333333334,56,609,0,1,0,0,1,0,3,0,1
13720.0,117,4,799.9,18.60232558139535,42,501,1,1,0,0,1,0,3,0,1
13721.0,36,1,524.14,18.719285714285714,28,316,1,1,0,0,0,2,2,0,1
13722.0,132,3,2375.41,27.946,75,1401,0,1,0,0,1,0,3,0,1
13723.0,217,1,199.85,33.30833333333334,6,43,1,2,3,3,0,1,1,0,1
13725.0,50,8,1980.56,19.043846153846157,95,806,0,0,2,2,1,0,3,0,1
13726.0,39,2,1079.66,25.70619047619047,39,1054,0,1,0,0,0,2,2,0,1
13727.0,29,2,333.48,16.674,19,162,1,1,3,3,0,2,2,0,1
13728.0,37,6,1016.14,16.12920634920635,38,458,0,1,0,0,1,0,3,0,1
13730.0,136,2,752.6,17.50232558139535,38,488,1,1,0,0,0,2,2,0,1
13731.0,219,2,610.59,16.068157894736842,36,278,1,1,3,3,0,2,2,0,1
13732.0,28,1,491.86,14.904848484848486,33,498,1,1,0,0,0,2,2,0,1
13735.0,25,4,2883.54,14.787384615384616,158,1128,0,0,2,2,1,0,3,0,1
13736.0,5,2,729.8,3.8410526315789473,166,496,0,1,0,0,0,2,2,0,1
13737.0,200,1,339.6,11.32,29,125,1,2,3,3,0,1,1,0,1
13739.0,18,1,216.9,72.3,3,54,1,2,1,1,0,1,1,-1,1
13740.0,241,1,350.75,15.25,23,425,1,2,3,3,0,1,1,0,1
13741.0,72,3,668.4300000000001,19.65970588235294,34,218,1,1,0,0,0,2,2,0,1
13742.0,17,12,3107.87,9.92929712460064,200,1115,0,0,2,2,1,0,3,0,1
13743.0,3,7,1341.6,32.72195121951219,8,1776,0,0,2,2,1,0,0,-1,1
13744.0,95,2,1080.52,17.15111111111111,54,1153,0,1,0,0,1,0,3,0,1
13745.0,162,1,300.04,12.001600000000002,25,496,1,1,3,3,0,1,1,0,1
13747.0,374,1,79.6,79.6,1,8,1,2,3,3,0,1,1,-1,-1
13748.0,96,5,948.25,33.86607142857143,24,439,1,1,0,0,0,2,2,0,1
13750.0,54,5,1647.26,68.63583333333334,20,516,0,1,1,1,1,0,0,-1,1
13751.0,288,1,296.25,32.916666666666664,9,152,1,2,3,3,0,1,1,0,1
13752.0,124,6,1175.38,15.671733333333334,64,874,0,1,0,0,1,0,3,0,1
13753.0,288,1,741.26,21.178857142857144,35,512,1,1,3,3,0,1,1,0,1
13754.0,152,2,282.6,23.55,11,214,1,2,3,3,0,1,1,0,1
13755.0,4,9,2108.06,6.567165109034268,232,1242,0,0,2,2,1,0,3,0,1
13756.0,2,14,5189.52,36.54591549295775,66,3188,0,0,2,2,1,0,3,0,1
13758.0,12,7,3190.55,27.26965811965812,104,1844,0,0,2,2,1,0,3,0,1
13759.0,33,2,659.4100000000001,26.376400000000004,24,287,1,1,0,0,0,2,2,0,1
13760.0,54,2,286.79,5.03140350877193,50,197,1,1,0,0,0,2,2,0,1
13761.0,50,2,1070.65,15.295000000000002,68,642,0,1,0,0,0,2,2,0,1
13762.0,219,1,306.72,43.81714285714286,7,272,1,2,3,3,0,1,1,0,1
13763.0,63,1,1714.96,114.33066666666669,15,728,1,2,1,1,1,0,0,-1,1
13764.0,71,3,1519.42,7.340193236714976,183,926,0,1,0,0,1,0,3,0,1
13767.0,2,37,17220.36,46.79445652173913,55,7322,0,0,2,2,1,0,0,-1,-1
13769.0,2,10,2796.51,20.71488888888889,73,1163,0,0,2,2,1,0,3,0,1
13771.0,64,4,2634.45,22.13823529411765,114,1477,0,0,0,0,1,0,3,0,1
13772.0,34,3,1122.63,6.489190751445087,141,540,0,1,0,0,1,0,3,0,1
13774.0,82,1,345.0,15.681818181818182,22,192,1,2,3,3,0,2,2,0,1
13777.0,1,33,25977.16,131.86375634517768,36,12897,0,0,2,2,1,0,0,-1,-1
13778.0,103,1,178.7,19.855555555555554,9,70,1,2,3,3,0,1,1,0,1
13780.0,7,2,360.01,6.315964912280702,56,318,1,1,0,0,1,0,3,0,1
13781.0,251,1,127.84,7.52,17,30,1,2,3,3,0,1,1,0,1
13782.0,13,6,908.86,8.043008849557522,96,369,0,1,0,0,0,2,2,0,1
13784.0,10,11,2462.79,79.44483870967741,9,2493,0,0,2,2,1,0,0,-1,1
13786.0,367,1,230.4,32.91428571428571,7,136,1,2,3,3,0,1,1,0,1
13787.0,76,2,309.04,9.969032258064518,24,337,1,1,3,3,0,2,2,0,1
13790.0,4,1,348.8,7.751111111111111,45,748,1,1,0,0,1,0,3,-1,1
13791.0,128,2,1516.0,137.8181818181818,7,1200,1,2,1,1,1,0,0,-1,1
13792.0,66,2,195.55,15.042307692307691,13,92,1,2,3,3,0,2,2,0,1
13798.0,1,57,37153.85,106.4580229226361,113,23948,0,0,2,2,1,0,0,-1,-1
13799.0,117,2,688.86,17.663076923076922,32,402,1,1,0,0,0,2,2,0,1
13800.0,310,1,558.32,16.91878787878788,33,331,1,2,3,3,0,1,1,0,1
13801.0,67,1,324.8,14.121739130434785,23,168,1,2,3,3,0,2,2,0,1
13802.0,139,3,4599.42,76.657,55,2572,0,0,0,0,1,0,0,-1,1
13803.0,255,1,277.07,16.298235294117646,17,121,1,2,3,3,0,1,1,0,1
13804.0,31,7,2588.39,19.173259259259257,124,1462,0,0,2,2,1,0,3,0,1
13805.0,52,2,924.6,71.12307692307692,10,1900,1,1,1,1,1,0,0,-1,1
13806.0,64,1,256.38,25.638,10,56,1,2,3,3,0,1,1,0,1
13807.0,367,1,112.6,16.085714285714285,7,36,1,2,3,3,0,1,1,0,1
13808.0,6,5,1747.66,22.99552631578948,70,782,0,0,2,2,1,0,3,0,1
13809.0,305,1,155.05,12.920833333333334,11,29,1,2,3,3,0,1,1,0,1
13810.0,29,3,1499.01,42.828857142857146,32,312,0,1,0,0,1,0,0,0,1
13811.0,184,3,814.5,62.65384615384615,7,68,1,2,1,1,0,1,1,-1,1
13812.0,42,3,539.0,14.97222222222222,33,333,1,1,0,0,0,2,2,0,1
13813.0,40,4,1366.86,19.809565217391302,54,552,0,1,0,0,1,0,3,0,1
13814.0,92,2,1579.12,27.703859649122805,37,864,1,1,0,0,0,2,2,0,1
13815.0,22,4,4027.36,22.882727272727276,132,2560,0,0,2,2,1,0,3,0,1
13816.0,24,2,571.6700000000001,20.41678571428572,25,269,1,1,0,0,0,2,2,0,1
13817.0,29,2,382.98,15.9575,20,211,1,1,3,3,0,2,2,0,1
13819.0,302,3,1140.35,31.676388888888887,26,1109,1,1,0,0,0,2,2,0,1
13821.0,145,2,385.64,6.536271186440678,51,153,1,1,3,3,0,2,2,0,1
13822.0,6,2,632.0,6.583333333333333,90,611,0,1,0,0,0,2,2,0,1
13823.0,19,2,957.66,23.9415,39,439,1,1,0,0,0,2,2,0,1
13824.0,33,5,1698.94,36.93347826086956,34,768,0,1,0,0,1,0,0,0,1
13826.0,176,1,189.5,18.95,10,82,1,2,3,3,0,1,1,0,1
13827.0,58,3,409.8,4.4543478260869565,83,138,1,1,0,0,0,2,2,0,1
13828.0,22,1,209.49,13.966,15,311,1,2,3,3,0,1,1,0,1
13831.0,16,6,2198.45,30.534027777777776,58,743,0,0,2,2,1,0,3,0,1
13832.0,19,1,52.2,17.4,3,28,1,2,3,3,0,1,1,0,1
13833.0,159,1,383.85,13.708928571428572,28,117,1,2,3,3,0,1,1,0,1
13835.0,25,4,834.57,15.174,48,442,0,1,0,0,0,2,2,0,1
13837.0,212,2,266.59000000000003,14.810555555555558,17,182,1,2,3,3,0,1,1,0,1
13838.0,6,4,674.82,4.089818181818182,144,254,0,1,0,0,0,2,2,0,1
13841.0,253,1,85.0,85.0,1,100,1,2,1,1,0,1,1,0,1
13842.0,59,9,3385.62,16.43504854368932,155,1768,0,0,2,2,1,0,3,0,1
13844.0,11,1,361.62,18.081,20,196,1,1,3,3,0,1,1,0,1
13845.0,65,1,312.98,34.77555555555556,9,182,1,2,3,3,0,1,1,0,1
13846.0,25,3,865.0600000000001,15.728363636363635,55,388,0,1,0,0,1,0,3,0,1
13848.0,92,3,1255.0,251.0,3,3700,1,2,1,1,1,0,0,-1,-1
13849.0,52,2,1537.95,15.22722772277228,97,1016,0,1,0,0,1,0,3,0,1
13850.0,129,1,1595.48,17.155698924731183,93,944,1,1,0,0,0,2,2,0,1
13851.0,96,3,2651.46,32.73407407407407,77,1705,0,1,0,0,1,0,3,0,1
13853.0,57,1,1090.14,47.39739130434783,23,312,1,1,1,1,0,2,2,0,1
13854.0,9,25,8109.519999999999,73.72290909090908,39,2296,0,0,2,2,1,0,0,-1,-1
13856.0,169,3,388.5,27.75,10,494,1,2,3,3,0,2,2,0,1
13858.0,57,1,216.17,19.651818181818182,11,75,1,2,3,3,0,1,1,0,1
13859.0,326,1,201.16,7.184285714285714,27,129,1,2,3,3,0,1,1,0,1
13860.0,1,5,1245.9,16.39342105263158,58,591,0,0,2,2,1,0,3,0,1
13862.0,18,8,2209.36,15.894676258992806,97,1688,0,0,2,2,1,0,3,0,1
13863.0,248,1,305.78,15.288999999999998,20,224,1,2,3,3,0,1,1,0,1
13865.0,58,4,501.56,16.718666666666667,26,204,1,1,0,0,0,2,2,0,1
13866.0,74,1,145.67000000000002,20.81,7,57,1,2,3,3,0,1,1,0,1
13867.0,31,3,1005.09,16.7515,51,501,0,1,0,0,1,0,3,0,1
13868.0,7,2,3192.54,96.74363636363636,32,1964,0,0,1,1,1,0,0,-1,1
13869.0,123,4,3083.65,10.143585526315787,234,1709,0,0,0,0,1,0,3,0,1
13870.0,2,8,2770.94,24.095130434782607,91,1325,0,0,2,2,1,0,3,0,1
13871.0,23,13,6403.25,19.057291666666668,155,2806,0,0,2,2,1,0,3,0,1
13873.0,120,3,389.6,16.93913043478261,21,140,1,2,3,3,0,2,2,0,1
13874.0,358,1,540.45,30.025,18,180,1,2,3,3,0,1,1,0,1
13875.0,54,5,1786.79,17.180673076923078,79,1316,0,0,0,0,1,0,3,0,1
13876.0,64,1,122.7,17.52857142857143,7,36,1,2,3,3,0,1,1,0,1
13877.0,86,1,117.24,39.08,3,108,1,2,3,3,0,1,1,0,1
13878.0,55,1,1271.57,36.33057142857143,35,463,1,1,0,0,0,2,2,0,1
13880.0,21,13,3219.77,19.513757575757577,125,1842,0,0,2,2,1,0,3,0,1
13881.0,4,20,17159.52,96.401797752809,72,10118,0,0,2,2,1,0,0,-1,-1
13882.0,3,5,1191.13,18.325076923076924,54,953,0,0,2,2,1,0,3,0,1
13883.0,11,5,2674.48,18.834366197183098,108,1436,0,0,2,2,1,0,3,0,1
13884.0,7,5,787.6,13.34915254237288,45,300,0,1,0,0,1,0,3,0,1
13885.0,189,2,506.8,18.1,28,182,1,2,3,3,0,1,1,0,1
13886.0,71,1,243.56,15.2225,16,126,1,2,3,3,0,1,1,0,1
13887.0,204,1,349.55,18.397368421052636,19,147,1,2,3,3,0,1,1,0,1
13888.0,120,2,595.67,15.273589743589742,38,254,1,1,0,0,0,2,2,0,1
13889.0,93,1,416.9,27.793333333333337,15,146,1,2,3,3,0,1,1,0,1
13890.0,1,10,1883.81,17.125545454545456,74,831,0,0,2,2,1,0,3,0,1
13892.0,27,4,632.97,23.44333333333333,26,983,0,1,0,0,0,2,2,0,1
13893.0,298,1,821.1,39.1,21,190,1,2,3,3,0,1,1,0,1
13894.0,24,3,564.62,20.911851851851853,25,354,1,1,0,0,0,2,2,0,1
13895.0,28,4,2593.07,21.975169491525424,97,1365,0,0,0,0,1,0,3,0,1
13897.0,50,1,311.16,18.303529411764707,17,200,1,2,3,3,0,1,1,0,1
13898.0,326,1,155.93,12.994166666666668,12,133,1,2,3,3,0,1,1,0,1
13899.0,16,2,388.52,20.448421052631577,19,156,1,1,0,0,0,2,2,0,1
13900.0,183,3,740.95,17.23139534883721,42,430,1,1,0,0,0,2,2,0,1
13901.0,72,5,2867.2,19.242953020134227,144,1739,0,0,2,2,1,0,3,0,1
13904.0,37,2,332.64,12.793846153846154,24,332,1,1,0,0,0,2,2,0,1
13908.0,80,4,2369.55,19.42254098360656,104,1478,0,0,0,0,1,0,3,0,1
13911.0,57,9,2580.91,17.43858108108108,120,2731,0,0,2,2,1,0,3,0,1
13914.0,12,2,626.45,18.98333333333333,28,380,1,1,0,0,0,2,2,0,1
13917.0,50,2,272.04,15.113333333333337,16,228,1,2,3,3,0,2,2,0,1
13918.0,50,2,1212.84,40.428,30,1140,0,1,0,0,0,2,2,0,1
13919.0,59,2,384.81,13.743214285714286,24,474,1,1,0,0,0,2,2,0,1
13922.0,352,1,172.25,24.607142857142858,7,93,1,2,3,3,0,1,1,0,1
13923.0,54,1,351.13,17.5565,20,185,1,2,3,3,0,2,2,0,1
13924.0,2,6,1838.85,15.716666666666669,90,1575,0,0,2,2,1,0,3,0,1
13925.0,93,4,678.25,16.54268292682927,28,331,1,1,0,0,0,2,2,0,1
13926.0,23,1,223.85,20.35,11,104,1,2,3,3,0,1,1,0,1
13927.0,75,1,348.99,16.61857142857143,21,214,1,2,3,3,0,2,2,0,1
13928.0,11,4,464.57,17.206296296296298,23,129,1,1,0,0,0,2,2,0,1
13929.0,169,2,842.65,93.62777777777778,8,143,1,2,1,1,0,1,1,-1,1
13930.0,58,2,337.34,19.843529411764703,15,274,1,2,3,3,0,2,2,0,1
13931.0,96,2,1237.53,21.33672413793104,56,725,1,1,0,0,1,0,3,0,1
13932.0,295,1,307.4,19.2125,16,72,1,2,3,3,0,1,1,0,1
13933.0,109,2,608.7900000000001,26.469130434782613,23,205,1,2,3,3,0,2,2,0,1
13934.0,264,1,922.1,29.74516129032258,31,390,1,1,3,3,0,2,2,0,1
13936.0,180,1,376.58,14.483846153846152,26,330,1,2,3,3,0,1,1,0,1
13937.0,169,1,158.85,17.65,9,123,1,2,3,3,0,1,1,0,1
13938.0,35,1,71.66,10.237142857142857,7,70,1,2,3,3,0,1,1,0,1
13939.0,23,3,568.55,12.634444444444444,43,847,0,1,0,0,1,0,3,0,1
13940.0,17,4,839.14,17.12530612244898,39,516,0,1,0,0,1,0,3,0,1
13941.0,22,5,5112.96,113.62133333333334,24,2364,0,0,1,1,1,0,0,-1,1
13946.0,79,3,561.5699999999999,51.05181818181818,11,443,1,2,1,1,0,1,1,0,1
13947.0,65,1,90.6,18.12,5,44,1,2,3,3,0,1,1,0,1
13948.0,361,1,102.0,34.0,3,40,1,2,3,3,0,1,1,0,1
13949.0,3,6,2427.32,15.170750000000002,124,2474,0,0,2,2,1,0,3,0,1
13950.0,11,4,745.06,21.28742857142857,33,323,0,1,0,0,0,2,2,0,1
13951.0,176,3,674.45,17.293589743589745,38,459,1,1,0,0,0,2,2,0,1
13952.0,218,2,3251.071,23.730445255474454,120,1431,0,1,0,0,1,0,3,0,1
13953.0,7,7,3515.68,175.784,8,2724,0,0,1,1,1,0,0,-1,-1
13954.0,2,2,439.92,17.5968,24,150,1,1,0,0,1,0,3,0,1
13955.0,154,2,322.96,9.786666666666664,33,154,1,1,3,3,0,1,1,0,1
13956.0,5,5,1019.27,6.933809523809524,123,486,0,1,0,0,0,2,2,0,1
13959.0,79,3,594.04,6.600444444444444,79,355,1,1,0,0,0,2,2,0,1
13960.0,21,2,230.22,19.185,11,142,1,2,3,3,0,1,1,0,1
13962.0,22,2,169.55,15.413636363636364,11,87,1,2,3,3,0,1,1,0,1
13963.0,308,4,664.54,18.986857142857144,35,460,1,1,0,0,0,2,2,0,1
13967.0,146,1,80.7,40.35,2,42,1,2,3,3,0,1,1,0,1
13969.0,7,18,9024.17,14.578626817447496,334,4528,0,0,2,2,1,0,3,0,1
13971.0,19,8,2758.26,18.511812080536917,118,1844,0,0,2,2,1,0,3,0,1
13972.0,71,2,190.25,12.683333333333334,15,187,1,2,3,3,0,2,2,0,1
13973.0,287,1,264.7,24.063636363636363,11,109,1,2,3,3,0,1,1,0,1
13974.0,49,1,413.59,14.77107142857143,28,249,1,1,3,3,0,2,2,0,1
13975.0,31,6,2461.24,7.480972644376901,240,1697,0,0,2,2,1,0,3,0,1
13976.0,207,1,357.98,35.798,10,154,1,2,3,3,0,1,1,0,1
13978.0,15,2,196.79,13.119333333333335,14,315,1,1,3,3,0,1,1,0,1
13979.0,73,1,869.87,16.108703703703704,54,639,1,1,0,0,0,2,2,0,1
13980.0,60,1,200.14,18.19454545454545,11,172,1,2,3,3,0,1,1,0,1
13982.0,39,4,1871.81,16.863153153153153,72,1136,0,1,0,0,1,0,3,0,1
13983.0,30,12,2603.43,24.3311214953271,91,1183,0,0,2,2,1,0,0,0,1
13984.0,27,5,920.51,57.531875,14,679,0,1,1,1,1,0,0,0,1
13985.0,4,15,7060.13,20.2295988538682,108,3445,0,0,2,2,1,0,3,0,1
13986.0,17,1,320.46,24.650769230769228,12,430,1,2,3,3,0,1,1,0,1
13988.0,20,6,4147.96,17.726324786324785,188,3044,0,0,2,2,1,0,3,0,1
13989.0,66,2,1266.08,30.88,33,1313,0,1,0,0,0,2,2,0,1
13990.0,213,1,311.3,19.45625,16,190,1,2,3,3,0,1,1,0,1
13991.0,12,6,852.88,10.400975609756095,58,995,0,1,0,0,1,0,3,0,1
13992.0,30,1,76.8,15.36,5,64,1,2,3,3,0,1,1,0,1
13993.0,43,9,3466.36,28.647603305785125,66,900,0,0,2,2,1,0,0,0,1
13994.0,4,6,2274.14,15.36581081081081,122,932,0,0,2,2,1,0,3,0,1
13995.0,15,5,1393.69,16.205697674418605,55,879,0,0,0,0,1,0,3,0,1
13999.0,10,12,3901.81,18.758701923076924,102,2243,0,0,2,2,1,0,3,0,1
14000.0,211,1,635.66,42.37733333333333,15,710,1,2,1,1,0,2,2,0,1
14001.0,46,3,2043.08,52.38666666666667,34,962,0,1,0,0,0,2,2,0,1
14002.0,134,2,529.73,11.270851063829788,47,877,1,1,0,0,0,2,2,0,1
14004.0,43,7,4582.64,26.799064327485382,102,2668,0,0,2,2,1,0,3,0,1
14005.0,10,5,2874.72,34.22285714285714,53,2478,0,0,2,2,1,0,0,0,1
14006.0,116,3,962.19,32.073,22,641,1,1,0,0,0,2,2,0,1
14009.0,198,2,695.61,16.562142857142856,42,365,1,1,0,0,0,2,2,0,1
14012.0,278,1,328.8,29.89090909090909,11,160,1,2,3,3,0,1,1,0,1
14013.0,110,3,473.02,13.91235294117647,30,462,1,1,0,0,0,2,2,0,1
14014.0,77,1,505.18,12.953333333333331,39,1076,1,1,0,0,0,2,2,0,1
14015.0,53,1,917.34,45.867,20,378,1,1,1,1,0,2,2,0,1
14016.0,162,4,4341.21,26.964037267080744,154,2125,0,0,2,2,1,0,3,0,1
14019.0,47,3,1421.61,21.53954545454545,37,1037,0,1,0,0,1,0,3,0,1
14020.0,17,2,642.8,16.48205128205128,37,441,1,1,0,0,0,2,2,0,1
14021.0,155,3,631.9,28.722727272727276,22,192,1,2,3,3,0,1,1,0,1
14022.0,225,1,440.0,15.714285714285714,28,487,1,1,3,3,0,1,1,0,1
14023.0,7,2,584.07,18.840967741935486,30,345,1,1,0,0,1,0,3,0,1
14024.0,122,2,327.7,20.48125,16,150,1,2,3,3,0,1,1,0,1
14027.0,61,1,104.82,17.47,6,62,1,2,3,3,0,1,1,0,1
14029.0,63,2,467.66,31.177333333333333,15,198,1,2,3,3,0,2,2,0,1
14030.0,18,8,2358.84,9.747272727272728,210,1478,0,0,2,2,1,0,3,0,1
14031.0,7,19,17286.86,69.14744,119,5788,0,0,2,2,1,0,0,-1,1
14032.0,2,11,2975.59,20.80832167832168,53,2032,0,0,2,2,1,0,3,0,1
14034.0,22,3,648.89,7.545232558139535,82,420,0,1,0,0,0,2,2,0,1
14035.0,29,5,1428.02,21.636666666666667,41,739,0,1,0,0,1,0,3,0,1
14036.0,285,1,626.65,16.49078947368421,38,268,1,1,3,3,0,1,1,0,1
14037.0,176,2,147.20000000000002,5.257142857142858,27,46,1,2,3,3,0,1,1,0,1
14038.0,78,3,1560.38,16.960652173913044,64,965,0,1,0,0,1,0,3,0,1
14039.0,33,1,152.2,25.366666666666664,6,92,1,2,3,3,0,1,1,0,1
14040.0,41,12,3560.32,15.547248908296943,146,1544,0,0,2,2,1,0,3,0,1
14041.0,266,1,141.41,6.733809523809524,21,94,1,2,3,3,0,1,1,0,1
14044.0,27,4,646.42,3.1379611650485435,165,304,0,1,0,0,0,2,2,0,1
14045.0,109,4,1659.75,276.625,4,535,1,2,1,1,1,0,0,-1,1
14046.0,284,1,154.99,11.070714285714288,14,460,1,2,3,3,0,1,1,0,1
14047.0,9,5,1308.61,40.8940625,22,381,0,1,0,0,1,0,0,0,1
14048.0,305,1,409.93,4.822705882352941,83,288,1,1,3,3,0,1,1,0,1
14049.0,17,4,5578.72,11.670962343096235,348,3808,0,0,2,2,1,0,3,-1,1
14050.0,32,2,746.36,13.821481481481484,49,689,1,1,0,0,1,0,3,0,1
14051.0,1,23,15610.39,74.33519047619048,52,3756,0,0,2,2,1,0,0,-1,-1
14052.0,20,1,225.36,4.024285714285715,56,89,1,1,3,3,0,2,2,0,1
14053.0,124,2,260.25,65.0625,2,215,1,2,1,1,0,1,1,-1,1
14054.0,65,1,92.46,15.409999999999998,6,62,1,2,3,3,0,1,1,0,1
14055.0,106,1,725.6400000000001,72.56400000000001,10,216,1,2,1,1,0,1,1,0,1
14056.0,1,23,8152.71,7.493299632352941,320,4252,0,0,2,2,1,0,3,-1,-1
14057.0,24,17,6211.66,21.949328621908126,179,4873,0,0,2,2,1,0,3,0,1
14059.0,267,1,183.6,22.95,8,128,1,2,3,3,0,1,1,0,1
14060.0,5,19,6140.42,30.39811881188119,86,5386,0,0,2,2,1,0,0,0,1
14062.0,10,12,10464.85,94.27792792792792,60,5593,0,0,2,2,1,0,0,-1,1
14064.0,29,5,1334.34,17.329090909090908,59,1772,0,0,0,0,1,0,3,0,1
14066.0,267,1,152.55,21.792857142857144,7,45,1,2,3,3,0,1,1,0,1
14067.0,64,2,374.7,7.2057692307692305,51,361,1,1,0,0,0,2,2,0,1
14068.0,320,1,265.85,11.077083333333334,22,73,1,2,3,3,0,1,1,0,1
14071.0,4,8,1437.57,4.450681114551084,271,994,0,0,2,2,1,0,3,0,1
14073.0,32,1,151.04,11.618461538461538,13,130,1,2,3,3,0,1,1,0,1
14075.0,5,3,942.26,21.913023255813957,33,754,0,1,0,0,1,0,3,0,1
14076.0,129,1,118.67,2.6970454545454547,43,79,1,2,3,3,0,1,1,0,1
14077.0,41,5,499.42,11.89095238095238,33,268,1,1,0,0,0,2,2,0,1
14078.0,102,6,1049.37,16.144153846153845,46,310,0,1,0,0,1,0,3,0,1
14079.0,125,1,375.1,31.258333333333336,12,301,1,2,3,3,0,1,1,0,1
14080.0,33,1,45.6,11.4,4,48,1,2,3,3,0,1,1,0,1
14081.0,302,2,921.62,6.144133333333333,126,592,1,1,0,0,0,2,2,0,1
14082.0,365,1,182.25,6.2844827586206895,28,110,1,2,3,3,0,1,1,0,1
14083.0,4,9,1002.9,5.666101694915255,162,705,0,0,2,2,1,0,3,0,1
14085.0,2,18,4421.29,9.868950892857145,272,3177,0,0,2,2,1,0,3,0,1
14087.0,3,1,191.47,2.8157352941176472,61,250,1,1,0,0,0,2,2,-1,1
14088.0,10,13,50491.81,85.7246349745331,379,12665,0,0,2,2,1,0,0,-1,-1
14089.0,57,1,158.75,12.211538461538462,13,133,1,2,3,3,0,1,1,0,1
14090.0,325,1,76.32000000000001,76.32000000000001,1,72,1,2,3,3,0,1,1,0,1
14092.0,8,14,4076.91,19.050981308411213,117,2066,0,0,2,2,1,0,3,0,1
14093.0,12,1,433.86,4.3386000000000005,95,391,1,1,0,0,0,2,2,0,1
14096.0,4,17,65164.79,12.749909998043435,1119,16352,0,0,2,2,1,0,0,-1,-1
14098.0,37,1,147.35,7.016666666666667,21,104,1,2,3,3,0,1,1,0,1
14099.0,16,11,3104.17,12.41668,167,2179,0,0,2,2,1,0,3,0,1
14100.0,138,1,191.95,7.678000000000001,24,63,1,2,3,3,0,1,1,0,1
14101.0,74,6,5976.79,170.76542857142857,15,6942,0,0,1,1,1,0,0,-1,-1
14102.0,5,5,1105.88,19.06689655172413,35,769,0,0,0,0,1,0,3,0,1
14104.0,155,2,216.21,10.295714285714284,21,72,1,2,3,3,0,1,1,0,1
14105.0,239,1,1266.23,17.111216216216217,74,800,1,1,0,0,0,2,2,0,1
14107.0,52,7,2703.23,21.977479674796747,61,1793,0,0,2,2,1,0,0,0,1
14108.0,31,2,597.91,17.585588235294118,33,381,1,1,0,0,0,2,2,0,1
14109.0,73,1,144.2,16.022222222222222,9,88,1,2,3,3,0,1,1,0,1
14110.0,4,12,5683.15,36.66548387096774,94,2445,0,0,2,2,1,0,3,0,1
14111.0,14,4,692.85,69.285,10,458,1,1,1,1,1,0,0,-1,1
14112.0,23,7,2915.15,18.2196875,117,1651,0,0,2,2,1,0,3,0,1
14113.0,4,4,1840.42,54.13,26,745,0,0,0,0,1,0,0,0,1
14114.0,274,2,386.53,25.768666666666665,15,101,1,2,3,3,0,1,1,0,1
14116.0,20,5,1382.74,19.204722222222223,61,707,0,1,0,0,1,0,3,0,1
14117.0,144,1,90.0,30.0,3,72,1,2,3,3,0,1,1,0,1
14121.0,4,4,2780.15,17.485220125786164,148,2082,0,0,2,2,1,0,3,0,1
14124.0,84,1,419.58,83.91600000000001,4,1618,1,2,1,1,1,0,0,-1,1
14125.0,11,3,2720.63,16.38933734939759,159,1628,0,0,2,2,1,0,3,0,1
14126.0,8,3,706.1300000000001,47.07533333333334,14,508,1,1,0,0,1,0,0,-1,1
14127.0,123,3,709.71,16.129772727272726,39,321,1,1,0,0,0,2,2,0,1
14128.0,61,2,637.5,13.858695652173912,40,564,1,1,0,0,0,2,2,0,1
14129.0,2,5,1123.86,21.61269230769231,31,592,0,0,0,0,1,0,3,0,1
14130.0,319,1,480.91,7.286515151515152,66,257,1,1,3,3,0,1,1,0,1
14132.0,2,11,3586.03,17.930149999999998,100,3368,0,0,2,2,1,0,3,0,1
14133.0,130,3,605.64,21.63,25,348,1,1,0,0,0,2,2,0,1
14135.0,2,15,4690.31,35.00231343283583,95,3850,0,0,2,2,1,0,3,0,1
14138.0,2,2,965.88,20.99739130434783,40,600,0,1,0,0,1,0,3,0,1
14139.0,46,1,415.82,15.993076923076924,26,510,1,1,0,0,0,2,2,0,1
14140.0,4,2,935.05,14.16742424242424,60,811,0,1,0,0,1,0,3,0,1
14141.0,3,4,915.13,22.87825,27,355,0,1,0,0,1,0,3,0,1
14142.0,373,1,311.81,14.17318181818182,22,313,1,2,3,3,0,1,1,0,1
14143.0,134,1,115.8,16.54285714285714,7,30,1,2,3,3,0,1,1,0,1
14145.0,47,4,3742.2,340.2,6,756,0,0,1,1,1,0,0,-1,1
14146.0,9,5,4191.0,19.957142857142856,183,2437,0,0,2,2,1,0,3,0,1
14147.0,78,2,483.4,96.68,4,108,1,2,1,1,0,1,1,-1,1
14148.0,234,1,157.2,52.4,3,16,1,2,3,3,0,1,1,-1,1
14149.0,221,1,446.62,15.950714285714286,28,218,1,2,3,3,0,1,1,0,1
14150.0,36,2,658.64,25.33230769230769,23,496,1,1,0,0,0,2,2,0,1
14152.0,75,2,621.29,12.67938775510204,47,711,1,1,0,0,0,2,2,0,1
14154.0,239,2,1345.62,25.87730769230769,52,465,1,1,0,0,0,2,2,0,1
14155.0,266,1,118.75,19.791666666666668,6,25,1,2,3,3,0,1,1,0,1
14156.0,10,55,117210.08,84.02156272401434,714,57768,0,0,2,2,1,0,0,-1,-1
14157.0,20,2,424.89,9.236739130434785,45,271,1,1,0,0,0,2,2,0,1
14158.0,40,1,507.66,12.381951219512196,41,781,1,1,0,0,0,2,2,0,1
14159.0,20,11,4630.35,3.94072340425532,501,4348,0,0,2,2,1,0,3,-1,1
14161.0,216,3,1097.62,10.554038461538465,87,450,1,1,0,0,0,2,2,0,1
14162.0,174,2,289.36,11.5744,25,142,1,2,3,3,0,1,1,0,1
14163.0,87,4,2445.91,47.036730769230765,36,893,0,1,0,0,1,0,0,0,1
14164.0,71,2,1631.77,56.26793103448276,28,1033,0,1,1,1,0,2,2,0,1
14165.0,276,1,120.44,5.0183333333333335,23,53,1,2,3,3,0,1,1,0,1
14167.0,39,4,562.59,11.2518,27,147,1,1,0,0,0,2,2,0,1
14171.0,98,1,363.79,6.272241379310345,57,167,1,1,3,3,0,2,2,0,1
14173.0,11,4,450.84,15.546206896551723,28,150,1,1,0,0,0,2,2,0,1
14174.0,33,1,134.46,5.171538461538462,26,94,1,2,3,3,0,1,1,0,1
14175.0,60,3,3222.3,21.626174496644296,139,1515,0,0,0,0,1,0,3,0,1
14176.0,297,4,576.9000000000001,18.60967741935484,28,209,1,1,3,3,0,1,1,0,1
14177.0,86,4,549.46,13.401463414634147,37,204,1,1,0,0,0,2,2,0,1
14178.0,9,7,1600.26,5.032264150943396,191,1494,0,0,2,2,1,0,3,0,1
14179.0,41,2,701.57,4.46859872611465,135,319,1,1,0,0,0,2,2,0,1
14180.0,11,25,4748.52,19.785500000000003,112,719,0,0,2,2,1,0,0,-1,1
14184.0,67,1,452.89,18.870416666666667,24,127,1,2,3,3,0,1,1,0,1
14185.0,331,1,197.65,65.88333333333334,3,6,1,2,3,3,0,1,1,-1,1
14188.0,31,6,2054.36,31.605538461538465,34,1162,0,0,0,0,1,0,0,0,1
14189.0,2,15,4654.08,17.56256603773585,176,3937,0,0,2,2,1,0,3,0,1
14191.0,2,13,4684.76,18.08787644787645,145,3662,0,0,2,2,1,0,3,0,1
14193.0,68,2,853.39,20.318809523809524,35,445,1,1,0,0,0,2,2,0,1
14194.0,5,21,11349.52,19.601934369602763,269,5840,0,0,2,2,1,0,0,0,1
14195.0,202,2,1012.0,144.57142857142858,7,760,1,2,1,1,1,0,0,-1,1
14196.0,107,1,335.52,55.92,6,142,1,2,1,1,0,1,1,0,1
14198.0,18,4,701.4,17.984615384615385,35,290,0,1,0,0,0,2,2,0,1
14199.0,218,1,185.4,92.7,2,28,1,2,1,1,0,1,1,-1,1
14201.0,60,7,747.44,20.20108108108108,32,590,0,1,0,0,1,0,3,0,1
14204.0,2,1,150.61,3.861794871794872,36,72,1,1,3,3,0,2,2,-1,1
14205.0,17,2,466.7,19.445833333333333,23,204,1,1,0,0,0,2,2,0,1
14206.0,239,1,328.16,16.407999999999998,20,276,1,2,3,3,0,1,1,0,1
14208.0,95,1,151.74,15.174,10,114,1,2,3,3,0,1,1,0,1
14209.0,11,6,2073.43,23.83252873563218,55,691,0,0,2,2,1,0,3,0,1
14210.0,106,6,1905.84,18.684705882352944,66,760,0,1,0,0,1,0,3,0,1
14211.0,53,9,2241.1,20.009821428571428,87,1242,0,0,2,2,1,0,3,0,1
14212.0,90,1,1070.48,118.94222222222224,9,1152,1,2,1,1,1,0,0,-1,1
14214.0,31,5,1004.38,14.990746268656716,64,751,0,1,0,0,1,0,3,0,1
14215.0,12,6,1789.72,16.57148148148148,98,1358,0,0,2,2,1,0,3,0,1
14216.0,3,4,1839.3,31.17457627118644,47,594,0,0,2,2,1,0,3,0,1
14217.0,2,17,2004.98,20.0498,78,689,0,0,2,2,1,0,3,0,1
14218.0,43,1,169.48000000000002,14.123333333333337,12,160,1,2,3,3,0,1,1,0,1
14219.0,4,1,89.94,12.848571428571429,7,78,1,2,3,3,0,1,1,-1,1
14220.0,247,2,632.4,30.114285714285717,21,272,1,2,3,3,0,2,2,0,1
14221.0,42,9,3432.8,17.78652849740933,123,2191,0,0,2,2,1,0,3,0,1
14222.0,177,1,683.17,16.662682926829266,41,607,1,1,0,0,0,2,2,0,1
14223.0,92,3,991.13,16.518833333333333,50,585,1,1,0,0,1,0,3,0,1
14224.0,110,4,1009.73,8.93566371681416,105,483,0,1,0,0,1,0,3,0,1
14226.0,29,5,2214.79,33.55742424242424,64,1296,0,0,2,2,1,0,3,0,1
14227.0,26,10,3350.96,19.148342857142858,117,1820,0,0,2,2,1,0,3,0,1
14229.0,52,3,1547.2,38.68,29,610,0,1,0,0,0,2,2,0,1
14231.0,184,3,925.71,18.5142,47,409,1,1,0,0,0,2,2,0,1
14232.0,43,5,2048.07,17.80930434782609,81,1941,0,0,0,0,1,0,3,0,1
14233.0,49,4,1462.72,41.792,30,680,0,1,0,0,1,0,0,0,1
14234.0,22,4,754.12,5.130068027210885,122,951,0,1,0,0,1,0,3,0,1
14235.0,75,5,3144.86,39.80835443037975,65,1959,0,0,2,2,1,0,0,0,1
14236.0,81,2,490.86,32.724000000000004,15,310,1,2,3,3,0,2,2,0,1
14237.0,373,1,161.0,17.88888888888889,9,38,1,2,3,3,0,1,1,0,1
14238.0,326,1,146.85,18.35625,8,111,1,2,3,3,0,1,1,0,1
14239.0,43,11,2380.85,21.257589285714285,83,993,0,0,2,2,1,0,3,0,1
14240.0,30,2,890.34,21.19857142857143,37,418,1,1,0,0,0,2,2,0,1
14241.0,184,1,213.7,21.37,10,146,1,2,3,3,0,1,1,0,1
14242.0,235,2,280.55,17.534375,13,123,1,2,3,3,0,1,1,0,1
14243.0,9,10,2588.77,18.360070921985816,99,1221,0,0,2,2,1,0,3,0,1
14245.0,220,2,1693.45,15.680092592592594,107,976,0,1,0,0,1,0,3,0,1
14246.0,111,3,1474.06,19.65413333333333,57,804,0,1,0,0,1,0,3,0,1
14247.0,278,1,136.76999999999998,6.838499999999999,19,47,1,2,3,3,0,1,1,0,1
14248.0,318,1,302.58,37.8225,8,102,1,2,3,3,0,1,1,0,1
14250.0,7,3,1904.05,17.153603603603603,94,1200,0,0,0,0,1,0,3,0,1
14251.0,2,5,2879.7000000000003,36.91923076923077,37,1674,0,0,2,2,1,0,0,-1,1
14256.0,260,2,969.06,18.284150943396227,51,414,1,1,0,0,0,2,2,0,1
14257.0,64,5,3099.7200000000003,29.24264150943397,88,1682,0,0,2,2,1,0,3,0,1
14258.0,9,9,12669.98,114.14396396396396,58,7100,0,0,2,2,1,0,0,-1,-1
14259.0,142,1,120.0,24.0,5,68,1,2,3,3,0,1,1,0,1
14261.0,51,2,1163.45,22.37403846153846,52,406,1,1,0,0,0,2,2,0,1
14262.0,8,8,2618.23,18.3093006993007,87,1645,0,0,2,2,1,0,3,0,1
14264.0,155,2,333.97,19.64529411764706,15,70,1,2,3,3,0,1,1,0,1
14265.0,109,2,530.18,17.10258064516129,31,330,1,1,0,0,0,2,2,0,1
14267.0,163,3,1516.24,27.568,25,530,1,1,0,0,0,2,2,0,1
14270.0,332,1,492.65,16.98793103448276,29,197,1,2,3,3,0,1,1,0,1
14271.0,226,1,112.32,11.232,10,88,1,2,3,3,0,1,1,0,1
14272.0,74,2,437.96,13.271515151515151,33,599,1,1,0,0,0,2,2,0,1
14273.0,51,4,559.97,19.309310344827587,22,264,1,1,0,0,0,2,2,0,1
14276.0,99,3,1119.74,17.4959375,52,744,0,1,0,0,1,0,3,0,1
14277.0,15,3,4188.0,18.864864864864863,195,1976,0,0,2,2,1,0,3,0,1
14280.0,197,1,134.04,16.755,8,52,1,2,3,3,0,1,1,0,1
14282.0,3,15,3701.44,24.03532467532468,70,2656,0,0,2,2,1,0,3,0,1
14284.0,31,2,595.25,18.6015625,24,161,1,1,0,0,0,2,2,0,1
14285.0,21,4,1910.01,70.74111111111111,18,541,0,1,1,1,1,0,0,0,1
14286.0,24,3,4628.75,16.53125,220,4338,0,0,2,2,1,0,3,0,1
14287.0,8,3,176.63,19.625555555555557,9,261,1,1,3,3,0,1,1,-1,1
14288.0,213,1,426.6,26.6625,16,188,1,2,3,3,0,1,1,0,1
14289.0,9,6,911.26,19.388510638297877,33,292,0,1,0,0,1,0,3,0,1
14290.0,11,5,2314.65,22.917326732673267,89,915,0,0,2,2,1,0,3,0,1
14291.0,2,11,3883.25,16.385021097046412,145,2749,0,0,2,2,1,0,3,0,1
14292.0,8,9,4871.93,48.7193,64,1663,0,0,2,2,1,0,0,0,1
14293.0,3,4,1046.56,17.15672131147541,51,709,0,0,0,0,1,0,3,0,1
14295.0,40,1,166.20000000000002,33.24,5,84,1,2,3,3,0,1,1,0,1
14297.0,18,4,1305.33,21.053709677419352,48,865,0,1,0,0,1,0,3,0,1
14298.0,8,44,51527.3,31.476664630421503,884,58343,0,0,2,2,1,0,0,-1,-1
14299.0,8,9,3965.62,27.73160839160839,94,2149,0,0,2,2,1,0,3,0,1
14300.0,19,1,43.2,14.4,3,32,1,2,3,3,0,1,1,-1,1
14301.0,117,1,640.14,49.24153846153846,13,606,1,2,1,1,0,2,2,0,1
14304.0,223,1,383.45,22.555882352941172,17,139,1,2,3,3,0,1,1,0,1
14305.0,71,3,1858.96,17.70438095238095,96,1089,0,1,0,0,1,0,3,0,1
14306.0,51,2,2093.32,63.4339393939394,33,1075,0,1,1,1,0,2,2,0,1
14307.0,89,6,2995.72,16.642888888888887,150,2058,0,0,2,2,1,0,3,0,1
14309.0,8,9,2352.53,20.10709401709402,74,1633,0,0,2,2,1,0,3,0,1
14311.0,243,1,310.26,15.513,20,146,1,2,3,3,0,1,1,0,1
14312.0,47,6,1611.59,18.524022988505745,74,1012,0,0,0,0,1,0,3,0,1
14314.0,107,1,120.0,15.0,8,296,1,2,3,3,0,1,1,0,1
14315.0,45,6,2481.13,24.565643564356435,64,1021,0,0,0,0,1,0,3,0,1
14317.0,65,1,508.58,21.19083333333333,24,255,1,1,3,3,0,2,2,0,1
14320.0,207,2,477.79,15.412580645161292,29,325,1,1,3,3,0,2,2,0,1
14321.0,11,5,1530.75,12.445121951219512,111,2406,0,0,2,2,1,0,3,0,1
14323.0,115,2,605.0600000000001,16.807222222222222,32,350,1,1,0,0,0,2,2,0,1
14326.0,242,1,183.85,22.98125,8,103,1,2,3,3,0,1,1,0,1
14327.0,163,1,311.65,25.97083333333333,12,139,1,2,3,3,0,1,1,0,1
14329.0,17,7,4975.24,19.28387596899225,218,3087,0,0,2,2,1,0,3,0,1
14331.0,124,2,462.66,16.523571428571426,27,252,1,1,3,3,0,1,1,0,1
14332.0,23,3,840.21,33.6084,22,463,1,1,0,0,0,2,2,0,1
14333.0,68,1,415.2,27.68,15,58,1,2,3,3,0,1,1,0,1
14334.0,17,8,2552.21,15.754382716049385,98,1731,0,0,2,2,1,0,3,0,1
14335.0,16,2,454.86,7.581,55,375,1,1,0,0,0,2,2,0,1
14336.0,17,4,1614.91,17.943444444444445,77,1759,0,0,0,0,1,0,3,0,1
14338.0,161,2,588.22,18.97483870967742,30,335,1,1,0,0,0,2,2,0,1
14339.0,243,1,309.52,22.108571428571427,14,168,1,2,3,3,0,1,1,0,1
14340.0,219,1,134.7,22.45,6,58,1,2,3,3,0,1,1,0,1
14341.0,45,8,2166.98,16.92953125,109,1397,0,0,2,2,1,0,3,0,1
14342.0,21,4,668.5600000000001,31.83619047619048,18,347,1,1,0,0,1,0,0,0,1
14344.0,127,8,889.9300000000001,12.534225352112676,56,477,0,1,0,0,1,0,3,0,1
14345.0,39,1,108.98,18.16333333333333,6,50,1,2,3,3,0,1,1,0,1
14346.0,121,2,1021.58,17.026333333333334,55,605,1,1,0,0,0,2,2,0,1
14348.0,260,1,409.57,22.753888888888888,18,183,1,2,3,3,0,1,1,0,1
14349.0,10,1,133.5,4.306451612903226,31,86,1,1,3,3,0,2,2,0,1
14350.0,274,1,282.93,15.718333333333334,18,183,1,2,3,3,0,1,1,0,1
14351.0,165,1,51.0,51.0,1,12,1,2,3,3,0,1,1,-1,-1
14352.0,157,4,1078.96,22.95659574468085,44,538,1,1,0,0,1,0,3,0,1
14353.0,215,1,90.6,15.1,6,64,1,2,3,3,0,1,1,0,1
14354.0,6,2,163.62,18.18,9,210,1,2,3,3,0,1,1,0,1
14355.0,366,1,174.4,15.854545454545455,11,92,1,2,3,3,0,1,1,0,1
14356.0,80,2,701.23,21.24939393939394,33,277,1,1,0,0,0,2,2,0,1
14357.0,43,1,225.12,5.628,39,147,1,1,3,3,0,2,2,0,1
14359.0,19,3,912.18,16.58509090909091,44,371,0,1,0,0,1,0,3,0,1
14360.0,32,4,2118.03,18.102820512820514,104,1139,0,0,0,0,1,0,3,0,1
14362.0,22,1,151.5,4.094594594594595,37,96,1,1,3,3,0,2,2,0,1
14364.0,109,8,3717.35,53.87463768115942,61,1967,0,0,2,2,1,0,0,0,1
14367.0,8,16,9227.82,17.711746641074857,270,4426,0,0,2,2,1,0,3,0,1
14368.0,320,1,155.0,19.375,8,36,1,2,3,3,0,1,1,0,1
14371.0,295,1,100.5,25.125,4,34,1,2,3,3,0,1,1,0,1
14373.0,358,1,76.55,19.1375,4,17,1,2,3,3,0,1,1,0,1
14375.0,185,1,235.56,3.5690909090909093,57,184,1,1,3,3,0,1,1,0,1
14377.0,191,2,617.05,56.095454545454544,11,219,1,2,1,1,0,1,1,0,1
14379.0,44,2,348.1,7.567391304347827,39,292,1,1,0,0,0,2,2,0,1
14381.0,52,1,202.68,3.619285714285714,56,146,1,1,3,3,0,2,2,0,1
14382.0,26,1,615.49,4.88484126984127,121,1231,0,1,0,0,0,2,2,-1,1
14383.0,38,3,1247.69,21.14728813559322,49,817,0,1,0,0,1,0,3,0,1
14385.0,9,3,202.11,14.436428571428571,13,159,1,1,3,3,0,1,1,0,1
14386.0,297,1,142.4,20.342857142857145,7,54,1,2,3,3,0,1,1,0,1
14387.0,33,3,1727.6,12.428776978417266,125,795,0,1,0,0,1,0,3,0,1
14388.0,10,8,3212.84,17.273333333333333,124,1941,0,0,2,2,1,0,3,0,1
14389.0,65,2,1043.46,23.188,33,729,1,1,0,0,0,2,2,0,1
14390.0,10,9,4642.57,16.347077464788732,135,2133,0,0,2,2,1,0,3,0,1
14393.0,218,1,67.95,13.59,5,13,1,2,3,3,0,1,1,0,1
14395.0,2,9,3479.91,9.999741379310343,181,1689,0,0,2,2,1,0,3,0,1
14396.0,65,2,487.99,6.684794520547945,71,225,1,1,0,0,0,2,2,0,1
14397.0,3,19,2612.96,30.034022988505747,18,1890,0,0,2,2,1,0,3,-1,1
14400.0,149,1,574.7,22.988000000000003,25,454,1,1,3,3,0,2,2,0,1
14401.0,4,13,4051.48,22.26087912087912,113,4507,0,0,2,2,1,0,3,0,1
14403.0,130,4,1475.81,73.7905,17,519,1,1,1,1,0,2,2,0,1
14404.0,34,6,1449.32,14.4932,70,827,0,1,0,0,1,0,3,0,1
14406.0,119,1,156.75,19.59375,8,77,1,2,3,3,0,1,1,0,1
14407.0,107,6,2157.73,29.55794520547945,67,1415,0,0,0,0,1,0,3,0,1
14408.0,11,7,2599.03,24.519150943396227,60,1610,0,0,2,2,1,0,3,0,1
14409.0,71,6,2059.4500000000003,38.137962962962966,40,1230,0,0,0,0,1,0,0,0,1
14410.0,92,9,1100.27,5.821534391534391,153,567,0,1,0,0,1,0,3,0,1
14411.0,311,1,1063.0,75.92857142857143,14,196,1,2,1,1,0,1,1,-1,1
14412.0,43,2,770.03,17.90767441860465,43,786,1,1,0,0,0,2,2,0,1
14413.0,362,1,121.05,5.502272727272727,22,67,1,2,3,3,0,1,1,0,1
14414.0,92,7,1496.98,15.43278350515464,79,2512,0,0,0,0,1,0,3,0,1
14415.0,1,13,5855.57,10.113246977547496,283,2996,0,0,2,2,1,0,3,-1,1
14416.0,22,2,490.22,35.01571428571429,13,326,1,1,0,0,0,2,2,0,1
14418.0,4,3,1937.25,15.622983870967742,114,1711,0,0,2,2,1,0,3,0,1
14419.0,11,6,1051.79,5.206881188118811,112,483,0,1,0,0,1,0,3,0,1
14420.0,99,1,387.52,13.362758620689654,29,334,1,1,3,3,0,2,2,0,1
14421.0,57,2,813.11,30.115185185185187,25,365,1,1,0,0,0,2,2,0,1
14422.0,1,6,4263.64,19.205585585585588,189,2906,0,0,2,2,1,0,3,0,1
14423.0,218,1,265.2,88.39999999999999,3,120,1,2,1,1,0,1,1,0,1
14424.0,18,1,322.08,322.08,1,48,1,2,1,1,0,1,1,-1,-1
14426.0,24,10,4481.67,20.007455357142856,183,2699,0,0,2,2,1,0,3,0,1
14427.0,50,2,363.34,21.37294117647059,16,228,1,2,3,3,0,2,2,0,1
14428.0,7,5,1224.06,8.934744525547444,108,428,0,1,0,0,0,2,2,0,1
14431.0,303,1,470.36,27.668235294117647,17,130,1,2,3,3,0,1,1,0,1
14432.0,10,6,2248.5,5.964190981432361,256,2013,0,0,2,2,1,0,3,0,1
14434.0,22,6,1372.8,114.4,3,368,1,2,1,1,1,0,0,-1,1
14436.0,99,1,89.06,9.895555555555555,9,129,1,2,3,3,0,1,1,0,1
14437.0,366,1,63.0,12.6,5,60,1,2,3,3,0,1,1,0,1
14438.0,306,1,131.9,14.655555555555557,9,82,1,2,3,3,0,1,1,0,1
14439.0,320,1,2661.24,83.16375,32,526,1,1,1,1,1,0,0,-1,1
14440.0,8,5,2357.6800000000003,42.8669090909091,33,588,0,0,2,2,1,0,0,0,1
14441.0,1,4,1712.89,33.58607843137255,43,446,0,0,2,2,1,0,3,0,1
14442.0,205,2,1589.82,25.235238095238092,58,482,1,1,0,0,0,2,2,0,1
14443.0,54,4,1420.2,15.270967741935484,84,938,0,1,0,0,1,0,3,0,1
14446.0,1,4,1010.35,3.6474729241877255,233,916,0,0,2,2,0,2,2,-1,1
14447.0,19,5,1163.23,16.617571428571427,54,571,0,1,0,0,1,0,3,0,1
14448.0,9,2,375.35,18.7675,20,104,1,1,0,0,0,2,2,0,1
14449.0,19,4,885.8,3.5432,201,741,0,1,0,0,1,0,3,0,1
14450.0,181,3,483.25,12.08125,32,241,1,1,0,0,0,2,2,0,1
14451.0,60,2,643.9,6.132380952380952,86,378,1,1,0,0,0,2,2,0,1
14452.0,11,2,259.05,4.3175,55,116,1,1,0,0,0,2,2,0,1
14453.0,190,1,119.93,5.451363636363637,22,49,1,2,3,3,0,1,1,0,1
14456.0,5,9,3017.28,3.1861457233368533,580,2885,0,0,2,2,1,0,3,-1,1
14457.0,311,1,113.64,28.41,4,88,1,2,3,3,0,1,1,0,1
14459.0,155,1,1837.92,49.67351351351351,37,760,1,1,0,0,1,0,0,0,1
14460.0,110,3,434.34,27.14625,14,881,1,1,0,0,0,2,2,0,1
14461.0,148,3,2103.06,11.683666666666666,173,766,0,1,0,0,1,0,3,0,1
14462.0,66,11,1980.57,8.500300429184549,150,956,0,0,2,2,1,0,3,0,1
14463.0,98,3,529.62,88.27,6,179,1,2,1,1,0,1,1,-1,1
14465.0,247,3,1038.44,8.44260162601626,107,398,1,1,0,0,0,2,2,0,1
14466.0,29,7,2272.4,31.561111111111117,35,1006,0,0,2,2,1,0,0,0,1
14467.0,18,4,596.26,6.699550561797753,67,276,0,1,0,0,0,2,2,0,1
14470.0,12,2,461.19,10.725348837209305,43,193,1,1,0,0,0,2,2,0,1
14472.0,104,8,1852.67,6.991207547169812,153,1135,0,0,0,0,1,0,3,0,1
14473.0,74,2,234.34000000000003,33.47714285714286,7,88,1,2,3,3,0,1,1,0,1
14474.0,46,1,547.66,18.884827586206896,29,140,1,1,3,3,0,2,2,0,1
14475.0,72,3,925.85,22.04404761904762,35,447,1,1,0,0,1,0,3,0,1
14476.0,257,1,193.0,11.352941176470589,17,110,1,2,3,3,0,1,1,0,1
14477.0,20,4,1309.6,130.95999999999998,7,720,0,1,1,1,1,0,0,-1,1
14479.0,254,2,316.25,17.569444444444443,18,117,1,2,3,3,0,1,1,0,1
14480.0,11,1,279.05,21.46538461538461,13,143,1,2,3,3,0,1,1,0,1
14481.0,165,2,636.51,21.217,25,489,1,1,0,0,0,2,2,0,1
14482.0,18,6,2022.81,14.765036496350364,110,1627,0,0,2,2,1,0,3,0,1
14483.0,282,1,137.1,15.233333333333333,9,97,1,2,3,3,0,1,1,0,1
14484.0,50,1,321.92,22.99428571428572,14,210,1,2,3,3,0,1,1,0,1
14485.0,39,1,162.8,3.539130434782609,44,70,1,1,3,3,0,1,1,0,1
14487.0,27,6,1165.48,8.324857142857143,112,712,0,1,0,0,1,0,3,0,1
14488.0,68,1,1064.28,23.136521739130437,46,799,1,1,0,0,0,2,2,0,1
14489.0,207,1,463.38,15.446,30,299,1,2,3,3,0,1,1,0,1
14491.0,175,2,340.93,20.05470588235294,17,139,1,2,3,3,0,1,1,0,1
14493.0,7,5,2383.24,19.860333333333337,95,1285,0,0,2,2,1,0,3,0,1
14494.0,26,1,139.56,19.937142857142856,7,92,1,2,3,3,0,1,1,0,1
14495.0,51,2,123.8,20.633333333333333,6,62,1,2,3,3,0,1,1,0,1
14496.0,312,2,538.8100000000001,28.35842105263158,16,159,1,2,3,3,0,1,1,0,1
14497.0,309,1,475.37,16.392068965517243,29,235,1,2,3,3,0,1,1,0,1
14498.0,43,5,1957.32,10.141554404145078,162,1098,0,0,0,0,1,0,3,0,1
14499.0,26,3,808.44,4.254947368421053,146,496,0,1,0,0,0,2,2,0,1
14500.0,88,3,356.85,50.97857142857144,6,117,1,2,1,1,0,1,1,0,1
14501.0,184,2,251.21,25.121,9,161,1,2,3,3,0,1,1,0,1
14502.0,20,11,2429.83,3.996430921052632,368,1480,0,0,2,2,1,0,3,0,1
14503.0,3,6,3543.26,21.605243902439025,113,2004,0,0,2,2,1,0,3,0,1
14504.0,47,4,673.26,6.2921495327102805,85,308,0,1,0,0,0,2,2,0,1
14505.0,17,8,5859.43,7.464242038216561,540,2739,0,0,2,2,1,0,3,-1,1
14506.0,17,5,1960.65,6.646271186440679,204,704,0,0,0,0,1,0,3,0,1
14507.0,24,6,1367.88,14.398736842105263,79,594,0,1,0,0,1,0,3,0,1
14508.0,22,2,268.05,4.873636363636364,52,129,1,1,0,0,0,2,2,0,1
14511.0,11,5,1314.81,19.33544117647059,53,784,0,0,0,0,1,0,3,0,1
14512.0,188,2,275.28,11.968695652173912,19,122,1,2,3,3,0,1,1,0,1
14513.0,101,3,455.59,37.965833333333336,11,361,1,2,1,1,0,1,1,0,1
14514.0,61,3,990.2,14.35072463768116,65,564,0,1,0,0,1,0,3,0,1
14515.0,18,6,2076.89,21.192755102040817,68,1110,0,0,2,2,1,0,3,0,1
14517.0,33,2,330.45,18.35833333333333,17,91,1,2,3,3,0,2,2,0,1
14518.0,64,1,174.37,10.898125,16,278,1,2,3,3,0,1,1,0,1
14520.0,2,2,270.6,67.65,3,146,1,2,1,1,0,1,1,-1,1
14522.0,24,4,974.54,57.32588235294117,15,525,1,1,1,1,1,0,0,0,1
14523.0,108,1,241.09,20.09083333333333,12,251,1,2,3,3,0,2,2,0,1
14524.0,32,9,1843.83,9.359543147208122,161,669,0,0,2,2,1,0,3,0,1
14525.0,20,9,4215.9,14.95,217,2637,0,0,2,2,1,0,3,0,1
14527.0,3,55,8507.13,8.761204943357363,330,2088,0,0,2,2,1,0,3,-1,-1
14528.0,37,1,364.22,20.23444444444444,18,278,1,2,3,3,0,2,2,0,1
14529.0,60,3,578.61,2.7164788732394367,177,325,0,1,0,0,0,2,2,0,1
14530.0,26,6,2862.11,13.437136150234744,140,1395,0,0,2,2,1,0,3,0,1
14532.0,236,4,932.85,14.57578125,45,284,1,1,0,0,0,2,2,0,1
14533.0,25,7,1949.72,31.44709677419355,53,4019,0,0,2,2,1,0,0,0,1
14534.0,3,18,4397.3,8.656102362204726,331,2027,0,0,2,2,1,0,3,0,1
14535.0,60,3,2854.84,8.70378048780488,280,1824,0,0,0,0,1,0,3,0,1
14536.0,260,1,170.95,9.497222222222222,18,39,1,2,3,3,0,1,1,0,1
14537.0,58,1,355.56,35.556,10,120,1,2,3,3,0,1,1,0,1
14538.0,65,2,388.25,20.43421052631579,19,155,1,2,3,3,0,2,2,0,1
14539.0,16,2,537.48,16.79625,31,428,1,1,0,0,0,2,2,0,1
14540.0,10,3,952.66,13.41774647887324,64,411,0,1,0,0,1,0,3,0,1
14541.0,59,8,1453.35,13.84142857142857,71,641,0,1,0,0,1,0,3,0,1
14542.0,186,1,103.25,20.65,5,19,1,2,3,3,0,1,1,0,1
14543.0,29,16,3599.73,50.70042253521127,43,675,0,0,2,2,1,0,0,-1,1
14544.0,24,2,2004.3,18.056756756756755,97,1536,0,1,0,0,1,0,3,0,1
14546.0,5,5,2573.93,6.48345088161209,250,1313,0,0,2,2,1,0,3,0,1
14547.0,4,8,3974.75,11.196478873239435,198,2639,0,0,2,2,1,0,3,0,1
14548.0,151,2,652.8,163.2,2,256,1,2,1,1,0,1,1,-1,1
14549.0,311,1,289.24,5.165,56,136,1,1,3,3,0,1,1,0,1
14550.0,11,2,757.37,16.114255319148935,38,389,1,1,0,0,0,2,2,0,1
14551.0,18,2,186.23,18.623,9,106,1,2,3,3,0,1,1,0,1
14552.0,152,1,164.22,2.8810526315789478,57,90,1,1,3,3,0,1,1,0,1
14553.0,19,5,859.27,7.604159292035398,103,493,0,1,0,0,0,2,2,0,1
14554.0,10,4,2279.49,11.229014778325125,147,1443,0,0,2,2,1,0,3,0,1
14555.0,57,2,312.54,16.449473684210528,18,122,1,2,3,3,0,2,2,0,1
14557.0,85,1,788.38,49.27375,16,510,1,2,1,1,0,2,2,0,1
14560.0,7,22,2237.77,30.240135135135134,39,1260,0,0,2,2,1,0,0,-1,1
14561.0,76,3,1080.76,15.6631884057971,67,1014,0,1,0,0,1,0,3,0,1
14562.0,4,18,5006.77,11.949331742243436,187,1815,0,0,2,2,1,0,3,0,1
14565.0,96,4,3099.12,24.40251968503937,111,1540,0,0,0,0,1,0,3,0,1
14566.0,111,1,1432.0,358.0,4,800,1,2,1,1,1,0,0,-1,1
14567.0,57,2,1530.36,46.374545454545455,33,412,1,1,0,0,0,2,2,0,1
14569.0,1,1,227.39,18.949166666666667,10,79,1,2,3,3,0,1,1,-1,1
14570.0,281,2,218.06,7.519310344827586,29,95,1,2,3,3,0,1,1,0,1
14572.0,3,7,2804.54,10.704351145038167,190,1420,0,0,2,2,1,0,3,0,1
14573.0,180,9,1639.82,7.223876651982379,127,534,0,1,0,0,1,0,3,0,1
14576.0,372,1,35.400000000000006,35.400000000000006,1,12,1,2,3,3,0,1,1,-1,-1
14577.0,13,4,859.71,6.989512195121952,86,353,0,1,0,0,0,2,2,0,1
14578.0,3,1,168.63,7.02625,24,240,1,1,0,0,0,1,1,-1,1
14581.0,17,1,138.6,8.152941176470588,16,217,1,2,3,3,0,1,1,0,1
14582.0,41,1,114.11,19.01833333333333,6,73,1,2,3,3,0,1,1,0,1
14583.0,6,5,986.96,3.268079470198676,243,751,0,0,0,0,1,0,3,0,1
14584.0,169,4,1033.06,10.54142857142857,68,381,1,1,0,0,0,2,2,0,1
14585.0,50,1,157.05,5.415517241379311,29,91,1,2,3,3,0,1,1,0,1
14586.0,277,1,237.36,12.49263157894737,19,444,1,2,3,3,0,1,1,0,1
14587.0,19,9,1580.29,4.259541778975741,170,749,0,0,2,2,1,0,3,0,1
14589.0,372,1,39.75,13.25,3,5,1,2,3,3,0,1,1,-1,-1
14591.0,15,4,1320.21,7.501193181818182,138,1228,0,0,0,0,1,0,3,0,1
14592.0,35,3,557.94,3.5312658227848104,132,407,0,1,0,0,0,2,2,0,1
14593.0,22,3,617.15,4.087086092715231,127,330,0,1,0,0,0,2,2,0,1
14594.0,7,2,363.33,6.987115384615384,48,183,1,1,0,0,1,0,3,0,1
14595.0,20,6,1740.6,17.06470588235294,94,978,0,0,2,2,1,0,3,0,1
14597.0,11,2,866.24,18.430638297872346,45,566,0,1,0,0,1,0,3,0,1
14598.0,44,1,221.97,4.4394,49,189,1,1,3,3,0,2,2,0,1
14600.0,306,1,393.33,15.733200000000002,25,125,1,2,3,3,0,1,1,0,1
14601.0,11,1,213.96,30.56571428571429,7,168,1,2,3,3,0,1,1,0,1
14603.0,275,1,660.0,330.0,2,400,1,2,1,1,0,1,1,-1,-1
14606.0,1,93,12076.15,4.511075831154277,819,6187,0,0,2,2,1,0,0,-1,-1
14607.0,16,14,16209.5,200.1172839506173,38,11526,0,0,2,2,1,0,0,-1,-1
14608.0,4,4,1785.15,89.25750000000001,8,437,0,0,1,1,1,0,0,-1,1
14609.0,72,4,601.56,150.39,2,7026,1,2,1,1,1,0,0,-1,-1
14616.0,243,3,406.08,135.36,2,104,1,2,1,1,0,1,1,-1,1
14618.0,9,3,553.44,34.59,10,264,1,1,0,0,1,0,0,0,1
14619.0,246,1,394.44,19.722,20,152,1,2,3,3,0,1,1,0,1
14620.0,206,2,412.78,15.876153846153848,26,214,1,2,3,3,0,1,1,0,1
14621.0,1,5,1788.36,19.43869565217392,80,993,0,0,2,2,1,0,3,0,1
14622.0,185,1,320.58000000000004,15.265714285714289,21,146,1,2,3,3,0,1,1,0,1
14623.0,32,5,886.7,6.666917293233083,108,418,0,1,0,0,1,0,3,0,1
14624.0,57,2,225.85,17.373076923076923,13,162,1,2,3,3,0,1,1,0,1
14625.0,196,2,899.63,16.974150943396225,51,335,1,1,0,0,0,2,2,0,1
14626.0,24,4,2791.27,22.87926229508197,108,1403,0,0,2,2,1,0,3,0,1
14628.0,91,2,671.96,27.99833333333333,22,272,1,1,0,0,0,2,2,0,1
14629.0,4,2,955.26,6.3684,133,378,0,1,0,0,0,2,2,0,1
14631.0,51,3,1006.98,24.56048780487805,38,622,0,1,0,0,1,0,3,0,1
14632.0,263,1,114.56,14.32,8,96,1,2,3,3,0,1,1,0,1
14633.0,266,1,344.90000000000003,17.245,20,96,1,2,3,3,0,1,1,0,1
14636.0,36,2,609.85,21.780357142857145,27,241,1,1,0,0,0,2,2,0,1
14638.0,51,1,443.6,27.725,16,166,1,2,3,3,0,1,1,0,1
14639.0,52,6,2984.49,17.351686046511627,138,1431,0,0,2,2,1,0,3,0,1
14640.0,24,6,2107.38,20.07028571428572,87,880,0,0,2,2,1,0,3,0,1
14641.0,22,1,110.46,15.78,7,90,1,2,3,3,0,1,1,0,1
14642.0,59,1,96.12,48.06,2,76,1,2,3,3,0,1,1,1,1
14643.0,170,2,693.8100000000001,22.38096774193549,30,815,1,1,0,0,0,2,2,0,1
14644.0,68,2,830.76,31.95230769230769,26,258,1,1,0,0,0,2,2,0,1
14645.0,157,2,597.09,19.903,28,381,1,1,0,0,0,2,2,0,1
14646.0,2,73,280206.02,134.97399807321773,700,196915,0,0,2,2,1,0,0,-1,-1
14647.0,201,1,236.04,8.430000000000001,24,91,1,2,3,3,0,1,1,0,1
14649.0,5,4,1402.59,7.5408064516129025,148,1004,0,0,0,0,1,0,3,0,1
14651.0,67,2,653.75,6.4727722772277225,95,343,1,1,0,0,0,2,2,0,1
14652.0,77,1,114.18,3.937241379310345,29,53,1,2,3,3,0,1,1,0,1
14653.0,1,7,1926.65,8.233547008547008,154,945,0,0,2,2,1,0,3,0,1
14655.0,8,4,1932.23,39.43326530612245,35,1089,0,0,0,0,1,0,0,0,1
14656.0,169,2,291.05,3.638125,73,120,1,1,3,3,0,2,2,0,1
14657.0,18,4,848.22,6.7319047619047625,103,466,0,1,0,0,0,2,2,0,1
14658.0,5,2,247.15,8.522413793103448,27,47,1,1,3,3,0,2,2,-1,1
14659.0,9,9,2529.93,9.999723320158102,147,1195,0,0,2,2,1,0,3,0,1
14660.0,87,2,285.74,9.524666666666668,24,228,1,1,3,3,0,2,2,0,1
14661.0,27,1,107.95,26.9875,4,35,1,2,3,3,0,1,1,0,1
14662.0,29,4,741.37,4.722101910828026,143,578,0,1,0,0,1,0,3,0,1
14664.0,20,2,636.24,6.492244897959184,78,465,0,1,0,0,0,2,2,0,1
14665.0,61,5,1835.7,20.39666666666667,63,740,0,1,0,0,1,0,3,0,1
14666.0,24,1,195.25,13.946428571428571,14,161,1,2,3,3,0,1,1,0,1
14667.0,11,25,9175.04,16.18172839506173,354,5319,0,0,2,2,1,0,3,0,-1
14669.0,242,3,1259.24,7.58578313253012,158,770,0,1,0,0,0,2,2,0,1
14670.0,280,2,392.86,3.1939837398373987,107,326,1,1,0,0,0,2,2,0,1
14672.0,235,2,765.55,12.55,58,454,1,1,0,0,0,2,2,0,1
14673.0,3,5,1736.4,23.464864864864865,39,1004,0,0,2,2,1,0,3,0,1
14675.0,16,1,596.36,6.148041237113402,93,336,1,1,0,0,0,2,2,0,1
14676.0,31,6,2548.24,60.67238095238096,29,2500,0,0,2,2,1,0,0,0,1
14680.0,25,16,28754.11,111.45003875968992,73,13476,0,0,2,2,1,0,0,-1,-1
14681.0,71,3,498.95,71.27857142857142,6,76,1,2,1,1,0,1,1,-1,1
14682.0,188,2,52.0,26.0,1,80,1,2,3,3,0,1,1,-1,1
14684.0,26,5,1201.51,3.080794871794872,231,821,0,1,0,0,1,0,3,0,1
14687.0,107,1,628.38,41.892,15,470,1,2,1,1,0,2,2,0,1
14688.0,8,21,5579.1,17.219444444444445,148,3584,0,0,2,2,1,0,3,0,1
14689.0,209,1,112.8,8.676923076923076,13,76,1,2,3,3,0,1,1,0,1
14690.0,44,2,355.05,7.396875,40,167,1,1,0,0,0,2,2,0,1
14691.0,31,5,2114.33,29.779295774647885,50,707,0,0,0,0,1,0,0,0,1
14692.0,137,4,591.55,8.699264705882353,53,265,1,1,0,0,0,2,2,0,1
14693.0,265,1,172.9,21.6125,8,34,1,2,3,3,0,1,1,0,1
14696.0,4,7,2078.95,15.991923076923076,117,1630,0,0,2,2,1,0,3,0,1
14697.0,218,2,188.61,8.573181818181817,22,181,1,2,3,3,0,1,1,0,1
14698.0,2,5,1217.27,6.08635,148,602,0,0,2,2,1,0,3,0,1
14699.0,214,1,109.13,13.64125,8,77,1,2,3,3,0,1,1,0,1
14700.0,32,3,2195.1,19.599107142857143,80,1314,0,1,0,0,1,0,3,0,1
14701.0,11,9,2526.09,7.725045871559633,268,921,0,0,2,2,1,0,3,0,1
14702.0,1,17,3251.79,9.508157894736842,196,1439,0,0,2,2,1,0,3,-1,1
14703.0,15,1,318.17,14.462272727272728,22,183,1,1,3,3,0,1,1,0,1
14704.0,11,9,1493.96,3.801424936386769,288,1043,0,0,2,2,1,0,3,0,1
14705.0,199,1,179.0,179.0,1,100,1,2,1,1,0,1,1,-1,1
14708.0,3,3,1126.37,40.2275,25,621,0,1,0,0,1,0,0,0,1
14709.0,15,13,4921.04,25.10734693877551,71,2484,0,0,2,2,1,0,0,0,1
14710.0,14,4,599.48,4.4079411764705885,124,375,0,1,0,0,0,2,2,0,1
14711.0,10,11,2839.62,8.230782608695652,221,966,0,0,2,2,1,0,3,0,1
14712.0,29,3,917.07,36.6828,21,315,1,1,0,0,1,0,0,0,1
14713.0,9,11,2662.2,7.876331360946745,146,1613,0,0,2,2,1,0,3,0,1
14714.0,24,1,160.19,16.019,10,229,1,2,3,3,0,1,1,0,1
14715.0,25,4,867.38,12.21661971830986,60,521,0,1,0,0,1,0,3,0,1
14716.0,43,2,307.51,6.029607843137255,46,495,1,1,0,0,0,2,2,0,1
14719.0,2,5,1581.84,6.731234042553191,177,1025,0,0,2,2,1,0,3,0,1
14720.0,6,3,663.81,17.94081081081081,34,219,0,1,0,0,1,0,3,0,1
14722.0,147,1,180.42,6.443571428571429,28,118,1,2,3,3,0,1,1,0,1
14723.0,10,6,1122.36,4.333436293436294,193,673,0,0,0,0,1,0,3,0,1
14725.0,25,1,655.58,13.948510638297874,45,588,1,1,0,0,0,2,2,0,1
14727.0,274,1,268.58,26.858,10,62,1,2,3,3,0,1,1,0,1
14729.0,374,1,313.49,4.415352112676056,69,197,1,1,3,3,0,1,1,0,1
14730.0,1,8,1897.57,4.107294372294372,317,1078,0,0,2,2,1,0,3,0,1
14731.0,47,3,380.02,8.444888888888888,38,256,1,1,0,0,0,2,2,0,1
14732.0,8,8,2702.49,18.38428571428572,105,1405,0,0,2,2,1,0,3,0,1
14733.0,16,12,9585.91,47.455,102,3764,0,0,2,2,1,0,0,0,1
14735.0,4,32,6065.69,31.26644329896907,99,2264,0,0,2,2,1,0,0,-1,1
14737.0,4,3,1164.55,68.50294117647059,15,345,0,1,1,1,1,0,0,-1,1
14738.0,43,7,1314.45,24.34166666666667,39,601,0,1,0,0,1,0,3,0,1
14739.0,4,7,3902.28,65.038,47,3820,0,0,2,2,1,0,0,-1,1
14740.0,197,3,1448.21,16.272022471910113,85,735,0,1,0,0,1,0,3,0,1
14741.0,12,6,1400.34,23.73457627118644,35,841,0,0,0,0,1,0,3,0,1
14744.0,16,7,1099.98,42.30692307692308,21,627,0,0,0,0,1,0,0,0,1
14745.0,113,5,1220.26,17.684927536231886,46,1038,0,1,0,0,1,0,3,0,1
14747.0,249,1,328.2,18.23333333333333,18,84,1,2,3,3,0,1,1,0,1
14748.0,29,5,1415.75,15.907303370786517,87,1223,0,0,0,0,1,0,3,0,1
14752.0,44,1,389.64,77.928,5,260,1,2,1,1,0,1,1,0,1
14753.0,87,1,563.15,18.771666666666665,30,211,1,1,3,3,0,2,2,0,1
14754.0,45,2,638.05,15.562195121951218,38,486,1,1,0,0,0,2,2,0,1
14755.0,10,11,5010.28,21.320340425531917,128,2219,0,0,2,2,1,0,3,0,1
14756.0,15,1,738.96,19.446315789473687,38,416,1,1,0,0,0,2,2,0,1
14757.0,75,1,420.5,22.13157894736842,19,160,1,2,3,3,0,1,1,0,1
14758.0,145,4,1484.06,20.90225352112676,54,419,0,1,0,0,1,0,3,0,1
14759.0,5,3,1625.97,15.940882352941175,92,569,0,1,0,0,1,0,3,0,1
14760.0,297,1,89.2,17.84,5,40,1,2,3,3,0,1,1,0,1
14761.0,59,2,255.9,23.263636363636365,11,118,1,2,3,3,0,1,1,0,1
14762.0,264,1,300.52,14.310476190476187,21,341,1,2,3,3,0,1,1,0,1
14764.0,47,1,278.3,46.38333333333333,6,190,1,2,3,3,0,1,1,0,1
14765.0,29,3,254.11,6.515641025641026,38,135,1,1,0,0,0,2,2,0,1
14766.0,8,6,2473.37,18.321259259259257,111,1349,0,0,2,2,1,0,3,0,1
14768.0,17,2,192.6,38.52,4,52,1,2,3,3,0,1,1,-1,1
14769.0,3,8,10416.98,9.808832391713748,718,7239,0,0,2,2,1,0,3,-1,-1
14770.0,232,2,876.42,16.854230769230767,49,490,1,1,0,0,0,2,2,0,1
14772.0,112,1,139.26,15.473333333333333,9,82,1,2,3,3,0,1,1,0,1
14775.0,58,3,1011.9,16.865,57,1174,0,1,0,0,1,0,3,0,1
14776.0,51,11,2538.3,21.6948717948718,44,3134,0,0,2,2,1,0,0,0,1
14778.0,127,2,730.86,20.881714285714285,34,306,1,1,0,0,0,2,2,0,1
14779.0,281,3,386.15,9.418292682926827,40,84,1,1,3,3,0,1,1,0,1
14780.0,55,2,447.68,16.58074074074074,26,310,1,1,0,0,0,2,2,0,1
14782.0,320,1,200.1,33.35,6,114,1,2,3,3,0,1,1,0,1
14784.0,26,2,289.99,19.332666666666668,15,237,1,1,3,3,0,2,2,0,1
14785.0,10,2,77.4,25.8,2,84,1,2,3,3,0,1,1,-1,1
14788.0,7,2,679.4399999999999,22.648,26,421,1,1,0,0,1,0,3,0,1
14789.0,29,1,197.64,32.94,6,116,1,2,3,3,0,1,1,0,1
14790.0,17,4,745.06,16.19695652173913,30,699,0,1,0,0,1,0,3,0,1
14792.0,64,1,6.2,3.1,2,2,1,2,3,3,0,1,1,-1,-1
14793.0,21,1,228.99,16.356428571428573,14,91,1,2,3,3,0,1,1,0,1
14794.0,3,7,1319.91,16.498875,68,673,0,0,2,2,1,0,3,0,1
14795.0,166,1,131.45000000000002,21.90833333333333,6,17,1,2,3,3,0,1,1,0,1
14796.0,1,17,7975.49,7.045485865724381,403,5995,0,0,2,2,1,0,3,-1,-1
14798.0,53,3,173.74,14.478333333333332,11,150,1,2,3,3,0,2,2,0,1
14799.0,51,1,157.7,12.13076923076923,13,146,1,2,3,3,0,1,1,0,1
14800.0,48,12,4331.79,11.310156657963446,246,3644,0,0,2,2,1,0,3,0,1
14801.0,61,1,189.34,3.3217543859649123,56,173,1,1,3,3,0,2,2,0,1
14803.0,162,3,845.55,19.217045454545453,35,370,1,1,0,0,0,2,2,0,1
14804.0,9,1,353.27,29.439166666666665,12,121,1,2,3,3,0,1,1,0,1
14805.0,15,4,546.4,11.878260869565215,30,114,1,1,0,0,0,2,2,0,1
14806.0,75,1,193.39,17.580909090909092,11,330,1,2,3,3,0,2,2,0,1
14808.0,40,8,2718.6,11.768831168831168,176,2120,0,0,2,2,1,0,3,0,1
14810.0,41,11,2085.33,8.209960629921259,106,1015,0,0,2,2,1,0,3,0,1
14813.0,370,2,152.88,5.271724137931034,25,66,1,2,3,3,0,1,1,0,1
14815.0,37,2,778.5,14.68867924528302,53,744,1,1,0,0,1,0,3,0,1
14816.0,197,1,271.85,67.9625,4,5,1,2,3,3,0,1,1,-1,1
14817.0,200,2,1110.34,17.624444444444443,52,655,1,1,0,0,0,2,2,0,1
14818.0,74,3,657.8,13.704166666666666,41,324,1,1,0,0,1,0,3,0,1
14819.0,64,2,272.07,20.928461538461537,13,109,1,2,3,3,0,1,1,0,1
14820.0,21,4,507.29,17.492758620689656,24,253,1,1,0,0,0,2,2,0,1
14821.0,367,1,48.8,24.4,2,20,1,2,3,3,0,1,1,0,-1
14823.0,180,3,321.43,4.591857142857143,56,88,1,1,3,3,0,1,1,0,1
14824.0,10,4,1127.71,38.88655172413793,19,525,0,1,0,0,1,0,0,0,1
14825.0,4,12,2221.01,18.50841666666667,82,989,0,0,2,2,1,0,3,0,1
14828.0,197,3,2139.76,125.86823529411764,17,2172,0,1,1,1,1,0,0,-1,1
14829.0,29,4,697.55,16.60833333333333,39,452,0,1,0,0,0,2,2,0,1
14830.0,53,1,188.88,4.843076923076923,39,164,1,1,3,3,0,2,2,0,1
14834.0,18,6,1720.3,25.676119402985076,43,734,0,0,0,0,1,0,3,0,1
14836.0,10,3,102.45,17.075,5,45,1,2,3,3,0,1,1,-1,1
14837.0,90,4,1649.5,15.273148148148149,96,1436,0,1,0,0,1,0,3,0,1
14840.0,268,1,62.85,15.7125,4,31,1,2,3,3,0,1,1,0,1
14841.0,53,6,3295.76,23.88231884057971,103,1778,0,0,2,2,1,0,3,0,1
14842.0,44,4,2824.69,19.48062068965517,128,1166,0,0,0,0,1,0,3,0,1
14844.0,64,4,3189.81,24.537,87,1833,0,0,0,0,1,0,3,0,1
14847.0,149,1,309.4,23.8,13,120,1,2,3,3,0,1,1,0,1
14849.0,22,25,7930.54,20.439536082474227,159,5694,0,0,2,2,1,0,3,0,1
14850.0,312,1,325.75,15.511904761904765,21,293,1,2,3,3,0,1,1,0,1
14851.0,23,2,511.35,18.2625,28,325,1,1,0,0,0,2,2,0,1
14852.0,58,6,2836.69,19.83699300699301,96,1747,0,0,2,2,1,0,3,0,1
14853.0,24,2,475.8,52.86666666666667,8,82,1,2,1,1,0,1,1,-1,1
14854.0,78,7,2740.03,21.746269841269843,110,1820,0,0,2,2,1,0,3,0,1
14855.0,119,2,645.65,32.2825,13,267,1,2,3,3,0,2,2,0,1
14856.0,36,3,1290.53,19.85430769230769,65,711,0,1,0,0,1,0,3,0,1
14857.0,60,2,1173.12,19.552,58,464,1,1,0,0,0,2,2,0,1
14859.0,13,4,1353.74,23.340344827586208,47,671,0,1,0,0,1,0,3,0,1
14860.0,19,1,170.32,15.483636363636364,11,232,1,2,3,3,0,1,1,0,1
14861.0,52,1,125.79,20.965,6,117,1,2,3,3,0,1,1,0,1
14862.0,26,2,841.1999999999999,17.525,47,772,0,1,0,0,1,0,3,0,1
14863.0,29,1,266.76,24.25090909090909,11,132,1,2,3,3,0,1,1,0,1
14865.0,7,2,52.2,13.05,4,108,1,2,3,3,0,1,1,-1,1
14866.0,11,12,14389.9,145.35252525252525,30,6752,0,0,2,2,1,0,0,-1,-1
14867.0,186,3,710.28,19.73,31,328,1,1,0,0,0,2,2,0,1
14868.0,3,8,2953.59,20.511041666666667,96,1405,0,0,2,2,1,0,3,0,1
14869.0,9,2,721.45,10.306428571428572,66,549,0,1,0,0,0,2,2,0,1
14870.0,262,1,327.25,25.173076923076923,13,119,1,2,3,3,0,1,1,0,1
14871.0,3,4,501.28,5.390107526881721,68,179,0,1,0,0,0,2,2,-1,1
14873.0,210,1,519.68,18.56,28,168,1,2,3,3,0,1,1,0,1
14875.0,108,2,1465.3200000000002,31.17702127659575,46,558,1,1,0,0,0,2,2,0,1
14878.0,13,9,1476.09,12.099098360655738,62,799,0,0,2,2,1,0,3,0,1
14880.0,77,3,690.59,15.012826086956522,45,365,1,1,0,0,1,0,3,0,1
14881.0,20,1,255.4,15.023529411764706,17,316,1,1,3,3,0,1,1,0,1
14882.0,27,2,589.7,53.60909090909092,6,158,1,2,1,1,0,1,1,-1,1
14883.0,19,6,761.59,14.369622641509434,39,790,0,1,0,0,1,0,3,0,1
14885.0,132,1,765.3199999999999,51.02133333333333,15,724,1,2,1,1,0,2,2,0,1
14886.0,253,1,364.8,20.266666666666666,18,160,1,2,3,3,0,1,1,0,1
14887.0,79,1,1862.0,310.3333333333333,6,1100,1,2,1,1,1,0,0,-1,1
14888.0,207,1,369.2,18.46,20,184,1,2,3,3,0,1,1,0,1
14889.0,336,1,135.9,13.59,10,90,1,2,3,3,0,1,1,0,1
14890.0,254,1,125.65,17.95,7,51,1,2,3,3,0,1,1,0,1
14891.0,148,2,554.38,16.79939393939394,30,505,1,1,0,0,0,2,2,0,1
14893.0,10,2,1237.85,16.956849315068496,72,799,0,1,0,0,1,0,3,0,1
14894.0,85,1,655.75,28.51086956521739,23,265,1,2,3,3,0,2,2,0,1
14895.0,8,20,11138.71,22.366887550200804,273,4851,0,0,2,2,1,0,0,0,1
14896.0,205,2,468.77,10.901627906976746,43,279,1,1,0,0,0,2,2,0,1
14897.0,8,4,1366.38,24.84327272727273,43,468,0,1,0,0,1,0,3,0,1
14898.0,23,6,1269.31,11.645045871559631,86,1001,0,0,0,0,1,0,3,0,1
14901.0,11,9,1421.29,14.805104166666666,73,661,0,0,2,2,1,0,3,0,1
14902.0,26,1,332.66,16.633000000000003,20,218,1,1,3,3,0,2,2,0,1
14903.0,21,5,2795.33,7.986657142857142,227,1531,0,0,2,2,1,0,3,0,1
14904.0,2,2,1025.44,14.86144927536232,66,1985,0,0,0,0,1,0,3,-1,1
14905.0,158,2,616.15,36.24411764705882,14,287,1,2,3,3,0,2,2,0,1
14907.0,3,7,3501.1,21.21878787878788,125,1691,0,0,2,2,1,0,3,0,1
14908.0,74,1,277.8,30.866666666666667,9,132,1,2,3,3,0,1,1,0,1
14910.0,3,4,434.35,14.478333333333332,25,238,0,1,0,0,0,2,2,0,1
14911.0,1,201,143711.17,25.345885361552032,1787,80240,0,0,2,2,1,0,0,-1,-1
14912.0,17,2,867.85,32.14259259259259,21,971,1,1,0,0,0,2,2,0,1
14913.0,36,4,1227.43,14.108390804597702,76,1743,0,1,0,0,1,0,3,0,1
14915.0,91,2,307.48,25.62333333333333,12,112,1,2,3,3,0,1,1,0,1
14916.0,71,4,1268.98,16.48025974025974,72,1136,0,1,0,0,1,0,3,0,1
14918.0,116,2,1610.15,35.78111111111112,39,675,1,1,0,0,0,2,2,0,1
14920.0,213,2,977.77,17.153859649122808,57,509,1,1,0,0,0,2,2,0,1
14921.0,30,2,1316.07,16.872692307692308,78,953,0,1,0,0,1,0,3,0,1
14923.0,51,1,749.1,17.025000000000002,44,418,1,1,0,0,0,2,2,0,1
14924.0,246,1,310.05,31.005000000000003,10,64,1,2,3,3,0,1,1,0,1
14929.0,32,1,223.88,20.35272727272727,11,136,1,2,3,3,0,1,1,0,1
14930.0,109,3,2362.96,18.605984251968504,116,1160,0,1,0,0,1,0,3,0,1
14931.0,5,5,1257.68,30.675121951219516,30,417,0,0,0,0,1,0,0,0,1
14932.0,366,1,363.53,21.384117647058822,17,80,1,2,3,3,0,1,1,0,1
14934.0,82,2,1890.94,21.734942528735637,68,1042,0,1,0,0,1,0,3,0,1
14935.0,297,1,1784.71,178.471,10,935,1,2,1,1,1,0,0,-1,1
14936.0,34,8,8137.02,22.35445054945055,210,4085,0,0,2,2,1,0,3,0,1
14937.0,57,3,1621.88,47.70235294117647,33,484,0,1,0,0,0,2,2,0,1
14944.0,30,12,5900.25,34.707352941176474,101,2815,0,0,2,2,1,0,3,0,1
14946.0,14,1,100.9,33.63333333333333,3,22,1,2,3,3,0,1,1,0,1
14947.0,72,2,290.82,20.77285714285714,14,179,1,2,3,3,0,1,1,0,1
14948.0,23,6,1101.97,17.491587301587302,56,673,0,1,0,0,1,0,3,0,1
14950.0,19,1,371.2,19.53684210526316,19,136,1,2,3,3,0,1,1,0,1
14951.0,79,1,311.69,15.5845,20,311,1,2,3,3,0,2,2,0,1
14952.0,60,11,8099.49,58.69195652173913,117,3355,0,0,2,2,1,0,0,-1,1
14953.0,25,1,285.67,5.2901851851851855,54,224,1,1,0,0,0,2,2,0,1
14954.0,12,1,294.85,3.8292207792207793,75,117,1,1,0,0,0,2,2,0,1
14957.0,253,1,58.49,4.8741666666666665,12,34,1,2,3,3,0,1,1,0,1
14958.0,147,3,483.73,11.798292682926828,33,128,1,1,3,3,0,2,2,0,1
14959.0,64,4,695.42,11.786779661016949,37,494,1,1,0,0,1,0,3,0,1
14960.0,8,2,221.27,8.195185185185185,23,221,1,1,0,0,0,2,2,0,1
14961.0,11,9,7044.68,22.57910256410257,193,3708,0,0,2,2,1,0,3,0,1
14962.0,271,1,126.7,25.34,5,44,1,2,3,3,0,1,1,0,1
14963.0,10,5,1472.34,7.6684375,149,1159,0,0,2,2,1,0,3,0,1
14964.0,247,1,206.21,15.862307692307692,13,143,1,2,3,3,0,1,1,0,1
14965.0,96,2,596.09,7.359135802469136,80,363,1,1,0,0,0,2,2,0,1
14966.0,15,1,183.02,5.08388888888889,35,179,1,1,3,3,0,2,2,0,1
14967.0,50,1,463.8,77.3,6,140,1,2,1,1,0,1,1,0,1
14968.0,30,1,147.59,3.988918918918919,37,127,1,1,3,3,0,2,2,0,1
14970.0,68,4,1592.06,46.825294117647054,24,250,1,1,0,0,1,0,0,0,1
14971.0,35,3,1097.98,7.083741935483871,144,639,0,1,0,0,1,0,3,0,1
14972.0,128,1,114.77,6.376111111111111,18,28,1,2,3,3,0,1,1,0,1
14973.0,107,3,1314.45,41.0765625,29,369,1,1,0,0,0,2,2,0,1
14974.0,37,1,89.94,5.290588235294117,17,37,1,2,3,3,0,1,1,0,1
14975.0,57,1,279.94,25.44909090909091,11,380,1,2,3,3,0,2,2,0,1
14976.0,57,7,790.86,10.984166666666669,47,234,0,1,0,0,1,0,3,0,1
14978.0,72,5,1921.37,8.97836448598131,136,523,0,1,0,0,1,0,3,0,1
14981.0,246,1,102.12,12.765,8,97,1,2,3,3,0,1,1,0,1
14984.0,19,2,202.37,5.188974358974359,37,58,1,1,3,3,0,2,2,0,1
14985.0,198,2,292.01,3.5181927710843373,78,256,1,1,0,0,0,2,2,0,1
14987.0,16,2,326.4,81.6,2,128,1,2,1,1,0,1,1,-1,1
14988.0,212,1,334.54,8.3635,40,141,1,2,3,3,0,1,1,0,1
14995.0,39,2,231.98,3.866333333333334,53,102,1,1,3,3,0,2,2,0,1
14997.0,46,3,546.1999999999999,21.007692307692302,25,1120,1,1,0,0,0,2,2,0,1
14998.0,170,2,414.87,5.606351351351352,70,258,1,1,0,0,0,2,2,0,1
15000.0,48,1,490.52,6.37038961038961,76,218,1,1,0,0,0,2,2,0,1
15002.0,116,4,1641.76,14.27617391304348,93,862,0,1,0,0,1,0,3,0,1
15004.0,147,1,1220.77,7.927077922077922,154,623,1,1,0,0,0,2,2,-1,1
15005.0,16,28,6295.37,5.661303956834533,360,4230,0,0,2,2,1,0,3,-1,-1
15006.0,51,1,480.38,3.639242424242424,121,286,1,1,0,0,0,2,2,0,1
15007.0,159,1,156.91,13.075833333333334,12,69,1,2,3,3,0,1,1,0,1
15009.0,12,3,1259.43,6.996833333333334,148,639,0,1,0,0,1,0,3,0,1
15010.0,36,1,308.94,15.447,20,184,1,2,3,3,0,2,2,0,1
15012.0,54,2,405.04,3.3200000000000003,110,225,1,1,0,0,0,2,2,0,1
15014.0,43,2,257.67,7.808181818181819,29,149,1,1,3,3,0,2,2,0,1
15016.0,173,1,170.04,8.501999999999999,20,76,1,2,3,3,0,1,1,0,1
15017.0,34,1,125.58,6.279,20,63,1,2,3,3,0,1,1,0,1
15018.0,39,3,496.21,16.006774193548388,30,189,1,1,0,0,0,2,2,0,1
15019.0,267,1,252.81,3.8304545454545456,64,150,1,1,3,3,0,1,1,0,1
15021.0,9,9,1871.77,4.215698198198198,287,819,0,0,2,2,1,0,3,0,1
15022.0,12,4,852.39,7.044545454545454,96,527,0,1,0,0,0,2,2,0,1
15023.0,3,11,6720.41,12.152640144665462,347,2827,0,0,2,2,1,0,3,0,1
15024.0,10,10,1636.43,10.765986842105264,105,902,0,0,2,2,1,0,3,0,1
15025.0,33,1,361.96,5.402388059701492,66,184,1,1,0,0,0,2,2,0,1
15026.0,80,3,469.0,7.688524590163935,57,285,1,1,0,0,0,2,2,0,1
15027.0,31,4,1066.15,30.461428571428566,30,565,0,1,0,0,1,0,0,0,1
15028.0,8,4,627.13,13.065208333333333,35,459,0,1,0,0,1,0,3,0,1
15030.0,72,2,518.28,74.03999999999999,7,372,1,2,1,1,0,1,1,0,1
15031.0,4,4,653.19,5.93809090909091,74,400,0,1,0,0,0,2,2,0,1
15032.0,256,3,4959.1,95.3673076923077,29,2968,0,0,1,1,1,0,0,-1,1
15033.0,5,10,2557.18,5.104151696606786,315,1672,0,0,2,2,1,0,3,0,1
15034.0,16,8,4274.16,10.959384615384614,299,2413,0,0,2,2,1,0,3,0,1
15035.0,90,1,252.73,9.36037037037037,26,245,1,1,3,3,0,2,2,0,1
15036.0,72,3,429.56,3.609747899159664,107,316,1,1,0,0,0,2,2,0,1
15038.0,59,6,685.74,5.48592,105,212,0,1,0,0,1,0,3,0,1
15039.0,10,47,19766.59,13.38293161814489,408,9131,0,0,2,2,1,0,0,-1,-1
15041.0,170,1,179.93,2.726212121212121,66,103,1,1,3,3,0,1,1,0,1
15042.0,199,1,135.93,27.186,5,30,1,2,3,3,0,1,1,0,1
15043.0,31,1,537.0,179.0,3,300,1,2,1,1,0,1,1,-1,1
15044.0,19,17,7634.73,17.19533783783784,233,2785,0,0,2,2,1,0,3,0,1
15045.0,152,2,735.66,61.305,11,114,1,2,1,1,0,1,1,-1,1
15046.0,9,15,5090.42,25.32547263681592,147,3372,0,0,2,2,1,0,0,0,1
15047.0,270,1,343.62,15.61909090909091,22,222,1,2,3,3,0,1,1,0,1
15048.0,65,4,381.0,4.053191489361702,86,192,1,1,0,0,0,2,2,0,1
15049.0,274,1,121.17000000000002,40.39000000000001,3,63,1,2,3,3,0,1,1,0,1
15050.0,25,3,1737.69,22.86434210526316,68,1216,0,1,0,0,1,0,3,0,1
15051.0,23,3,1383.36,9.741971830985916,130,1010,0,1,0,0,1,0,3,0,1
15052.0,319,1,207.73,7.418928571428572,27,79,1,2,3,3,0,1,1,0,1
15053.0,5,3,693.95,10.057246376811596,49,984,0,1,0,0,1,0,3,0,1
15054.0,12,2,302.1,2.6500000000000004,105,198,1,1,0,0,0,2,2,0,1
15057.0,275,2,1489.5,59.58,25,668,1,1,1,1,1,0,0,-1,1
15058.0,25,11,2102.54,7.904285714285714,199,1054,0,0,2,2,1,0,3,0,1
15059.0,41,9,1337.72,5.644388185654009,161,604,0,0,0,0,1,0,3,0,1
15060.0,8,4,294.25,2.5586956521739133,81,257,0,1,0,0,0,2,2,-1,1
15061.0,4,48,54534.14,135.32044665012407,70,28920,0,0,2,2,1,0,0,-1,-1
15062.0,71,4,987.86,17.330877192982456,47,763,0,1,0,0,1,0,3,0,1
15063.0,213,1,370.8,74.16,5,56,1,2,1,1,0,1,1,0,1
15065.0,38,4,3158.13,20.37503225806452,148,1383,0,0,2,2,1,0,3,0,1
15066.0,53,1,893.59,21.275952380952383,42,317,1,1,0,0,0,2,2,0,1
15067.0,78,3,1744.76,21.27756097560976,82,954,0,1,0,0,1,0,3,0,1
15068.0,46,2,553.36,5.320769230769231,96,364,1,1,0,0,0,2,2,0,1
15069.0,179,1,1109.53,15.850428571428573,70,520,1,1,0,0,0,2,2,0,1
15070.0,373,1,106.2,106.2,1,36,1,2,1,1,0,1,1,-1,-1
15071.0,94,2,982.07,37.77192307692308,25,269,1,1,0,0,0,2,2,0,1
15073.0,10,3,1043.41,19.322407407407407,31,491,0,1,0,0,1,0,3,0,1
15074.0,105,1,735.67,17.943170731707315,41,431,1,1,0,0,0,2,2,0,1
15075.0,78,1,773.03,28.63074074074074,27,447,1,1,0,0,0,2,2,0,1
15076.0,173,1,880.85,17.976530612244897,49,571,1,1,0,0,0,2,2,0,1
15078.0,7,32,9743.11,22.14343181818182,97,5105,0,0,2,2,1,0,0,-1,1
15079.0,213,4,895.61,19.055531914893617,46,389,1,1,0,0,0,2,2,0,1
15081.0,22,5,504.8,15.296969696969697,26,190,1,1,0,0,0,2,2,0,1
15083.0,257,1,88.2,17.64,5,38,1,2,3,3,0,1,1,0,1
15087.0,282,1,306.94,20.462666666666667,15,470,1,2,3,3,0,1,1,0,1
15088.0,21,2,1160.07,20.352105263157892,53,460,0,1,0,0,1,0,3,0,1
15089.0,10,6,2420.84,16.69544827586207,139,1359,0,0,2,2,1,0,3,0,1
15090.0,308,1,381.32,16.57913043478261,23,208,1,2,3,3,0,1,1,0,1
15091.0,68,1,480.71,16.023666666666667,30,346,1,1,3,3,0,2,2,0,1
15092.0,215,2,457.81,17.608076923076922,23,135,1,2,3,3,0,1,1,0,1
15093.0,18,6,4597.02,42.565000000000005,52,3760,0,0,2,2,1,0,0,0,1
15095.0,104,4,1370.6,29.161702127659574,30,1079,0,1,0,0,1,0,3,0,1
15096.0,43,1,219.39,19.94454545454545,11,120,1,2,3,3,0,1,1,0,1
15097.0,4,1,248.08,9.9232,25,170,1,1,0,0,0,1,1,0,1
15098.0,182,3,39916.5,13305.5,1,121,1,2,1,1,1,0,0,-1,-1
15099.0,84,1,410.48,17.84695652173913,23,343,1,1,3,3,0,2,2,0,1
15100.0,334,3,876.0,292.0,1,80,1,2,1,1,0,1,1,-1,-1
15101.0,9,2,317.53,39.69125,8,241,1,2,1,1,0,1,1,0,1
15103.0,31,2,703.36,20.096,35,329,1,1,0,0,0,2,2,0,1
15104.0,197,2,993.54,14.828955223880596,66,635,1,1,0,0,0,2,2,0,1
15105.0,18,7,2298.93,22.76168316831683,90,1211,0,0,2,2,1,0,3,0,1
15106.0,18,5,1422.52,14.2252,90,1181,0,0,0,0,1,0,3,0,1
15107.0,311,6,319.5,19.96875,12,169,1,2,3,3,0,1,1,-1,1
15108.0,142,4,1300.25,21.67083333333333,50,499,0,1,0,0,1,0,3,0,1
15109.0,246,1,484.95,17.319642857142856,28,131,1,2,3,3,0,1,1,0,1
15110.0,24,4,996.1,28.46,17,246,1,1,0,0,1,0,0,0,1
15111.0,29,3,1567.48,18.660476190476192,70,710,0,1,0,0,1,0,3,0,1
15113.0,10,3,3509.43,36.179690721649486,77,2344,0,0,2,2,1,0,0,0,1
15114.0,30,10,2760.56,14.012994923857867,136,3096,0,0,2,2,1,0,3,0,1
15115.0,18,1,340.11,16.195714285714285,21,157,1,1,3,3,0,1,1,0,1
15116.0,18,4,1352.75,30.06111111111111,37,648,0,1,0,0,1,0,3,0,1
15117.0,15,5,1551.78,19.64278481012658,63,1948,0,0,2,2,1,0,3,0,1
15118.0,134,1,244.8,244.8,1,1440,1,2,1,1,1,0,0,-1,-1
15119.0,246,1,266.4,19.02857142857143,14,88,1,2,3,3,0,1,1,0,1
15120.0,134,1,358.82,17.086666666666666,21,296,1,2,3,3,0,2,2,0,1
15121.0,50,2,457.72,16.34714285714286,28,199,1,1,0,0,0,2,2,0,1
15122.0,114,3,1633.78,19.924146341463413,65,800,0,1,0,0,1,0,3,0,1
15123.0,7,2,2199.31,20.74820754716981,93,1195,0,0,0,0,1,0,3,0,1
15124.0,23,2,184.19,12.279333333333334,14,233,1,1,3,3,0,1,1,0,1
15125.0,25,15,11528.48,90.77543307086614,102,6193,0,0,2,2,1,0,0,-1,1
15127.0,66,1,406.53,25.408125,16,251,1,2,3,3,0,2,2,0,1
15128.0,60,4,1471.0,14.42156862745098,74,1343,0,1,0,0,1,0,3,0,1
15129.0,50,11,3447.4,41.04047619047619,54,1794,0,0,2,2,1,0,0,0,1
15130.0,170,1,330.11,15.005,22,197,1,2,3,3,0,1,1,0,1
15132.0,18,5,977.93,18.80634615384616,49,679,0,1,0,0,1,0,3,0,1
15133.0,128,3,982.42,33.87655172413793,27,680,1,1,0,0,0,2,2,0,1
15134.0,15,8,1387.99,19.01356164383561,44,887,0,0,2,2,1,0,3,0,1
15135.0,239,1,139.05,15.45,9,43,1,2,3,3,0,1,1,0,1
15136.0,3,4,1286.7,18.92205882352941,61,776,0,0,0,0,1,0,3,0,1
15139.0,240,2,178.96,13.766153846153848,13,208,1,2,3,3,0,1,1,0,1
15140.0,52,7,2354.25,29.428125,74,1572,0,0,2,2,1,0,0,0,1
15142.0,46,1,498.74,19.18230769230769,26,365,1,1,0,0,0,2,2,0,1
15143.0,226,1,259.45,18.53214285714285,14,150,1,2,3,3,0,1,1,0,1
15144.0,8,17,6580.44,30.324608294930872,132,3050,0,0,2,2,1,0,0,0,1
15145.0,4,4,1194.73,17.83179104477612,54,756,0,0,0,0,1,0,3,0,1
15146.0,165,2,1327.16,14.584175824175825,90,1473,0,1,0,0,1,0,3,0,1
15147.0,240,1,623.5,22.267857142857142,28,366,1,2,3,3,0,2,2,0,1
15148.0,11,1,301.29,15.0645,20,187,1,1,3,3,0,1,1,0,1
15149.0,134,1,520.8000000000001,22.643478260869568,23,128,1,2,3,3,0,1,1,0,1
15150.0,17,10,5291.33,15.517096774193549,282,3642,0,0,2,2,1,0,3,0,1
15152.0,10,13,4745.69,17.511771217712177,196,2704,0,0,2,2,1,0,3,0,1
15153.0,31,1,329.25,14.965909090909092,22,198,1,1,3,3,0,2,2,0,1
15154.0,75,1,254.28,3.581408450704225,66,89,1,1,3,3,0,2,2,0,1
15156.0,1,3,961.49,17.481636363636365,51,597,0,1,0,0,1,0,3,0,1
15157.0,4,3,1936.07,15.48856,125,2392,0,0,2,2,1,0,3,0,1
15158.0,45,1,401.4,57.34285714285715,7,198,1,2,1,1,0,1,1,0,1
15159.0,2,30,18641.01,26.254943661971836,363,11441,0,0,2,2,1,0,0,-1,-1
15160.0,357,1,158.16,39.54,4,84,1,2,3,3,0,1,1,0,1
15163.0,18,2,304.47,10.49896551724138,29,186,1,1,0,0,0,2,2,0,1
15164.0,69,3,824.58,8.164158415841584,79,351,1,1,0,0,0,2,2,0,1
15165.0,373,1,487.75,18.064814814814813,27,160,1,2,3,3,0,1,1,0,1
15167.0,321,1,158.8,4.071794871794872,39,65,1,2,3,3,0,1,1,0,1
15168.0,26,1,106.56,21.312,5,52,1,2,3,3,0,1,1,0,1
15171.0,331,1,1289.5,257.9,5,290,1,2,1,1,1,0,0,-1,1
15172.0,9,5,1624.05,14.764090909090909,106,1611,0,0,2,2,1,0,3,0,1
15174.0,323,1,135.75,12.340909090909092,11,145,1,2,3,3,0,1,1,0,1
15175.0,72,1,224.14,9.745217391304347,23,454,1,1,3,3,0,2,2,0,1
15178.0,260,1,40.5,13.5,3,30,1,2,3,3,0,1,1,0,1
15179.0,18,5,2206.95,23.73064516129032,91,1938,0,0,2,2,1,0,3,0,1
15180.0,367,1,87.5,14.583333333333334,6,36,1,2,3,3,0,1,1,0,1
15181.0,66,3,689.4799999999999,43.0925,11,544,1,1,1,1,0,1,1,0,1
15182.0,154,2,622.85,21.477586206896557,24,253,1,1,3,3,0,1,1,0,1
15184.0,29,2,402.2,6.487096774193549,59,199,1,1,0,0,0,2,2,0,1
15185.0,70,1,310.62,14.791428571428572,21,666,1,1,3,3,0,2,2,0,1
15186.0,14,2,411.41,21.653157894736843,17,215,1,1,0,0,0,2,2,0,1
15187.0,2,16,4777.18,52.49648351648352,61,1887,0,0,2,2,1,0,0,0,1
15189.0,1,41,16225.39,76.53485849056604,80,6149,0,0,2,2,1,0,0,-1,-1
15192.0,120,3,1044.32,20.47686274509804,36,918,1,1,0,0,1,0,3,0,1
15193.0,61,1,499.32,26.28,19,144,1,2,3,3,0,1,1,0,1
15194.0,3,15,7616.53,24.569451612903222,209,5703,0,0,2,2,1,0,0,0,1
15195.0,3,1,3861.0,3861.0,1,1404,1,2,1,1,1,0,0,-1,-1
15197.0,11,3,1079.61,33.737812500000004,30,469,0,1,0,0,0,2,2,0,1
15198.0,92,2,193.64,19.364,10,120,1,2,3,3,0,1,1,0,1
15199.0,59,4,1268.7,97.5923076923077,5,396,1,2,1,1,1,0,0,-1,1
15201.0,87,5,1236.54,17.92086956521739,35,1210,0,1,0,0,1,0,3,0,1
15203.0,26,6,1827.8,12.871830985915492,82,1753,0,0,2,2,1,0,3,0,1
15204.0,357,1,316.58,35.175555555555555,9,258,1,2,3,3,0,1,1,0,1
15205.0,85,2,653.24,17.655135135135136,37,378,1,1,0,0,0,2,2,0,1
15206.0,10,4,420.3,46.7,3,162,1,2,1,1,1,0,0,-1,1
15208.0,1,5,870.12,20.717142857142857,25,316,0,1,0,0,1,0,3,0,1
15210.0,225,1,331.18,16.559,20,228,1,2,3,3,0,1,1,0,1
15211.0,60,2,894.4100000000001,17.20019230769231,52,240,1,1,0,0,0,2,2,0,1
15212.0,241,1,101.8,20.36,5,36,1,2,3,3,0,1,1,0,1
15213.0,319,2,328.35,13.68125,22,272,1,2,3,3,0,1,1,0,1
15214.0,2,8,1661.44,15.104,109,1254,0,0,2,2,1,0,3,0,1
15215.0,47,3,734.94,20.998285714285718,33,225,1,1,0,0,0,2,2,0,1
15216.0,88,1,96.6,48.3,2,28,1,2,3,3,0,1,1,1,1
15218.0,11,11,5756.89,34.680060240963854,77,3329,0,0,2,2,1,0,0,0,1
15219.0,176,1,305.75,33.97222222222222,9,45,1,2,3,3,0,1,1,0,1
15220.0,52,6,1778.96,15.204786324786324,110,1393,0,0,0,0,1,0,3,0,1
15221.0,366,1,403.25,80.65,5,43,1,2,1,1,0,1,1,0,1
15222.0,319,1,585.0,117.0,5,440,1,2,1,1,1,0,0,-1,1
15223.0,226,2,755.75,37.7875,14,213,1,2,3,3,0,1,1,0,1
15224.0,358,2,322.08,23.005714285714284,13,152,1,2,3,3,0,1,1,0,1
15225.0,234,1,409.4,17.8,23,226,1,2,3,3,0,1,1,0,1
15226.0,311,1,154.41,19.30125,8,71,1,2,3,3,0,1,1,0,1
15227.0,37,5,1219.4,21.024137931034485,43,750,0,1,0,0,1,0,3,0,1
15228.0,66,4,3386.71,27.09368,110,2255,0,0,2,2,1,0,3,0,1
15230.0,239,2,429.6,18.678260869565214,23,351,1,2,3,3,0,1,1,0,1
15232.0,113,2,612.06,19.74387096774193,26,686,1,1,0,0,0,2,2,0,1
15234.0,277,1,197.0,14.071428571428571,14,196,1,2,3,3,0,1,1,0,1
15235.0,218,12,2247.51,15.716853146853149,132,1324,0,0,2,2,1,0,3,-1,1
15236.0,299,1,321.05,21.40333333333333,15,269,1,2,3,3,0,1,1,0,1
15237.0,2,4,1412.32,14.265858585858584,94,1071,0,0,2,2,1,0,3,0,1
15238.0,29,3,1071.99,21.4398,49,692,0,1,0,0,1,0,3,0,1
15239.0,10,2,780.59,15.930408163265309,48,594,0,1,0,0,1,0,3,0,1
15240.0,45,5,1706.57,21.879102564102563,58,1369,0,0,0,0,1,0,3,0,1
15241.0,67,8,1756.44,15.967636363636364,82,1818,0,0,2,2,1,0,3,0,1
15243.0,74,1,316.68,14.394545454545456,22,185,1,2,3,3,0,2,2,0,1
15244.0,65,2,631.57,18.57558823529412,31,405,1,1,0,0,0,2,2,0,1
15245.0,134,3,2515.84,28.267865168539327,55,1784,0,1,0,0,1,0,3,0,1
15246.0,238,2,514.15,15.58030303030303,32,247,1,1,3,3,0,2,2,0,1
15247.0,122,1,356.0,59.333333333333336,6,160,1,2,1,1,0,1,1,0,1
15249.0,32,13,6688.46,19.109885714285717,211,3577,0,0,2,2,1,0,3,0,1
15251.0,9,11,10484.99,94.45936936936936,97,6171,0,0,2,2,1,0,0,-1,1
15252.0,36,2,740.78,16.83590909090909,44,522,1,1,0,0,0,2,2,0,1
15253.0,16,5,918.2,17.32452830188679,52,866,0,1,0,0,1,0,3,0,1
15254.0,127,1,300.36,16.686666666666667,18,275,1,2,3,3,0,2,2,0,1
15255.0,67,1,890.85,18.95425531914894,47,489,1,1,0,0,0,2,2,0,1
15256.0,149,1,98.45,16.408333333333335,6,55,1,2,3,3,0,1,1,0,1
15257.0,283,1,317.15,45.30714285714286,7,46,1,2,3,3,0,1,1,0,1
15258.0,169,2,623.16,18.328235294117647,32,142,1,1,3,3,0,1,1,0,1
15260.0,100,7,1810.77,23.516493506493507,62,885,0,0,0,0,1,0,3,0,1
15261.0,135,1,254.82,13.41157894736842,19,270,1,2,3,3,0,1,1,0,1
15262.0,324,1,178.95000000000002,17.895000000000003,10,73,1,2,3,3,0,1,1,0,1
15263.0,107,1,156.51,13.0425,12,89,1,2,3,3,0,1,1,0,1
15264.0,64,1,393.74,17.11913043478261,23,265,1,1,3,3,0,2,2,0,1
15265.0,151,2,1506.12,18.36731707317073,76,612,1,1,0,0,1,0,3,0,1
15266.0,338,1,119.3,19.883333333333333,6,18,1,2,3,3,0,1,1,0,1
15267.0,22,5,1717.36,156.12363636363636,8,944,0,0,1,1,1,0,0,-1,1
15269.0,24,1,408.8,204.4,2,26,1,2,1,1,0,1,1,-1,-1
15270.0,16,7,2379.49,58.03634146341463,22,1521,0,0,2,2,1,0,0,-1,1
15271.0,7,15,2493.34,9.444469696969698,184,1251,0,0,2,2,1,0,3,0,1
15272.0,57,2,721.94,11.45936507936508,63,310,1,1,0,0,0,2,2,0,1
15274.0,4,2,716.57,15.24617021276596,44,619,0,1,0,0,1,0,3,0,1
15275.0,38,1,615.14,15.003414634146342,41,498,1,1,0,0,0,2,2,0,1
15276.0,66,1,128.63,2.6251020408163264,49,61,1,1,3,3,0,1,1,0,1
15277.0,47,1,255.9,21.325,12,205,1,2,3,3,0,1,1,0,1
15279.0,355,1,290.51,15.29,19,189,1,2,3,3,0,1,1,0,1
15280.0,172,1,113.12,7.07,16,154,1,2,3,3,0,1,1,0,1
15281.0,59,9,2332.15,16.778057553956835,121,1211,0,0,2,2,1,0,3,0,1
15286.0,50,1,240.55,80.18333333333334,3,55,1,2,1,1,0,1,1,-1,1
15287.0,22,2,486.69,24.3345,17,433,1,1,0,0,0,2,2,0,1
15288.0,43,5,2306.52,26.210454545454542,80,775,0,0,0,0,1,0,3,0,1
15289.0,29,3,939.78,16.20310344827586,43,1008,0,1,0,0,1,0,3,0,1
15290.0,5,18,7943.22,38.93735294117647,93,4501,0,0,2,2,1,0,0,0,1
15291.0,26,15,4668.3,45.32330097087379,62,2103,0,0,2,2,1,0,0,0,1
15292.0,201,1,178.39,7.432916666666666,24,55,1,2,3,3,0,1,1,0,1
15296.0,51,6,3672.86,18.93226804123712,137,1766,0,0,2,2,1,0,3,0,1
15297.0,10,3,641.94,16.46,30,292,1,1,0,0,0,2,2,0,1
15298.0,2,12,4799.9,24.999479166666664,115,3116,0,0,2,2,1,0,3,0,1
15299.0,67,7,4507.01,643.8585714285715,7,2948,0,0,1,1,1,0,0,-1,-1
15300.0,64,1,496.44,17.73,28,292,1,1,3,3,0,2,2,0,1
15301.0,51,12,5049.95,20.867561983471077,167,2751,0,0,2,2,1,0,3,0,1
15303.0,290,1,574.02,18.516774193548382,31,248,1,2,3,3,0,1,1,0,1
15304.0,61,8,694.4000000000001,30.19130434782609,8,104,1,2,3,3,0,1,1,-1,1
15306.0,64,3,1174.35,20.247413793103448,57,810,0,1,0,0,1,0,3,0,1
15307.0,96,1,205.3,17.108333333333334,12,37,1,2,3,3,0,1,1,0,1
15308.0,274,1,310.47,16.340526315789475,19,175,1,2,3,3,0,1,1,0,1
15311.0,1,91,60632.75,25.626690617075237,567,38147,0,0,2,2,1,0,0,-1,-1
15312.0,75,4,924.85,19.677659574468084,42,516,0,1,0,0,1,0,3,0,1
15313.0,110,1,52.0,52.0,1,25,1,2,3,3,0,1,1,1,-1
15314.0,199,1,327.97,13.665416666666667,24,313,1,2,3,3,0,1,1,0,1
15315.0,64,2,570.5,15.41891891891892,35,862,1,1,0,0,0,2,2,0,1
15316.0,327,1,165.0,165.0,1,100,1,2,1,1,0,1,1,-1,1
15318.0,4,1,312.62,9.473333333333333,33,642,1,1,0,0,1,0,3,-1,1
15319.0,284,1,204.5,12.78125,16,175,1,2,3,3,0,1,1,0,1
15320.0,44,1,267.13,7.420277777777778,36,326,1,1,3,3,0,2,2,0,1
15321.0,71,3,2748.31,28.92957894736842,83,1181,0,1,0,0,1,0,3,0,1
15322.0,86,1,679.68,16.18285714285714,42,416,1,1,0,0,0,2,2,0,1
15325.0,104,1,161.74,3.3695833333333334,47,231,1,1,3,3,0,2,2,0,1
15326.0,334,1,311.71,10.748620689655173,29,386,1,2,3,3,0,1,1,0,1
15327.0,53,1,208.75,20.875,10,116,1,2,3,3,0,1,1,0,1
15329.0,39,3,1049.7,18.41578947368421,51,486,0,1,0,0,0,2,2,0,1
15330.0,32,2,714.96,54.99692307692308,10,1312,1,1,1,1,1,0,0,-1,1
15332.0,366,4,1661.06,47.45885714285714,29,652,1,1,0,0,0,2,2,-1,1
15333.0,208,1,1028.56,64.285,16,344,1,2,1,1,0,1,1,-1,1
15334.0,157,3,350.82,3.579795918367347,67,273,1,1,0,0,0,2,2,0,1
15335.0,54,1,170.22,4.863428571428571,34,79,1,2,3,3,0,1,1,0,1
15339.0,66,2,574.07,6.675232558139536,77,416,1,1,0,0,0,2,2,0,1
15341.0,81,1,2020.52,118.85411764705884,17,812,1,1,1,1,1,0,0,-1,1
15342.0,130,1,406.09,16.920416666666664,24,283,1,2,3,3,0,2,2,0,1
15343.0,87,1,364.5,17.357142857142858,21,84,1,2,3,3,0,1,1,0,1
15344.0,1,3,563.94,21.69,21,116,1,1,0,0,0,1,1,-1,1
15345.0,46,1,393.54,19.677,20,81,1,2,3,3,0,1,1,0,1
15346.0,333,1,252.42,14.848235294117648,17,144,1,2,3,3,0,1,1,0,1
15347.0,366,1,201.6,40.32000000000001,5,130,1,2,3,3,0,1,1,0,1
15348.0,72,1,158.04,17.56,9,84,1,2,3,3,0,1,1,0,1
15349.0,158,2,463.91,6.533943661971831,65,321,1,1,0,0,0,2,2,0,1
15350.0,373,1,115.65,23.130000000000003,5,51,1,2,3,3,0,1,1,0,1
15351.0,12,7,1934.66,8.83406392694064,157,742,0,0,2,2,1,0,3,0,1
15353.0,255,2,770.12,12.624918032786884,59,341,1,1,0,0,0,2,2,0,1
15355.0,29,2,277.05,19.789285714285715,9,45,1,2,3,3,0,1,1,0,1
15356.0,31,10,2718.03,5.446953907815631,215,1643,0,0,2,2,1,0,3,0,1
15358.0,5,22,8347.2,15.149183303085302,292,7050,0,0,2,2,1,0,3,0,-1
15360.0,40,1,427.93,32.917692307692306,13,223,1,2,3,3,0,1,1,0,1
15361.0,362,1,418.92,59.84571428571429,7,336,1,2,1,1,0,1,1,0,1
15363.0,373,1,326.0,20.375,16,144,1,2,3,3,0,1,1,0,1
15364.0,96,2,913.19,31.489310344827587,29,493,1,1,0,0,0,2,2,0,1
15365.0,26,7,2314.32,20.301052631578948,65,1084,0,0,2,2,1,0,3,0,1
15366.0,75,2,602.51,13.69340909090909,37,621,1,1,0,0,0,2,2,0,1
15367.0,57,4,1877.59,19.76410526315789,91,1057,0,1,0,0,1,0,3,0,1
15368.0,21,1,446.94000000000005,111.735,4,230,1,2,1,1,0,1,1,-1,1
15370.0,41,7,2386.05,25.383510638297874,65,830,0,0,2,2,1,0,3,0,1
15372.0,137,1,2007.4,74.34814814814814,27,2924,1,1,1,1,1,0,0,-1,1
15373.0,8,12,2415.91,18.302348484848483,74,500,0,0,2,2,1,0,3,0,1
15374.0,129,1,168.0,56.0,3,126,1,2,3,3,0,1,1,0,1
15376.0,40,3,1221.56,10.530689655172411,100,615,0,1,0,0,1,0,3,0,1
15379.0,169,7,3703.29,19.089123711340207,145,2305,0,0,2,2,1,0,3,0,1
15380.0,9,5,1690.2600000000002,46.95166666666668,22,376,0,0,0,0,1,0,0,0,1
15381.0,214,2,596.85,74.60625,8,171,1,2,1,1,0,1,1,-1,1
15382.0,15,6,5955.71,19.7208940397351,193,4012,0,0,2,2,1,0,3,0,1
15384.0,170,2,642.41,15.668536585365851,34,596,1,1,0,0,0,2,2,0,1
15385.0,40,1,316.88,26.406666666666663,12,161,1,2,3,3,0,1,1,0,1
15386.0,186,1,394.14,12.714193548387096,31,446,1,1,3,3,0,1,1,0,1
15388.0,270,1,140.54,14.053999999999998,10,88,1,2,3,3,0,1,1,0,1
15389.0,172,1,500.0,500.0,1,400,1,2,1,1,0,1,1,-1,-1
15392.0,5,4,1535.53,18.28011904761905,74,1277,0,0,2,2,1,0,3,0,1
15393.0,16,2,231.86,19.32166666666667,10,150,1,2,3,3,0,1,1,0,1
15394.0,10,4,2183.54,25.68870588235294,54,910,0,0,0,0,1,0,0,0,1
15395.0,326,1,107.45,15.35,7,17,1,2,3,3,0,1,1,0,1
15396.0,113,1,288.18,20.58428571428572,14,122,1,2,3,3,0,1,1,0,1
15397.0,290,1,94.0,15.666666666666666,6,20,1,2,3,3,0,1,1,0,1
15398.0,16,2,1345.53,18.43191780821918,60,769,0,1,0,0,1,0,3,0,1
15399.0,1,3,815.77,16.3154,45,611,0,1,0,0,1,0,3,0,1
15400.0,92,5,716.2,59.68333333333334,10,390,1,2,1,1,0,2,2,0,1
15402.0,149,2,626.77,14.923095238095238,35,694,1,1,0,0,0,2,2,0,1
15405.0,189,1,349.1,43.6375,8,193,1,2,3,3,0,1,1,0,1
15406.0,31,2,510.71,9.636037735849058,51,254,1,1,0,0,0,2,2,0,1
15407.0,34,4,1046.74,7.072567567567567,142,552,0,1,0,0,1,0,3,0,1
15408.0,264,1,267.18,7.858235294117647,34,106,1,2,3,3,0,1,1,0,1
15410.0,84,8,3450.84,28.285573770491805,48,1200,0,0,2,2,1,0,0,0,1
15411.0,26,4,1348.93,13.764591836734697,86,529,0,1,0,0,1,0,3,0,1
15412.0,171,1,190.53,19.053,10,108,1,2,3,3,0,1,1,0,1
15414.0,10,3,774.9000000000001,19.86923076923077,37,443,0,1,0,0,1,0,3,0,1
15415.0,313,1,559.61,11.906595744680851,46,551,1,1,0,0,0,1,1,0,1
15416.0,65,4,3984.32,20.75166666666667,165,2090,0,0,2,2,1,0,3,0,1
15417.0,85,1,508.8,18.17142857142857,28,284,1,1,3,3,0,2,2,0,1
15419.0,25,1,135.86,16.9825,8,230,1,2,3,3,0,1,1,0,1
15421.0,59,4,950.36,17.93132075471698,40,500,0,1,0,0,1,0,3,0,1
15422.0,323,2,97.7,16.283333333333335,6,38,1,2,3,3,0,1,1,0,1
15423.0,38,1,43.5,21.75,2,101,1,2,3,3,0,1,1,-1,1
15424.0,254,2,383.34,22.54941176470588,17,554,1,2,3,3,0,1,1,0,1
15426.0,19,5,1404.07,5.105709090909091,217,656,0,1,0,0,1,0,3,0,1
15427.0,33,3,1430.54,4.899109589041096,233,967,0,1,0,0,1,0,3,0,1
15428.0,15,1,93.78,15.63,6,102,1,2,3,3,0,1,1,0,1
15429.0,27,2,397.35,4.845731707317073,77,380,1,1,0,0,0,2,2,0,1
15432.0,23,1,171.19,17.119,10,65,1,2,3,3,0,1,1,0,1
15433.0,214,2,533.3,13.00731707317073,40,534,1,1,0,0,0,2,2,0,1
15434.0,8,5,1041.48,18.936,40,647,0,1,0,0,1,0,3,0,1
15435.0,22,1,149.29,5.147931034482759,29,54,1,2,3,3,0,2,2,0,1
15436.0,12,3,1067.75,3.669243986254296,243,574,0,1,0,0,1,0,3,0,1
15437.0,262,1,200.16,4.448,44,79,1,2,3,3,0,1,1,0,1
15438.0,131,1,156.57999999999998,6.263199999999999,25,59,1,2,3,3,0,1,1,0,1
15440.0,55,3,383.68,6.188387096774194,50,197,1,1,0,0,0,2,2,0,1
15442.0,249,1,594.0,297.0,2,120,1,2,1,1,0,1,1,-1,1
15443.0,2,7,3213.59,8.638682795698925,237,1639,0,0,2,2,1,0,3,0,1
15444.0,9,2,1411.21,6.594439252336449,191,759,0,1,0,0,0,2,2,0,1
15445.0,264,1,113.5,22.7,5,58,1,2,3,3,0,1,1,0,1
15447.0,331,1,155.17,17.24111111111111,9,85,1,2,3,3,0,1,1,0,1
15448.0,313,1,494.64,17.665714285714284,28,232,1,2,3,3,0,1,1,0,1
15449.0,26,3,974.52,16.242,47,812,0,1,0,0,1,0,3,0,1
15450.0,30,1,429.84,14.328,30,376,1,1,0,0,0,2,2,0,1
15452.0,30,3,528.48,9.437142857142858,47,280,1,1,0,0,0,2,2,0,1
15453.0,2,7,1371.77,4.91673835125448,169,837,0,0,2,2,1,0,3,0,1
15454.0,362,1,179.1,7.164,23,86,1,2,3,3,0,1,1,0,1
15456.0,283,3,434.59,7.492931034482759,48,633,1,1,0,0,0,2,2,0,1
15457.0,262,1,237.07,4.087413793103448,56,132,1,1,3,3,0,1,1,0,1
15458.0,25,1,161.64,23.09142857142857,7,156,1,2,3,3,0,1,1,0,1
15460.0,354,1,214.26,3.826071428571428,53,107,1,2,3,3,0,1,1,0,1
15462.0,94,3,234.6,21.327272727272728,9,172,1,2,3,3,0,1,1,0,1
15463.0,29,1,126.14,18.02,7,106,1,2,3,3,0,1,1,0,1
15464.0,338,1,1044.65,6.739677419354839,155,348,1,1,0,0,0,2,2,-1,1
15465.0,20,18,7354.62,75.82082474226804,43,1257,0,0,2,2,1,0,0,-1,1
15466.0,85,1,334.53,5.868947368421052,56,246,1,1,3,3,0,2,2,0,1
15467.0,9,3,524.88,10.093846153846156,41,310,0,1,0,0,0,2,2,0,1
15468.0,51,2,467.51,19.47958333333333,24,155,1,1,3,3,0,2,2,0,1
15469.0,50,2,538.55,22.43958333333333,24,153,1,1,3,3,0,2,2,0,1
15471.0,2,1,454.48,6.225753424657534,67,256,1,1,0,0,1,0,3,-1,1
15472.0,113,1,371.56,4.888947368421053,76,251,1,1,0,0,0,2,2,0,1
15473.0,14,7,1771.2,161.01818181818183,4,672,0,0,1,1,1,0,0,-1,1
15475.0,77,1,454.11,15.658965517241375,29,319,1,1,3,3,0,2,2,0,1
15478.0,40,2,1399.92,31.81636363636364,34,575,1,1,0,0,0,2,2,0,1
15480.0,116,1,905.5,20.122222222222224,45,303,1,1,0,0,0,2,2,0,1
15482.0,16,12,10879.76,112.16247422680412,46,5004,0,0,2,2,1,0,0,-1,1
15483.0,161,4,225.26,2.681666666666666,74,291,1,1,0,0,0,2,2,0,1
15484.0,1,4,3590.41,19.200053475935828,135,3150,0,0,2,2,1,0,3,-1,1
15485.0,30,3,2564.5,30.17058823529412,59,1281,0,0,0,0,1,0,3,0,1
15488.0,93,1,91.32,45.66,2,73,1,2,3,3,0,1,1,0,1
15489.0,23,3,1134.28,22.6856,47,608,0,1,0,0,1,0,3,0,1
15491.0,95,6,3100.09,20.130454545454548,108,1646,0,0,2,2,1,0,3,0,1
15492.0,28,2,659.4599999999999,18.84171428571428,32,483,1,1,0,0,0,2,2,0,1
15493.0,33,5,1953.41,6.759204152249136,177,551,0,1,0,0,1,0,3,0,1
15494.0,21,2,1280.58,10.49655737704918,120,1139,0,1,0,0,1,0,3,0,1
15497.0,18,2,1262.2,84.14666666666668,13,624,1,1,1,1,1,0,0,-1,1
15498.0,3,27,13316.4,26.00859375,360,6105,0,0,2,2,1,0,0,0,-1
15500.0,8,4,1131.56,16.640588235294118,64,572,0,1,0,0,1,0,3,0,1
15502.0,16,12,10384.93,48.75553990610329,164,4236,0,0,2,2,1,0,0,-1,1
15503.0,363,1,141.04,2.1369696969696967,66,70,1,2,3,3,0,1,1,0,1
15504.0,81,1,52.83,4.063846153846153,13,33,1,2,3,3,0,1,1,-1,1
15505.0,53,5,3610.96,37.22639175257732,90,2390,0,0,2,2,1,0,3,0,1
15506.0,23,3,972.08,6.03776397515528,121,842,0,1,0,0,1,0,3,0,1
15507.0,172,1,475.86,10.574666666666667,41,160,1,1,3,3,0,2,2,0,1
15508.0,189,6,1000.27,10.8725,78,440,0,1,0,0,1,0,3,0,1
15510.0,331,1,250.0,250.0,1,2,1,2,1,1,0,1,1,-1,-1
15511.0,12,5,900.53,5.699556962025317,117,269,0,1,0,0,0,2,2,0,1
15512.0,156,2,121.0,17.285714285714285,7,68,1,2,3,3,0,1,1,0,1
15513.0,33,19,14758.22,47.91629870129871,183,5709,0,0,2,2,1,0,3,-1,1
15514.0,12,11,4023.72,24.239277108433736,96,2098,0,0,2,2,1,0,3,0,1
15516.0,45,3,62.43,4.162,15,27,1,2,3,3,0,1,1,-1,1
15517.0,233,1,267.03,9.89,27,293,1,2,3,3,0,1,1,0,1
15518.0,64,8,1921.55,9.150238095238096,135,1263,0,0,2,2,1,0,3,0,1
15520.0,2,1,343.5,19.08333333333333,18,314,1,1,0,0,0,1,1,0,1
15521.0,40,8,3000.2,16.217297297297296,116,1836,0,0,2,2,1,0,3,0,1
15522.0,33,2,397.99,7.106964285714286,47,572,1,1,0,0,0,2,2,0,1
15523.0,84,1,412.0100000000001,41.20100000000001,10,132,1,2,3,3,0,1,1,0,1
15524.0,25,1,440.0,440.0,1,4,1,2,1,1,0,1,1,-1,-1
15525.0,2,3,734.37,4.7075000000000005,133,387,0,1,0,0,0,2,2,0,1
15526.0,33,2,148.44,37.11,4,24,1,2,3,3,0,1,1,-1,1
15527.0,19,8,2428.53,14.990925925925929,127,991,0,0,2,2,1,0,3,0,1
15528.0,254,1,229.33,8.820384615384615,26,123,1,2,3,3,0,1,1,0,1
15529.0,23,11,3962.6,5.985800604229607,415,3455,0,0,2,2,1,0,3,0,1
15530.0,22,4,1497.31,13.993551401869158,90,938,0,1,0,0,1,0,3,0,1
15531.0,8,2,1972.39,9.00634703196347,196,1085,0,1,0,0,0,2,2,-1,1
15532.0,25,4,1564.73,6.23398406374502,205,515,0,1,0,0,1,0,3,0,1
15533.0,19,3,807.57,9.729759036144578,73,289,0,1,0,0,1,0,3,0,1
15535.0,173,4,502.9,6.984722222222222,55,135,1,1,0,0,0,2,2,0,1
15537.0,163,1,110.92,4.621666666666667,24,29,1,2,3,3,0,1,1,0,1
15539.0,7,1,538.46,13.13317073170732,41,410,1,1,0,0,1,0,3,0,1
15540.0,11,1,213.3,14.22,15,200,1,1,3,3,0,1,1,0,1
15541.0,114,1,85.13000000000001,2.9355172413793107,29,49,1,2,3,3,0,1,1,0,1
15543.0,288,1,127.86,4.566428571428571,26,86,1,2,3,3,0,1,1,0,1
15544.0,9,9,3546.71,13.693861003861004,122,3109,0,0,2,2,1,0,3,0,1
15545.0,54,2,288.97,3.612125,78,162,1,1,0,0,0,2,2,0,1
15547.0,7,14,4910.6,7.065611510791367,441,3999,0,0,2,2,1,0,3,0,1
15549.0,77,3,1681.46,14.749649122807018,104,694,0,1,0,0,1,0,3,0,1
15550.0,4,4,575.63,9.43655737704918,43,295,0,1,0,0,1,0,3,0,1
15551.0,37,1,436.06,15.036551724137931,29,218,1,1,3,3,0,2,2,0,1
15552.0,217,1,90.12,5.301176470588236,17,60,1,2,3,3,0,1,1,0,1
15553.0,60,1,428.93,7.798727272727273,51,449,1,1,0,0,0,2,2,0,1
15554.0,278,1,217.2,15.514285714285714,14,74,1,2,3,3,0,1,1,0,1
15555.0,12,16,4794.86,5.4057046223224345,401,4427,0,0,2,2,1,0,3,0,1
15556.0,24,1,279.77,9.024838709677418,31,236,1,1,3,3,0,2,2,0,1
15557.0,29,1,468.91,24.679473684210528,16,213,1,2,3,3,0,2,2,0,1
15561.0,12,4,800.59,29.651481481481483,27,267,0,1,0,0,0,2,2,0,1
15562.0,352,1,134.55,134.55,1,39,1,2,1,1,0,1,1,-1,-1
15563.0,22,4,1400.44,12.393274336283186,88,1501,0,0,0,0,1,0,3,0,1
15565.0,50,2,173.16,21.645,8,60,1,2,3,3,0,1,1,0,1
15567.0,19,1,186.01,26.572857142857146,7,223,1,2,3,3,0,1,1,0,1
15568.0,3,3,758.29,14.307358490566036,27,461,0,1,0,0,1,0,3,0,1
15569.0,104,5,1375.71,44.37774193548388,27,666,0,1,0,0,1,0,0,0,1
15570.0,7,12,4148.82,13.005705329153605,231,2063,0,0,2,2,1,0,3,0,1
15571.0,12,4,650.4300000000001,11.411052631578947,47,264,0,1,0,0,0,2,2,0,1
15572.0,5,7,2533.42,11.95009433962264,166,1213,0,0,2,2,1,0,3,0,1
15573.0,32,2,591.1899999999999,6.094742268041236,88,355,1,1,0,0,0,2,2,0,1
15574.0,178,4,675.64,4.445,131,332,1,1,0,0,0,2,2,0,1
15576.0,38,1,921.37,21.427209302325583,43,394,1,1,0,0,0,2,2,0,1
15577.0,151,3,258.88,6.637948717948718,39,89,1,1,3,3,0,1,1,0,1
15578.0,162,1,127.1,9.776923076923076,13,52,1,2,3,3,0,1,1,0,1
15579.0,69,2,327.6,6.825,45,117,1,1,3,3,0,2,2,0,1
15581.0,121,13,3675.77,25.176506849315068,134,283,0,0,2,2,1,0,3,-1,1
15582.0,25,3,682.9100000000001,15.52068181818182,39,453,1,1,0,0,0,2,2,0,1
15584.0,24,4,720.86,5.908688524590164,89,313,0,1,0,0,0,2,2,0,1
15585.0,177,1,455.3,14.687096774193549,31,320,1,1,3,3,0,1,1,0,1
15587.0,50,4,913.68,101.52,3,312,1,2,1,1,1,0,0,-1,1
15589.0,256,3,478.53,16.501034482758623,28,243,1,1,3,3,0,1,1,0,1
15592.0,47,1,388.58,16.190833333333334,24,354,1,1,3,3,0,2,2,0,1
15593.0,71,1,199.8,39.96,5,60,1,2,3,3,0,1,1,0,1
15594.0,16,5,1771.78,17.201747572815535,85,983,0,0,0,0,1,0,3,0,1
15596.0,101,5,1406.59,18.2674025974026,51,561,0,1,0,0,1,0,3,0,1
15597.0,35,1,324.57,14.753181818181815,22,279,1,1,3,3,0,2,2,0,1
15598.0,53,1,240.68,17.19142857142857,14,160,1,2,3,3,0,1,1,0,1
15599.0,27,2,761.74,14.648846153846154,50,718,0,1,0,0,1,0,3,0,1
15601.0,11,14,6776.56,16.52819512195122,230,4983,0,0,2,2,1,0,3,0,1
15602.0,8,9,1297.87,28.214565217391307,30,1137,0,0,2,2,1,0,3,0,1
15603.0,79,1,48.48,24.24,2,96,1,2,3,3,0,1,1,-1,1
15604.0,52,1,216.39,12.728823529411764,17,159,1,2,3,3,0,1,1,0,1
15605.0,36,5,1198.23,17.88402985074627,61,441,0,1,0,0,1,0,3,0,1
15606.0,61,9,2920.16,37.92415584415584,48,892,0,0,2,2,1,0,0,0,1
15607.0,337,1,104.76,8.05846153846154,13,202,1,2,3,3,0,1,1,0,1
15608.0,28,4,1093.68,18.228,59,714,0,1,0,0,1,0,3,0,1
15609.0,184,1,298.48,18.655,16,148,1,2,3,3,0,1,1,0,1
15610.0,52,1,112.46,18.743333333333336,6,66,1,2,3,3,0,1,1,0,1
15611.0,10,13,1591.45,37.01046511627907,23,504,0,0,2,2,1,0,3,-1,1
15612.0,36,2,195.15,32.525,4,52,1,2,3,3,0,1,1,-1,1
15615.0,10,23,10399.74,24.585673758865248,184,5508,0,0,2,2,1,0,0,0,1
15618.0,33,4,776.851,17.263355555555556,39,454,0,1,0,0,0,2,2,0,1
15619.0,11,1,336.40000000000003,112.13333333333334,3,136,1,2,1,1,0,1,1,-1,1
15620.0,57,3,1553.18,15.5318,92,915,0,1,0,0,1,0,3,0,1
15621.0,4,4,1293.03,80.814375,11,501,0,0,1,1,1,0,0,-1,1
15622.0,43,9,3709.56,20.051675675675675,169,1674,0,0,2,2,1,0,3,0,1
15623.0,141,1,301.03,15.843684210526314,19,125,1,2,3,3,0,1,1,0,1
15624.0,117,4,588.13,17.297941176470587,26,357,1,1,0,0,0,2,2,0,1
15625.0,104,4,1534.26,23.9728125,44,1188,0,1,0,0,1,0,3,0,1
15626.0,75,2,675.8,13.791836734693875,49,766,1,1,0,0,0,2,2,0,1
15628.0,5,9,2870.24,18.51767741935484,85,1894,0,0,2,2,1,0,3,0,1
15630.0,45,2,1186.35,19.7725,57,800,0,1,0,0,0,2,2,0,1
15632.0,16,8,3285.31,19.67251497005988,107,2109,0,0,2,2,1,0,3,0,1
15634.0,17,1,243.55,16.236666666666668,15,99,1,2,3,3,0,1,1,0,1
15636.0,90,2,724.76,28.9904,20,284,1,1,0,0,0,2,2,0,1
15637.0,53,1,223.36,14.890666666666668,15,128,1,2,3,3,0,1,1,0,1
15639.0,134,1,425.32,17.0128,25,323,1,2,3,3,0,2,2,0,1
15640.0,4,15,12416.11,26.084264705882354,240,6572,0,0,2,2,1,0,0,0,1
15641.0,105,4,1887.2,15.858823529411763,102,1562,0,1,0,0,1,0,3,0,1
15643.0,192,3,664.0,20.12121212121212,31,246,1,1,0,0,0,2,2,0,1
15644.0,166,4,803.54,3.4635344827586207,166,550,0,1,0,0,0,2,2,0,1
15645.0,19,1,612.01,11.769423076923076,50,256,1,1,0,0,0,2,2,0,1
15646.0,158,3,447.64,12.789714285714288,35,394,1,1,0,0,0,2,2,0,1
15648.0,204,2,639.5,26.64583333333333,23,218,1,2,3,3,0,1,1,0,1
15649.0,336,2,816.0,408.0,1,192,1,2,1,1,0,1,1,-1,-1
15651.0,37,3,646.3,20.196875,27,479,1,1,0,0,0,2,2,0,1
15652.0,91,1,337.74,16.082857142857144,21,208,1,2,3,3,0,2,2,0,1
15653.0,93,2,877.4399999999999,146.23999999999998,4,1200,1,2,1,1,1,0,0,-1,1
15654.0,9,2,922.53,43.93,15,475,1,1,0,0,1,0,0,-1,1
15655.0,243,1,560.67,16.490294117647057,34,324,1,1,3,3,0,1,1,0,1
15656.0,45,4,748.5,15.925531914893616,46,343,1,1,0,0,0,2,2,0,1
15657.0,23,1,30.0,30.0,1,24,1,2,3,3,0,1,1,-1,-1
15658.0,190,5,1024.1,21.33541666666667,40,242,1,1,0,0,1,0,3,0,1
15659.0,44,1,306.45,27.85909090909091,11,111,1,2,3,3,0,1,1,0,1
15660.0,25,9,1600.86,17.787333333333333,55,1050,0,0,2,2,1,0,3,0,1
15661.0,317,2,309.8,61.96,4,236,1,2,1,1,0,1,1,0,1
15663.0,106,1,138.14,15.348888888888888,9,106,1,2,3,3,0,1,1,0,1
15664.0,51,1,386.43,22.731176470588235,17,157,1,2,3,3,0,1,1,0,1
15665.0,168,2,2222.21,19.323565217391305,92,1654,0,1,0,0,1,0,3,0,1
15667.0,40,1,301.32,23.178461538461537,13,240,1,2,3,3,0,1,1,0,1
15668.0,218,1,76.32000000000001,76.32000000000001,1,72,1,2,3,3,0,1,1,0,1
15669.0,40,4,684.34,20.73757575757576,31,342,1,1,0,0,0,2,2,0,1
15670.0,297,1,173.05,14.420833333333334,12,91,1,2,3,3,0,1,1,0,1
15671.0,19,7,2657.13,34.065769230769234,52,1699,0,0,2,2,1,0,0,0,1
15673.0,88,4,2726.23,19.755289855072466,107,1451,0,0,0,0,1,0,3,0,1
15674.0,73,5,2446.6,21.46140350877193,88,1275,0,0,0,0,1,0,3,0,1
15675.0,81,3,323.69,15.413809523809524,20,527,1,1,0,0,0,2,2,0,1
15676.0,19,3,3435.76,17.00871287128713,191,2252,0,0,2,2,1,0,3,0,1
15677.0,49,1,657.23,19.916060606060608,33,319,1,1,0,0,0,2,2,0,1
15678.0,53,1,352.7,29.391666666666666,12,184,1,2,3,3,0,1,1,0,1
15679.0,24,4,781.28,7.102545454545455,98,1170,0,1,0,0,1,0,3,0,1
15680.0,9,3,1333.68,17.09846153846154,61,952,0,1,0,0,1,0,3,0,1
15681.0,25,5,1426.16,26.90867924528302,32,816,0,1,0,0,1,0,3,0,1
15683.0,117,1,193.75,19.375,10,131,1,2,3,3,0,1,1,0,1
15687.0,9,9,2993.1,18.030722891566263,119,1310,0,0,2,2,1,0,3,0,1
15689.0,120,2,254.1,28.23333333333333,8,84,1,2,3,3,0,1,1,0,1
15690.0,4,2,239.76,12.618947368421052,19,408,1,1,0,0,0,1,1,0,1
15691.0,252,1,136.8,68.4,2,72,1,2,3,3,0,1,1,0,1
15692.0,28,1,191.04,15.92,12,138,1,2,3,3,0,1,1,0,1
15694.0,1,14,6479.4,83.06923076923077,42,1677,0,0,2,2,1,0,0,-1,-1
15695.0,267,2,409.98,18.635454545454547,22,212,1,2,3,3,0,1,1,0,1
15696.0,33,8,2711.11,16.137559523809525,140,1015,0,0,2,2,1,0,3,0,1
15699.0,18,1,309.65,17.202777777777776,18,113,1,2,3,3,0,1,1,0,1
15700.0,172,2,696.68,8.10093023255814,85,357,1,1,0,0,0,2,2,0,1
15701.0,2,4,1529.0,6.647826086956521,193,912,0,0,2,2,1,0,3,0,1
15703.0,265,1,211.5,42.3,5,66,1,2,3,3,0,1,1,0,1
15704.0,140,4,2293.62,19.603589743589744,79,1028,0,1,0,0,1,0,3,0,1
15705.0,201,1,143.1,23.85,6,62,1,2,3,3,0,1,1,0,1
15706.0,64,4,1060.56,19.28290909090909,50,321,0,1,0,0,1,0,3,0,1
15707.0,35,4,916.98,4.473073170731707,126,594,0,1,0,0,1,0,3,0,1
15708.0,41,7,3235.25,11.8507326007326,124,1217,0,0,2,2,1,0,3,0,1
15709.0,284,1,133.25,22.20833333333333,6,121,1,2,3,3,0,1,1,0,1
15712.0,9,5,1072.36,20.233207547169812,41,486,0,1,0,0,1,0,3,0,1
15713.0,143,2,356.7,18.77368421052632,18,150,1,2,3,3,0,1,1,0,1
15714.0,12,2,330.03000000000003,9.706764705882351,34,186,1,1,0,0,0,2,2,0,1
15716.0,146,4,1101.11,9.411196581196585,101,738,0,1,0,0,1,0,3,0,1
15717.0,234,1,150.3,21.47142857142857,7,70,1,2,3,3,0,1,1,0,1
15719.0,33,13,5030.07,5.402867883995703,299,2718,0,0,2,2,1,0,3,0,1
15720.0,24,1,598.73,4.677578125,128,281,1,1,0,0,0,2,2,0,1
15721.0,12,1,471.4,5.611904761904762,80,388,1,1,0,0,0,2,2,0,1
15722.0,36,5,2211.21,33.00313432835821,45,1023,0,0,0,0,1,0,0,0,1
15723.0,365,1,190.7,5.018421052631578,37,73,1,2,3,3,0,1,1,0,1
15724.0,201,2,218.25,19.84090909090909,11,73,1,2,3,3,0,1,1,0,1
15725.0,15,1,415.25,12.9765625,32,221,1,1,0,0,0,2,2,0,1
15727.0,17,7,5159.06,17.139734219269105,213,3063,0,0,2,2,1,0,3,0,1
15729.0,213,1,85.0,17.0,5,28,1,2,3,3,0,1,1,0,1
15730.0,66,3,1120.88,16.01257142857143,68,689,0,1,0,0,1,0,3,0,1
15732.0,212,2,294.12,21.00857142857143,13,215,1,2,3,3,0,1,1,0,1
15733.0,283,1,162.3,16.23,10,62,1,2,3,3,0,1,1,0,1
15734.0,115,2,1339.45,51.517307692307696,25,346,1,1,1,1,0,2,2,0,1
15737.0,15,8,1188.12,16.734084507042255,60,597,0,0,0,0,1,0,3,0,1
15738.0,19,16,4812.42,27.81745664739885,46,2982,0,0,2,2,1,0,0,0,1
15739.0,66,1,449.12,56.14,8,472,1,2,1,1,0,1,1,0,1
15740.0,49,1,154.88,17.20888888888889,9,152,1,2,3,3,0,1,1,0,1
15743.0,16,4,775.96,9.022790697674418,59,214,0,1,0,0,0,2,2,0,1
15744.0,78,1,34.8,11.6,3,120,1,2,3,3,0,1,1,-1,1
15745.0,19,4,1094.59,17.654677419354837,57,421,0,1,0,0,1,0,3,0,1
15746.0,134,1,196.88,7.031428571428571,28,178,1,2,3,3,0,1,1,0,1
15747.0,13,3,946.64,10.518222222222224,52,466,0,1,0,0,1,0,3,0,1
15748.0,40,1,144.36,7.218000000000001,19,50,1,2,3,3,0,1,1,0,1
15749.0,235,3,44534.3,4453.43,5,18028,0,0,1,1,1,0,0,-1,-1
15750.0,3,8,2463.05,8.464089347079039,214,1783,0,0,2,2,1,0,3,0,1
15752.0,40,7,2626.6,6.485432098765432,236,1960,0,0,2,2,1,0,3,0,1
15753.0,305,1,79.2,79.2,1,144,1,2,1,1,0,1,1,-1,1
15754.0,51,3,458.57,16.3775,24,199,1,1,0,0,0,2,2,0,1
15755.0,10,6,2364.25,16.7677304964539,127,1427,0,0,2,2,1,0,3,0,1
15756.0,61,4,528.01,2.764450261780105,160,241,0,1,0,0,0,2,2,0,1
15757.0,66,2,714.42,15.876,43,491,1,1,0,0,0,2,2,0,1
15758.0,25,1,205.25,22.80555555555556,9,47,1,2,3,3,0,1,1,0,1
15759.0,218,3,253.04,36.14857142857143,5,60,1,2,3,3,0,1,1,0,1
15762.0,65,2,583.75,15.777027027027026,37,251,1,1,0,0,0,2,2,0,1
15763.0,32,2,1086.92,17.818360655737706,58,271,1,1,0,0,0,2,2,0,1
15764.0,88,6,3279.97,18.222055555555556,150,2050,0,0,2,2,1,0,3,0,1
15766.0,64,1,315.06,28.64181818181818,11,170,1,2,3,3,0,1,1,0,1
15768.0,116,3,621.8299999999999,23.03074074074074,23,244,1,1,0,0,0,2,2,0,1
15769.0,7,26,56252.72,432.7132307692308,26,29672,0,0,2,2,1,0,0,-1,-1
15773.0,6,1,635.6800000000001,63.568000000000005,10,311,1,2,1,1,1,0,0,-1,1
15774.0,69,1,270.8,10.832,25,87,1,2,3,3,0,2,2,0,1
15775.0,245,1,104.9,14.985714285714286,7,68,1,2,3,3,0,1,1,0,1
15776.0,133,1,241.62,13.423333333333334,18,138,1,2,3,3,0,1,1,0,1
15777.0,241,4,1047.11,49.86238095238095,18,378,1,1,1,1,0,2,2,-1,1
15780.0,184,3,475.28,16.38896551724138,26,220,1,1,3,3,0,1,1,0,1
15781.0,25,3,345.46,17.273,20,180,1,1,0,0,0,2,2,0,1
15782.0,10,3,2614.74,60.80790697674419,34,864,0,0,0,0,1,0,0,0,1
15783.0,11,1,246.3,17.592857142857145,14,212,1,2,3,3,0,1,1,0,1
15785.0,33,5,2328.9700000000003,28.059879518072293,58,1612,0,0,2,2,1,0,3,0,1
15786.0,46,3,4919.0,18.49248120300752,257,3340,0,0,2,2,1,0,3,0,1
15787.0,26,3,933.26,4.6663,156,534,0,1,0,0,0,2,2,0,1
15789.0,358,1,351.3,14.052,25,438,1,2,3,3,0,1,1,0,1
15790.0,10,1,218.75,6.4338235294117645,34,113,1,1,3,3,0,2,2,0,1
15791.0,44,2,1612.69,21.502533333333336,66,731,0,1,0,0,0,2,2,0,1
15793.0,15,3,965.61,80.4675,6,553,1,1,1,1,1,0,0,-1,1
15795.0,150,1,610.01,14.524047619047618,42,581,1,1,0,0,0,2,2,0,1
15796.0,1,8,2708.61,20.519772727272727,70,860,0,0,2,2,1,0,3,0,1
15797.0,113,4,2207.4,275.925,8,873,1,2,1,1,1,0,0,-1,1
15799.0,76,3,884.14,9.021836734693878,94,955,0,1,0,0,1,0,3,0,1
15800.0,107,2,696.89,5.956324786324786,116,332,1,1,0,0,0,2,2,0,1
15801.0,46,3,1063.95,16.62421875,61,570,0,1,0,0,0,2,2,0,1
15802.0,143,1,451.42,451.42,1,1,1,2,1,1,0,1,1,-1,-1
15803.0,51,1,415.8200000000001,51.977500000000006,8,290,1,2,1,1,0,1,1,0,1
15804.0,1,13,4206.39,16.05492366412214,170,2565,0,0,2,2,1,0,3,0,1
15805.0,23,17,5488.18,18.355117056856187,220,3367,0,0,2,2,1,0,3,0,1
15806.0,46,3,784.58,25.30903225806452,24,602,1,1,0,0,0,2,2,0,1
15807.0,50,3,903.9,18.83125,48,430,1,1,0,0,0,2,2,0,1
15808.0,306,4,3651.27,18.72446153846154,142,1305,0,1,0,0,1,0,3,-1,1
15809.0,36,5,515.77,14.736285714285714,31,301,1,1,0,0,0,2,2,0,1
15810.0,79,4,1391.98,15.640224719101123,66,861,0,1,0,0,1,0,3,0,1
15811.0,22,6,2218.62,16.681353383458646,117,1071,0,0,2,2,1,0,3,0,1
15812.0,107,5,1801.14,43.930243902439024,36,922,0,1,0,0,1,0,0,0,1
15813.0,208,2,1303.91,32.59775,40,603,1,1,0,0,0,2,2,0,1
15814.0,17,4,1945.33,27.018472222222226,63,1271,0,0,0,0,1,0,0,0,1
15815.0,64,5,2100.6,42.86938775510204,33,1856,0,0,0,0,1,0,0,0,1
15819.0,49,4,1905.45,15.491463414634149,96,1357,0,1,0,0,1,0,3,0,1
15820.0,320,1,206.98,12.175294117647056,17,128,1,2,3,3,0,1,1,0,1
15821.0,44,2,570.96,9.209032258064516,57,202,1,1,0,0,0,2,2,0,1
15822.0,3,2,885.47,26.83242424242424,28,375,0,1,0,0,1,0,3,0,1
15823.0,372,1,15.0,15.0,1,1,1,2,3,3,0,1,1,-1,-1
15825.0,172,1,532.94,26.647,20,220,1,2,3,3,0,2,2,0,1
15826.0,56,3,1654.31,24.32808823529412,64,963,0,1,0,0,1,0,3,0,1
15827.0,73,14,1836.09,15.966,72,882,0,0,2,2,1,0,3,0,1
15829.0,99,2,636.14,12.473333333333333,44,996,1,1,0,0,0,2,2,0,1
15830.0,38,1,576.0,14.76923076923077,39,415,1,1,0,0,0,2,2,0,1
15831.0,58,3,794.64,12.04,63,1092,0,1,0,0,1,0,3,0,1
15832.0,254,1,836.79,15.49611111111111,54,465,1,1,0,0,0,2,2,0,1
15834.0,70,4,2225.15,8.271933085501859,242,961,0,1,0,0,1,0,3,0,1
15835.0,44,4,954.09,19.0818,47,439,0,1,0,0,1,0,3,0,1
15836.0,50,1,137.37,13.737,10,26,1,2,3,3,0,1,1,0,1
15837.0,65,1,391.98,16.3325,24,189,1,2,3,3,0,2,2,0,1
15838.0,11,19,33643.08,201.45556886227547,54,18368,0,0,2,2,1,0,0,-1,-1
15839.0,33,3,1048.49,16.911129032258064,56,675,0,1,0,0,1,0,3,0,1
15840.0,59,2,355.56,13.168888888888889,26,396,1,1,0,0,0,2,2,0,1
15841.0,73,4,1224.06,26.04382978723404,36,942,0,1,0,0,1,0,3,0,1
15843.0,304,1,118.95000000000002,14.868750000000002,8,27,1,2,3,3,0,1,1,0,1
15844.0,46,1,130.73999999999998,11.885454545454545,11,134,1,2,3,3,0,1,1,0,1
15845.0,18,8,3711.77,26.89688405797101,97,1926,0,0,2,2,1,0,3,0,1
15847.0,38,2,389.27,17.694090909090907,22,449,1,1,0,0,0,2,2,0,1
15850.0,19,2,234.88,2.525591397849462,87,298,1,1,0,0,0,2,2,0,1
15852.0,187,2,160.71,7.305000000000001,22,48,1,2,3,3,0,1,1,0,1
15853.0,52,1,110.8,3.693333333333333,29,135,1,1,3,3,0,1,1,0,1
15854.0,4,12,2969.12,21.51536231884058,105,926,0,0,2,2,1,0,3,0,1
15855.0,137,5,712.24,8.903,59,470,1,1,0,0,0,2,2,0,1
15856.0,4,27,16143.64,25.706433121019103,295,10866,0,0,2,2,1,0,0,-1,-1
15857.0,19,1,297.0,21.214285714285715,14,308,1,2,3,3,0,1,1,0,1
15858.0,16,5,1427.57,7.59345744680851,145,1163,0,0,0,0,1,0,3,0,1
15860.0,41,8,965.16,6.943597122302158,105,437,0,1,0,0,1,0,3,0,1
15861.0,12,8,3146.92,5.82762962962963,339,2528,0,0,2,2,1,0,3,0,1
15862.0,8,4,832.88,5.665850340136054,142,585,0,1,0,0,1,0,3,0,1
15863.0,26,2,68.84,3.824444444444445,18,19,1,2,3,3,0,1,1,-1,1
15864.0,22,6,1936.32,96.816,16,1192,0,0,1,1,1,0,0,-1,1
15865.0,41,3,895.13,22.37825,37,368,1,1,0,0,0,2,2,0,1
15866.0,101,1,211.89,4.927674418604651,43,124,1,1,3,3,0,1,1,0,1
15867.0,5,15,3810.14,8.300958605664487,302,2052,0,0,2,2,1,0,3,0,1
15869.0,277,2,149.64,9.976,13,175,1,2,3,3,0,1,1,0,1
15870.0,33,1,351.44,4.749189189189189,68,333,1,1,0,0,0,2,2,0,1
15872.0,15,2,316.25,2.928240740740741,101,187,1,1,0,0,0,2,2,0,1
15874.0,64,7,4405.88,36.71566666666667,110,2534,0,0,2,2,1,0,3,0,1
15877.0,2,2,490.33,3.891507936507936,122,368,0,1,0,0,0,2,2,0,1
15880.0,369,1,329.03000000000003,3.4273958333333336,95,202,1,1,3,3,0,1,1,0,1
15881.0,312,5,501.39,17.289310344827587,26,260,1,1,0,0,0,1,1,0,1
15882.0,199,4,516.36,22.450434782608696,23,276,1,1,0,0,0,1,1,0,1
15883.0,2,2,396.48,8.091428571428573,42,223,1,1,0,0,1,0,3,0,1
15885.0,93,3,379.35,21.075000000000003,18,111,1,2,3,3,0,2,2,0,1
15886.0,60,1,181.09,15.090833333333334,12,147,1,2,3,3,0,1,1,0,1
15888.0,81,1,168.31,14.025833333333331,11,76,1,2,3,3,0,1,1,0,1
15889.0,157,2,420.07,4.942,79,206,1,1,0,0,0,2,2,0,1
15891.0,227,1,511.68,8.528,60,418,1,1,0,0,0,2,2,0,1
15894.0,253,2,258.25,6.97972972972973,35,164,1,1,3,3,0,1,1,0,1
15895.0,150,1,179.17,16.288181818181815,11,94,1,2,3,3,0,1,1,0,1
15897.0,194,2,208.59,9.481363636363636,17,223,1,2,3,3,0,1,1,0,1
15898.0,1,5,1383.83,16.474166666666665,70,567,0,0,2,2,1,0,3,0,1
15899.0,369,1,56.25,14.0625,4,39,1,2,3,3,0,1,1,0,1
15900.0,24,1,337.28,7.176170212765957,44,216,1,1,0,0,0,2,2,0,1
15901.0,17,3,351.73,3.168738738738739,102,379,0,1,0,0,0,2,2,0,1
15903.0,10,7,5126.76,69.28054054054054,46,2410,0,0,2,2,1,0,0,-1,1
15904.0,8,1,164.68,5.489333333333334,30,84,1,1,3,3,0,2,2,0,1
15906.0,20,7,1567.69,10.451266666666667,113,544,0,0,0,0,1,0,3,0,1
15907.0,4,3,882.72,3.905840707964602,175,478,0,1,0,0,0,2,2,0,1
15909.0,174,1,191.94,27.42,7,98,1,2,3,3,0,1,1,0,1
15910.0,1,8,1228.88,4.619849624060151,215,1013,0,0,2,2,1,0,3,0,1
15912.0,178,2,264.62,13.927368421052632,19,185,1,2,3,3,0,1,1,0,1
15916.0,16,8,1502.86,9.95271523178808,124,752,0,0,2,2,1,0,3,0,1
15917.0,248,1,123.1,10.258333333333333,12,42,1,2,3,3,0,1,1,0,1
15918.0,191,2,334.23,8.35575,33,153,1,1,3,3,0,1,1,0,1
15919.0,20,2,525.69,4.308934426229508,103,385,0,1,0,0,0,2,2,0,1
15920.0,154,4,167.5,2.7916666666666665,53,99,1,1,3,3,0,1,1,-1,1
15921.0,173,1,323.03000000000003,13.459583333333336,24,162,1,2,3,3,0,1,1,0,1
15922.0,373,1,369.5,33.59090909090909,11,138,1,2,3,3,0,1,1,0,1
15923.0,373,1,127.08,6.051428571428572,21,122,1,2,3,3,0,1,1,0,1
15925.0,194,1,207.15,17.2625,12,93,1,2,3,3,0,1,1,0,1
15930.0,67,1,426.63,20.31571428571429,21,139,1,2,3,3,0,1,1,0,1
15932.0,4,8,2495.87,21.703217391304342,93,2325,0,0,2,2,1,0,3,0,1
15933.0,21,3,1107.46,14.965675675675676,63,885,0,1,0,0,1,0,3,0,1
15935.0,239,2,416.86,34.73833333333334,12,115,1,2,3,3,0,1,1,0,1
15937.0,64,1,145.35,20.764285714285712,7,73,1,2,3,3,0,1,1,0,1
15938.0,112,5,404.58,22.476666666666667,13,240,1,2,3,3,0,1,1,0,1
15939.0,90,15,6115.01,80.46065789473684,28,4728,0,0,2,2,1,0,0,-1,1
15940.0,311,1,35.8,35.8,1,4,1,2,3,3,0,1,1,-1,-1
15942.0,134,1,337.44,24.102857142857143,14,232,1,2,3,3,0,2,2,0,1
15944.0,277,1,325.1,54.18333333333334,6,50,1,2,3,3,0,1,1,0,1
15945.0,365,1,181.0,90.5,2,52,1,2,1,1,0,1,1,0,1
15947.0,83,1,1708.24,58.9048275862069,29,898,1,1,1,1,1,0,0,0,1
15948.0,8,2,955.24,15.920666666666667,51,567,0,1,0,0,1,0,3,0,1
15949.0,17,2,364.72,19.19578947368421,12,284,1,1,3,3,0,2,2,0,1
15950.0,32,4,1744.71,17.986701030927836,86,719,0,1,0,0,1,0,3,0,1
15951.0,9,2,708.22,17.273658536585366,36,313,1,1,0,0,0,2,2,0,1
15952.0,34,4,781.91,9.30845238095238,65,391,0,1,0,0,1,0,3,0,1
15953.0,15,8,1657.28,17.085360824742267,63,891,0,0,2,2,1,0,3,0,1
15955.0,24,14,4416.26,24.13256830601093,137,2135,0,0,2,2,1,0,3,0,1
15957.0,32,1,428.89,10.211666666666666,40,211,1,1,0,0,0,2,2,0,1
15958.0,74,1,104.35,14.907142857142857,7,33,1,2,3,3,0,1,1,0,1
15963.0,20,2,470.76,16.812857142857144,26,298,1,1,0,0,0,2,2,0,1
15965.0,17,4,808.87,7.287117117117117,88,434,0,1,0,0,0,2,2,0,1
15967.0,23,2,397.68,4.971,73,205,1,1,0,0,0,2,2,0,1
15969.0,3,3,666.1,33.305,20,124,1,1,0,0,0,1,1,-1,1
15970.0,304,1,314.1,28.55454545454546,11,116,1,2,3,3,0,1,1,0,1
15971.0,18,12,4199.85,119.9957142857143,10,1717,0,0,1,1,1,0,0,-1,1
15973.0,367,1,307.82000000000005,76.95500000000001,4,106,1,2,1,1,0,1,1,0,1
15974.0,39,7,3442.15,19.557670454545452,141,2262,0,0,2,2,1,0,3,0,1
15975.0,84,1,371.01,15.45875,24,243,1,2,3,3,0,2,2,0,1
15976.0,165,2,427.64,4.454583333333333,83,275,1,1,0,0,0,2,2,0,1
15977.0,17,2,1054.73,16.226615384615386,48,1016,0,1,0,0,1,0,3,0,1
15978.0,77,1,1098.78,22.42408163265306,49,888,1,1,0,0,0,2,2,0,1
15980.0,89,3,2398.86,55.78744186046512,40,1560,0,1,0,0,1,0,0,0,1
15981.0,25,8,3408.48,35.13896907216495,53,1866,0,0,2,2,1,0,0,0,1
15983.0,22,4,1465.12,13.081428571428573,82,886,0,1,0,0,1,0,3,0,1
15984.0,3,10,2780.63,10.777635658914727,217,1815,0,0,2,2,1,0,3,0,1
15985.0,123,2,1142.42,30.876216216216218,29,1086,1,1,0,0,0,2,2,0,1
15986.0,30,1,168.12,12.008571428571427,14,268,1,2,3,3,0,1,1,0,1
15987.0,12,7,1432.77,11.193515625,110,1533,0,0,2,2,1,0,3,0,1
15988.0,19,1,156.78,6.03,26,180,1,1,3,3,0,2,2,0,1
15990.0,44,2,792.11,15.232884615384616,52,443,1,1,0,0,0,2,2,0,1
15992.0,4,1,41.99,13.996666666666664,3,17,1,2,3,3,0,1,1,-1,-1
15993.0,9,7,2777.67,5.115414364640884,335,2037,0,0,2,2,1,0,3,0,1
15994.0,55,1,414.27,12.9459375,31,173,1,1,3,3,0,2,2,0,1
15996.0,88,6,1032.58,8.130551181102362,103,380,0,1,0,0,1,0,3,0,1
15998.0,37,5,3080.22,6.111547619047618,370,2032,0,0,2,2,1,0,3,0,1
16000.0,3,3,12393.7,1377.0777777777778,9,5110,0,0,1,1,1,0,0,-1,-1
16003.0,30,5,2735.37,26.55699029126213,82,1185,0,0,2,2,1,0,3,0,1
16005.0,12,4,578.71,2.8791542288557217,173,280,0,1,0,0,0,2,2,0,1
16006.0,211,1,101.4,12.675,8,84,1,2,3,3,0,1,1,0,1
16007.0,48,4,1693.81,4.445695538057743,221,1388,0,1,0,0,1,0,3,0,1
16008.0,24,3,478.78,14.508484848484848,29,323,1,1,0,0,0,2,2,0,1
16009.0,22,4,972.11,11.855,68,366,0,1,0,0,1,0,3,0,1
16010.0,246,3,392.4,4.9670886075949365,62,202,1,1,0,0,0,2,2,0,1
16011.0,8,16,3352.96,15.966476190476191,99,2035,0,0,2,2,1,0,3,0,1
16012.0,35,3,1415.29,15.05627659574468,87,799,0,1,0,0,1,0,3,0,1
16013.0,4,47,37130.6,267.126618705036,30,15536,0,0,2,2,1,0,0,-1,-1
16014.0,38,3,646.83,4.687173913043479,123,258,0,1,0,0,0,2,2,0,1
16015.0,4,3,704.55,3.892541436464088,146,907,0,1,0,0,0,2,2,0,1
16016.0,3,8,1465.51,6.542455357142857,156,602,0,0,2,2,1,0,3,0,1
16017.0,47,1,211.88,6.62125,26,102,1,2,3,3,0,1,1,0,1
16018.0,39,2,408.9,14.60357142857143,26,190,1,1,0,0,0,2,2,0,1
16019.0,47,9,3786.24,23.664,133,1733,0,0,2,2,1,0,3,0,1
16020.0,17,3,851.01,18.500217391304343,42,487,0,1,0,0,1,0,3,0,1
16022.0,260,1,602.63,8.48774647887324,68,255,1,1,0,0,0,2,2,0,1
16023.0,46,3,719.81,7.126831683168317,90,358,0,1,0,0,0,2,2,0,1
16024.0,12,1,251.03,3.9846031746031754,61,397,1,1,0,0,0,2,2,-1,1
16025.0,30,1,439.66,15.702142857142857,28,338,1,1,0,0,0,2,2,0,1
16026.0,43,1,236.09,7.3778125,30,243,1,1,3,3,0,2,2,0,1
16027.0,92,6,934.62,58.41375,11,1147,0,1,1,1,0,2,2,-1,1
16029.0,39,63,80850.84,335.4806639004149,44,40108,0,0,2,2,1,0,0,-1,-1
16030.0,310,1,331.24,11.422068965517242,28,283,1,2,3,3,0,1,1,0,1
16031.0,92,2,547.9,5.590816326530612,91,421,1,1,0,0,0,2,2,0,1
16033.0,6,20,8778.82,7.782641843971631,538,3529,0,0,2,2,1,0,3,-1,-1
16034.0,196,3,437.7,19.895454545454545,18,242,1,2,3,3,0,1,1,0,1
16036.0,87,2,758.92,13.798545454545454,55,716,1,1,0,0,0,2,2,0,1
16037.0,270,3,855.02,21.923589743589744,37,428,1,1,0,0,0,2,2,0,1
16038.0,8,3,471.78,18.145384615384614,24,244,1,1,0,0,0,2,2,0,1
16040.0,65,3,1313.55,20.20846153846154,57,684,0,1,0,0,1,0,3,0,1
16041.0,31,3,3166.4,527.7333333333333,6,1584,0,0,1,1,1,0,0,-1,1
16042.0,22,5,1177.47,16.821,68,743,0,1,0,0,1,0,3,0,1
16043.0,38,4,773.99,19.845897435897434,30,503,0,1,0,0,0,2,2,0,1
16045.0,120,4,1340.7,16.15301204819277,71,897,0,1,0,0,1,0,3,0,1
16048.0,373,2,256.44,32.055,8,144,1,2,3,3,0,1,1,0,1
16049.0,40,3,1074.81,3.5946822742474915,248,763,0,1,0,0,1,0,3,0,1
16050.0,174,1,137.9,13.79,10,278,1,2,3,3,0,1,1,0,1
16052.0,54,1,362.06,10.648823529411764,34,282,1,1,3,3,0,2,2,0,1
16053.0,33,2,1511.95,17.999404761904763,81,1793,0,1,0,0,1,0,3,0,1
16054.0,145,1,783.9,11.198571428571428,70,380,1,1,0,0,0,2,2,0,1
16055.0,221,1,134.8,16.85,8,22,1,2,3,3,0,1,1,0,1
16056.0,45,1,650.75,9.859848484848484,66,345,1,1,0,0,0,2,2,0,1
16057.0,16,7,2263.12,18.703471074380165,109,863,0,0,2,2,1,0,3,0,1
16059.0,66,6,1453.16,8.163820224719101,126,641,0,1,0,0,1,0,3,0,1
16062.0,10,4,1153.62,18.0253125,50,800,0,1,0,0,1,0,3,0,1
16063.0,260,1,335.32,14.57913043478261,23,262,1,2,3,3,0,1,1,0,1
16065.0,365,1,367.14,5.02931506849315,71,228,1,1,3,3,0,1,1,0,1
16066.0,17,5,1521.04,15.05980198019802,77,935,0,0,0,0,1,0,3,0,1
16070.0,22,2,852.15,25.82272727272727,32,457,1,1,0,0,0,2,2,0,1
16071.0,45,1,326.24,15.535238095238096,21,180,1,2,3,3,0,2,2,0,1
16072.0,288,1,584.3199999999999,25.405217391304344,23,140,1,2,3,3,0,1,1,0,1
16073.0,297,1,122.4,122.4,1,48,1,2,1,1,0,1,1,-1,1
16076.0,3,10,2234.73,17.323488372093024,71,1435,0,0,2,2,1,0,3,0,1
16078.0,284,1,79.2,79.2,1,16,1,2,3,3,0,1,1,-1,-1
16079.0,17,3,1352.0,64.38095238095238,18,864,0,1,1,1,1,0,0,0,1
16080.0,82,2,217.16,21.716,10,128,1,2,3,3,0,1,1,0,1
16081.0,56,5,2799.42,12.553452914798209,175,1473,0,0,2,2,1,0,3,0,1
16083.0,101,2,1317.62,42.50387096774193,31,908,1,1,0,0,0,2,2,0,1
16084.0,299,1,436.18,11.47842105263158,38,216,1,2,3,3,0,1,1,0,1
16085.0,23,5,981.51,5.877305389221557,123,636,0,1,0,0,1,0,3,0,1
16086.0,59,5,1121.39,28.753589743589743,24,511,0,1,0,0,1,0,0,0,1
16091.0,155,2,315.06,17.503333333333334,16,154,1,2,3,3,0,1,1,0,1
16092.0,115,3,817.86,16.036470588235293,37,628,1,1,0,0,1,0,3,0,1
16093.0,107,1,17.0,17.0,1,20,1,2,3,3,0,1,1,-1,-1
16094.0,12,4,1078.23,17.114761904761906,48,647,0,1,0,0,1,0,3,0,1
16096.0,264,1,320.62,26.718333333333334,12,155,1,2,3,3,0,1,1,0,1
16097.0,240,1,185.05,18.505,10,87,1,2,3,3,0,1,1,0,1
16098.0,88,7,2005.63,29.934776119402983,34,613,0,1,0,0,1,0,0,0,1
16099.0,50,3,731.9,18.766666666666666,29,434,1,1,0,0,0,2,2,0,1
16101.0,71,1,1290.7,16.982894736842105,76,757,1,1,0,0,0,2,2,0,1
16102.0,42,3,1842.14,32.31824561403509,41,942,0,1,0,0,1,0,3,0,1
16103.0,7,6,1429.64,29.784166666666668,30,558,0,0,0,0,1,0,0,0,1
16104.0,62,1,298.21,10.650357142857144,28,122,1,2,3,3,0,2,2,0,1
16105.0,249,1,336.96,25.92,13,330,1,2,3,3,0,1,1,0,1
16106.0,66,1,108.38,18.063333333333333,6,74,1,2,3,3,0,1,1,0,1
16107.0,18,7,3204.1600000000003,103.36,16,1176,0,0,1,1,1,0,0,-1,1
16108.0,85,1,842.5,17.552083333333332,48,615,1,1,0,0,0,2,2,0,1
16109.0,219,2,611.88,33.99333333333333,18,612,1,2,3,3,0,2,2,0,1
16110.0,45,3,1320.95,3.8624269005847953,283,720,0,1,0,0,1,0,3,0,1
16112.0,143,4,195.74,12.23375,15,574,1,1,3,3,0,2,2,-1,1
16113.0,183,1,161.38,5.379333333333333,30,176,1,2,3,3,0,1,1,0,1
16114.0,171,1,135.75000000000003,16.968750000000004,8,43,1,2,3,3,0,1,1,0,1
16115.0,10,8,1660.88,5.952974910394265,169,994,0,0,2,2,1,0,3,0,1
16116.0,212,1,612.78,18.02294117647059,34,248,1,1,3,3,0,1,1,0,1
16117.0,190,1,232.21,7.740333333333334,30,130,1,2,3,3,0,1,1,0,1
16119.0,8,2,423.36,26.46,14,240,1,1,0,0,0,2,2,0,1
16120.0,59,4,1309.14,43.638000000000005,26,878,0,1,0,0,1,0,0,0,1
16121.0,57,2,854.66,4.189509803921569,170,576,0,1,0,0,0,2,2,0,1
16122.0,73,4,684.4200000000001,18.01105263157895,26,1128,0,1,0,0,0,2,2,0,1
16123.0,52,1,307.78,19.23625,16,170,1,2,3,3,0,1,1,0,1
16124.0,317,1,249.0,22.63636363636364,11,48,1,2,3,3,0,1,1,0,1
16125.0,367,1,289.35,22.25769230769231,13,124,1,2,3,3,0,1,1,0,1
16126.0,29,4,6287.77,53.741623931623934,57,2125,0,0,2,2,1,0,0,-1,1
16127.0,39,1,656.25,16.40625,40,323,1,1,0,0,0,2,2,0,1
16128.0,18,5,1880.22,21.126067415730336,76,988,0,0,0,0,1,0,3,0,1
16131.0,52,6,3506.54,44.95564102564102,55,1802,0,0,2,2,1,0,0,0,1
16133.0,4,33,14589.04,43.16284023668639,219,8887,0,0,2,2,1,0,0,-1,-1
16134.0,22,2,618.09,17.659714285714287,34,371,1,1,0,0,0,2,2,0,1
16135.0,263,1,517.55,24.64523809523809,21,209,1,2,3,3,0,1,1,0,1
16136.0,60,3,709.38,19.172432432432437,35,440,1,1,0,0,1,0,3,0,1
16139.0,19,3,635.41,20.497096774193547,25,330,1,1,0,0,0,2,2,0,1
16140.0,66,2,725.18,20.71942857142857,32,730,1,1,0,0,0,2,2,0,1
16141.0,88,1,620.4,20.68,30,238,1,1,3,3,0,2,2,0,1
16142.0,250,1,535.34,14.46864864864865,37,422,1,1,3,3,0,1,1,0,1
16143.0,3,6,2424.94,20.725982905982907,75,919,0,0,2,2,1,0,3,0,1
16144.0,247,1,175.2,175.2,1,16,1,2,1,1,0,1,1,-1,-1
16145.0,9,11,3799.49,16.96200892857143,134,3123,0,0,2,2,1,0,3,0,1
16146.0,157,3,734.13,25.314827586206896,26,427,1,1,0,0,0,2,2,0,1
16147.0,134,1,375.0,17.045454545454547,22,246,1,2,3,3,0,2,2,0,1
16148.0,296,1,76.32000000000001,76.32000000000001,1,72,1,2,3,3,0,1,1,0,1
16149.0,5,2,280.52,15.584444444444443,18,308,1,1,0,0,0,1,1,0,1
16150.0,43,5,2053.02,17.547179487179488,91,1047,0,0,0,0,1,0,3,0,1
16152.0,269,1,1829.04,63.07034482758621,29,642,1,1,1,1,1,0,0,0,1
16153.0,50,5,1824.23,20.496966292134832,78,1073,0,0,0,0,1,0,3,0,1
16156.0,9,9,3092.04,24.1565625,108,1273,0,0,2,2,1,0,3,0,1
16157.0,16,3,656.69,36.48277777777778,12,347,1,1,0,0,1,0,0,0,1
16159.0,282,1,348.2,24.87142857142857,14,236,1,2,3,3,0,1,1,0,1
16160.0,65,2,1025.44,51.272000000000006,20,1162,1,1,1,1,0,2,2,0,1
16161.0,2,19,5533.67,11.748768577494692,286,2583,0,0,2,2,1,0,3,0,1
16162.0,252,1,37.4,18.7,2,4,1,2,3,3,0,1,1,-1,-1
16163.0,232,2,856.6,142.76666666666668,5,192,1,2,1,1,1,0,0,-1,1
16164.0,17,3,822.48,24.19058823529412,27,433,1,1,0,0,0,2,2,0,1
16168.0,11,27,3787.6,38.648979591836735,57,1892,0,0,2,2,1,0,0,-1,1
16169.0,8,4,1822.97,21.44670588235294,71,1325,0,0,2,2,1,0,3,0,1
16170.0,51,6,1885.05,15.0804,106,1770,0,0,2,2,1,0,3,0,1
16171.0,59,1,73.2,24.4,3,24,1,2,3,3,0,1,1,0,1
16172.0,95,5,1140.21,16.524782608695652,52,787,0,1,0,0,1,0,3,0,1
16173.0,16,6,1418.32,16.884761904761906,70,575,0,0,0,0,1,0,3,0,1
16174.0,126,3,1009.55,43.89347826086957,19,651,1,1,1,1,0,2,2,0,1
16175.0,94,4,1037.59,17.889482758620687,45,533,0,1,0,0,1,0,3,0,1
16177.0,50,1,331.95,22.13,15,95,1,2,3,3,0,1,1,0,1
16178.0,138,1,197.9,24.7375,8,94,1,2,3,3,0,1,1,0,1
16179.0,61,1,215.83,19.62090909090909,11,99,1,2,3,3,0,1,1,0,1
16180.0,100,8,10254.18,63.29740740740741,90,5867,0,0,2,2,1,0,0,-1,1
16181.0,73,1,305.54,27.77636363636364,11,152,1,2,3,3,0,1,1,0,1
16182.0,72,4,6617.65,236.34464285714284,17,3791,0,0,1,1,1,0,0,-1,1
16183.0,67,1,338.71000000000004,22.58066666666667,15,113,1,2,3,3,0,1,1,0,1
16184.0,64,6,1158.79,25.750888888888888,26,561,0,1,0,0,1,0,0,0,1
16185.0,17,2,529.41,17.07774193548387,31,260,1,1,0,0,0,2,2,0,1
16186.0,23,12,4006.94,18.38045871559633,87,3020,0,0,2,2,1,0,3,0,1
16187.0,32,15,6911.4400000000005,23.428610169491527,160,5048,0,0,2,2,1,0,3,0,1
16188.0,45,4,981.86,14.65462686567164,65,782,0,1,0,0,1,0,3,0,1
16189.0,16,2,215.48,19.58909090909091,9,134,1,2,3,3,0,1,1,0,1
16190.0,40,1,215.08,35.84666666666667,6,88,1,2,3,3,0,1,1,0,1
16191.0,3,13,5180.52,38.66059701492538,65,3351,0,0,2,2,1,0,3,0,1
16193.0,237,1,314.45,16.55,19,219,1,2,3,3,0,1,1,0,1
16198.0,75,1,400.681,26.71206666666667,15,129,1,2,3,3,0,1,1,0,1
16200.0,4,2,1068.87,6.21436046511628,149,516,0,1,0,0,0,2,2,0,1
16201.0,3,4,1863.47,16.78801801801802,74,1286,0,0,2,2,1,0,3,0,1
16202.0,361,1,365.27,20.292777777777776,18,191,1,2,3,3,0,1,1,0,1
16203.0,59,4,592.9,16.939999999999998,27,262,1,1,0,0,0,2,2,0,1
16204.0,23,1,384.18,7.6836,45,218,1,1,0,0,0,2,2,0,1
16205.0,31,4,757.63,7.810618556701031,73,516,0,1,0,0,1,0,3,0,1
16206.0,55,4,537.0600000000001,8.524761904761906,52,272,1,1,0,0,0,2,2,0,1
16207.0,25,1,394.38,20.75684210526316,19,140,1,2,3,3,0,1,1,0,1
16208.0,45,2,664.26,10.064545454545454,61,333,1,1,0,0,0,2,2,0,1
16209.0,89,5,2262.62,49.18739130434783,37,1179,0,0,0,0,1,0,0,0,1
16210.0,2,18,21086.3,171.43333333333334,74,7559,0,0,2,2,1,0,0,-1,-1
16211.0,89,1,547.02,23.783478260869565,23,154,1,2,3,3,0,1,1,0,1
16212.0,19,2,690.34,16.837560975609758,40,244,1,1,0,0,0,2,2,0,1
16213.0,79,1,159.0,26.5,6,48,1,2,3,3,0,1,1,0,1
16214.0,171,3,1062.75,24.15340909090909,36,420,1,1,0,0,0,2,2,0,1
16215.0,81,1,242.35,17.310714285714287,14,104,1,2,3,3,0,1,1,0,1
16216.0,267,1,914.93,24.72783783783784,37,254,1,1,3,3,0,1,1,0,1
16217.0,235,2,304.25,20.28333333333333,13,91,1,2,3,3,0,1,1,0,1
16218.0,30,7,3084.68,36.72238095238095,56,2088,0,0,2,2,1,0,0,0,1
16221.0,37,3,860.86,9.061684210526316,90,714,0,1,0,0,1,0,3,0,1
16222.0,318,1,773.5500000000001,6.340573770491804,120,325,1,1,0,0,0,2,2,0,1
16224.0,57,4,1295.3,13.492708333333333,90,1116,0,1,0,0,1,0,3,0,1
16225.0,45,5,1096.32,8.181492537313432,109,493,0,1,0,0,1,0,3,0,1
16226.0,203,3,255.12,31.89,6,192,1,2,3,3,0,1,1,0,1
16227.0,225,1,314.22,52.370000000000005,6,90,1,2,3,3,0,1,1,0,1
16229.0,87,2,1010.6,21.50212765957447,46,318,1,1,0,0,0,2,2,0,1
16230.0,190,2,542.03,15.486571428571429,32,365,1,1,0,0,0,2,2,0,1
16232.0,44,4,990.88,26.78054054054054,24,550,0,1,0,0,1,0,0,0,1
16233.0,71,3,536.6800000000001,24.394545454545455,22,174,1,1,3,3,0,2,2,0,1
16235.0,41,5,867.31,18.854565217391304,42,330,0,1,0,0,0,2,2,0,1
16236.0,78,1,432.2,21.61,20,184,1,2,3,3,0,1,1,0,1
16239.0,57,2,414.2,21.8,18,228,1,2,3,3,0,2,2,0,1
16240.0,24,2,3718.8,27.546666666666667,126,1641,0,0,0,0,1,0,3,0,1
16241.0,10,13,2590.31,3.954671755725191,347,1443,0,0,2,2,1,0,3,0,1
16242.0,8,7,3579.86,12.259794520547944,184,1969,0,0,2,2,1,0,3,0,1
16243.0,34,2,409.1,8.02156862745098,49,110,1,1,0,0,0,2,2,0,1
16244.0,212,2,1522.75,16.733516483516482,88,855,0,1,0,0,1,0,3,0,1
16245.0,24,3,1413.66,15.707333333333334,80,1014,0,1,0,0,1,0,3,0,1
16247.0,170,1,114.56,7.16,16,182,1,2,3,3,0,1,1,0,1
16248.0,62,1,152.94,21.84857142857143,7,78,1,2,3,3,0,1,1,0,1
16249.0,53,5,1800.07,26.08797101449275,67,950,0,0,0,0,1,0,3,0,1
16250.0,261,2,389.44,16.226666666666667,22,208,1,2,3,3,0,1,1,0,1
16253.0,67,2,3683.86,29.95008130081301,114,3233,0,0,0,0,1,0,3,0,1
16255.0,17,8,2619.91,9.70337037037037,146,1767,0,0,2,2,1,0,3,0,1
16256.0,267,1,752.4300000000001,57.87923076923077,13,581,1,2,1,1,0,2,2,-1,1
16257.0,177,1,46.95,23.475,2,2,1,2,3,3,0,1,1,-1,-1
16258.0,45,5,5203.51,38.54451851851852,111,2994,0,0,2,2,1,0,3,0,1
16260.0,51,1,1035.45,57.525000000000006,18,311,1,2,1,1,0,2,2,0,1
16261.0,17,4,728.54,6.122184873949579,98,301,0,1,0,0,0,2,2,0,1
16265.0,9,9,5447.0,21.112403100775197,164,2646,0,0,2,2,1,0,3,0,1
16266.0,74,7,861.89,14.12934426229508,44,398,0,1,0,0,1,0,3,0,1
16268.0,71,2,667.65,14.836666666666666,45,533,1,1,0,0,0,2,2,0,1
16270.0,353,1,1141.24,21.134074074074075,54,688,1,1,0,0,0,2,2,0,1
16271.0,3,5,1404.64,10.804923076923078,89,1024,0,0,2,2,1,0,3,0,1
16272.0,117,1,411.7,16.468,25,224,1,2,3,3,0,2,2,0,1
16274.0,373,1,351.75,5.411538461538462,64,153,1,1,3,3,0,1,1,0,1
16275.0,197,1,559.87,16.965757575757575,33,336,1,1,3,3,0,1,1,0,1
16276.0,177,1,810.6000000000001,135.10000000000002,6,420,1,2,1,1,1,0,0,-1,1
16278.0,100,1,566.38,24.625217391304343,23,114,1,2,3,3,0,1,1,0,1
16279.0,21,3,1502.78,14.177169811320754,102,1046,0,1,0,0,1,0,3,0,1
16281.0,72,1,2062.06,121.29764705882351,17,934,1,1,1,1,1,0,0,-1,1
16282.0,340,1,168.3,15.3,11,114,1,2,3,3,0,1,1,0,1
16283.0,6,5,1570.81,9.462710843373491,117,1236,0,0,2,2,1,0,3,0,1
16284.0,31,2,812.68,7.89009708737864,87,535,0,1,0,0,0,2,2,0,1
16287.0,170,1,142.5,17.8125,8,298,1,2,3,3,0,1,1,0,1
16292.0,122,1,302.25,17.779411764705884,17,191,1,2,3,3,0,1,1,0,1
16293.0,22,10,2248.99,19.059237288135595,102,982,0,0,2,2,1,0,3,0,1
16295.0,10,4,1328.55,16.817088607594936,70,841,0,0,0,0,1,0,3,0,1
16297.0,269,1,301.9,15.095,20,206,1,2,3,3,0,1,1,0,1
16298.0,23,3,598.2,22.15555555555556,22,198,1,1,0,0,0,2,2,0,1
16302.0,127,1,233.22,21.201818181818183,11,158,1,2,3,3,0,1,1,0,1
16303.0,26,3,5360.63,33.09030864197531,119,2659,0,0,2,2,1,0,3,0,1
16305.0,139,1,361.22,16.419090909090908,22,256,1,2,3,3,0,2,2,0,1
16306.0,214,6,632.27,15.42121951219512,36,487,1,1,0,0,1,0,3,0,1
16308.0,38,4,2560.0,640.0,1,8000,0,0,1,1,1,0,0,-1,-1
16309.0,106,2,706.57,16.823095238095238,39,467,1,1,0,0,0,2,2,0,1
16311.0,18,2,616.26,16.655675675675674,35,394,1,1,0,0,0,2,2,0,1
16313.0,3,2,274.15000000000003,17.134375000000002,16,165,1,1,0,0,0,1,1,0,1
16315.0,331,1,226.37,16.169285714285714,14,75,1,2,3,3,0,1,1,0,1
16316.0,64,8,2938.91,19.46298013245033,120,1484,0,0,2,2,1,0,3,0,1
16317.0,120,3,1341.65,19.444202898550724,64,890,0,1,0,0,1,0,3,0,1
16318.0,35,1,328.15,17.271052631578947,19,199,1,2,3,3,0,2,2,0,1
16319.0,218,1,404.4,134.8,3,72,1,2,1,1,0,1,1,-1,1
16320.0,172,2,1038.46,18.543928571428573,56,732,1,1,0,0,0,2,2,0,1
16321.0,72,5,373.65,31.137500000000003,7,135,1,2,3,3,0,1,1,0,1
16322.0,1,2,326.75,8.83108108108108,28,231,1,1,0,0,1,0,3,0,1
16323.0,196,1,207.50000000000003,207.50000000000003,1,50,1,2,1,1,0,1,1,-1,1
16324.0,128,3,408.59,3.680990990990992,100,270,1,1,0,0,0,2,2,0,1
16325.0,47,3,594.24,33.013333333333335,14,194,1,2,3,3,0,1,1,0,1
16326.0,6,14,3039.2200000000003,10.130733333333334,158,682,0,0,2,2,1,0,3,0,1
16327.0,14,6,3820.27,12.051324921135649,142,2560,0,0,2,2,1,0,3,0,1
16330.0,18,3,251.91,6.4592307692307696,39,147,1,1,0,0,0,2,2,0,1
16332.0,28,7,1582.8,10.482119205298012,125,797,0,0,0,0,1,0,3,0,1
16333.0,8,22,26626.8,591.7066666666667,9,32184,0,0,2,2,1,0,0,-1,-1
16337.0,37,1,151.05,15.105,10,87,1,2,3,3,0,1,1,0,1
16338.0,157,1,214.8,19.527272727272727,11,94,1,2,3,3,0,1,1,0,1
16339.0,284,1,94.05,5.225,17,21,1,2,3,3,0,1,1,0,1
16340.0,107,1,534.31,3.789432624113475,124,486,1,1,0,0,0,2,2,0,1
16341.0,25,4,1971.87,25.6087012987013,60,1398,0,0,0,0,1,0,3,0,1
16342.0,75,4,322.41,21.494000000000003,10,157,1,2,3,3,0,1,1,0,1
16343.0,16,2,328.58,7.641395348837209,29,175,1,1,0,0,0,2,2,0,1
16344.0,158,1,101.1,50.55,1,18,1,2,3,3,0,1,1,1,1
16345.0,44,1,565.46,15.282702702702704,35,288,1,1,0,0,0,2,2,0,1
16347.0,11,2,847.45,9.97,61,341,0,1,0,0,0,2,2,0,1
16348.0,32,7,1415.65,6.376801801801802,157,805,0,0,0,0,1,0,3,0,1
16349.0,291,1,53.5,5.944444444444445,9,9,1,2,3,3,0,1,1,-1,1
16350.0,21,4,1116.47,19.58719298245614,40,545,0,1,0,0,1,0,3,0,1
16351.0,333,1,153.9,19.2375,8,90,1,2,3,3,0,1,1,0,1
16352.0,18,2,494.44,17.658571428571427,28,300,1,1,0,0,0,2,2,0,1
16353.0,4,23,6675.71,71.0181914893617,51,2006,0,0,2,2,1,0,0,-1,1
16354.0,63,2,395.8,10.148717948717948,38,150,1,1,3,3,0,2,2,0,1
16356.0,198,3,211.77,6.831290322580646,20,93,1,2,3,3,0,1,1,0,1
16357.0,33,3,658.88,19.378823529411765,31,246,1,1,0,0,0,2,2,0,1
16358.0,1,4,2027.5,18.60091743119266,82,1302,0,0,2,2,1,0,3,0,1
16359.0,7,9,1750.92,26.52909090909091,39,1183,0,0,2,2,1,0,3,0,1
16360.0,5,6,3450.41,5.425172955974842,365,2110,0,0,2,2,1,0,3,0,1
16361.0,10,4,891.21,8.569326923076924,87,418,0,1,0,0,0,2,2,0,1
16362.0,32,5,709.99,9.220649350649351,58,340,0,1,0,0,1,0,3,0,1
16363.0,53,1,109.36,21.872000000000003,5,52,1,2,3,3,0,1,1,0,1
16364.0,12,2,705.79,13.572884615384616,48,279,1,1,0,0,0,2,2,0,1
16365.0,18,9,1540.42,30.2043137254902,45,504,0,0,2,2,1,0,3,0,1
16366.0,19,1,327.3,18.183333333333334,18,256,1,1,3,3,0,2,2,0,1
16367.0,37,2,800.67,6.304488188976378,123,643,0,1,0,0,0,2,2,0,1
16368.0,2,2,479.91,6.955217391304348,58,251,0,1,0,0,1,0,3,0,1
16369.0,18,3,1545.41,13.20863247863248,91,1030,0,1,0,0,1,0,3,0,1
16370.0,82,4,1301.91,5.890995475113122,143,640,0,1,0,0,1,0,3,0,1
16372.0,33,2,355.73,3.866630434782609,86,158,1,1,0,0,0,2,2,0,1
16374.0,66,2,466.73,4.281926605504587,101,237,1,1,0,0,0,2,2,0,1
16376.0,9,2,974.96,7.991475409836066,104,691,0,1,0,0,0,2,2,0,1
16377.0,267,1,676.2,135.24,5,1500,1,2,1,1,1,0,0,-1,1
16378.0,247,3,362.95,15.780434782608696,22,267,1,2,3,3,0,1,1,0,1
16379.0,4,4,2157.4,19.975925925925928,87,1410,0,0,2,2,1,0,3,0,1
16380.0,61,1,1743.15,56.23064516129032,28,1428,1,1,1,1,1,0,0,0,1
16383.0,75,2,643.76,6.568979591836735,80,467,1,1,0,0,0,2,2,0,1
16384.0,90,2,584.5,17.71212121212121,33,260,1,1,0,0,0,2,2,0,1
16385.0,60,3,554.86,9.73438596491228,52,258,1,1,0,0,0,2,2,0,1
16386.0,29,2,302.57,3.735432098765432,76,205,1,1,0,0,0,2,2,0,1
16387.0,323,1,94.36,23.59,4,44,1,2,3,3,0,1,1,0,1
16389.0,53,4,1382.07,40.64911764705882,33,1242,0,1,0,0,1,0,0,0,1
16392.0,270,1,217.89,5.067209302325581,41,201,1,1,3,3,0,1,1,0,1
16393.0,2,13,3040.96,9.299571865443426,120,1573,0,0,2,2,1,0,3,0,1
16394.0,57,5,1555.34,18.73903614457831,61,2604,0,0,0,0,1,0,3,0,1
16395.0,61,5,1482.06,7.194466019417476,150,1472,0,1,0,0,1,0,3,0,1
16398.0,154,2,1705.8,20.80243902439024,75,758,0,1,0,0,1,0,3,0,1
16399.0,19,2,408.02,5.666944444444444,68,263,1,1,0,0,0,2,2,0,1
16400.0,95,1,303.93,10.480344827586206,28,172,1,2,3,3,0,2,2,0,1
16401.0,1,12,4098.32,22.033978494623653,66,3882,0,0,2,2,1,0,3,0,1
16402.0,265,2,293.45,5.148245614035088,55,146,1,1,3,3,0,2,2,0,1
16403.0,312,1,177.5,17.75,10,114,1,2,3,3,0,1,1,0,1
16404.0,70,1,443.05,19.26304347826087,23,157,1,2,3,3,0,1,1,0,1
16405.0,302,2,167.25,33.45,3,187,1,2,3,3,0,1,1,-1,1
16406.0,19,1,154.35,2.661206896551724,54,116,1,1,3,3,0,2,2,0,1
16407.0,13,10,2079.68,12.379047619047618,99,1093,0,0,2,2,1,0,3,0,1
16409.0,36,5,2022.98,8.757489177489177,145,1304,0,0,0,0,1,0,3,0,1
16411.0,19,2,211.7,4.8113636363636365,41,131,1,1,0,0,0,2,2,0,1
16412.0,54,1,135.99,4.533,25,63,1,2,3,3,0,1,1,0,1
16413.0,57,1,262.2,8.458064516129031,30,148,1,1,3,3,0,2,2,0,1
16414.0,22,2,126.25,18.035714285714285,5,27,1,2,3,3,0,1,1,-1,1
16415.0,44,1,200.27,4.2610638297872345,45,178,1,1,3,3,0,2,2,0,1
16416.0,27,3,1051.4,14.808450704225354,59,672,0,1,0,0,1,0,3,0,1
16418.0,45,3,631.12,6.643368421052632,76,280,1,1,0,0,0,2,2,0,1
16419.0,113,6,958.71,19.1742,36,428,0,1,0,0,1,0,3,0,1
16422.0,17,51,34684.4,93.99566395663958,68,33704,0,0,2,2,1,0,0,-1,-1
16423.0,25,1,346.12,19.22888888888889,18,230,1,1,3,3,0,2,2,0,1
16424.0,191,1,133.56,26.712,5,88,1,2,3,3,0,1,1,0,1
16425.0,302,1,302.7,14.414285714285716,21,199,1,2,3,3,0,1,1,0,1
16426.0,2,10,1863.76,5.279773371104816,211,1215,0,0,2,2,1,0,3,0,1
16427.0,263,2,241.06,26.784444444444446,8,156,1,2,3,3,0,1,1,0,1
16429.0,106,1,284.55,142.275,2,9,1,2,1,1,0,1,1,-1,-1
16430.0,57,1,300.85,50.14166666666667,6,103,1,2,3,3,0,1,1,0,1
16431.0,213,3,623.28,8.201052631578946,51,442,1,1,0,0,0,2,2,0,1
16432.0,64,1,287.4,35.925,8,276,1,2,3,3,0,1,1,0,1
16433.0,28,1,184.26,10.838823529411764,17,106,1,2,3,3,0,1,1,0,1
16434.0,29,7,1511.8,14.128971962616822,88,760,0,0,0,0,1,0,3,0,1
16438.0,6,5,798.35,6.04810606060606,74,463,0,1,0,0,0,2,2,0,1
16440.0,8,5,3640.67,12.91017730496454,186,2018,0,0,2,2,1,0,3,0,1
16441.0,67,2,381.2,15.883333333333333,22,173,1,1,3,3,0,2,2,0,1
16442.0,2,3,609.3,3.563157894736842,161,443,0,1,0,0,0,2,2,0,1
16444.0,46,4,654.67,7.793690476190475,68,407,0,1,0,0,1,0,3,0,1
16445.0,34,1,230.51,3.658888888888889,62,111,1,1,3,3,0,2,2,0,1
16446.0,1,2,168472.5,56157.5,3,80997,0,0,1,1,1,0,0,-1,-1
16447.0,136,1,255.91,7.526764705882353,34,221,1,1,3,3,0,1,1,0,1
16448.0,198,1,182.99,9.631052631578948,19,76,1,2,3,3,0,1,1,0,1
16449.0,198,2,707.69,17.69225,40,367,1,1,0,0,0,2,2,0,1
16450.0,150,1,311.92,28.35636363636364,11,200,1,2,3,3,0,1,1,0,1
16451.0,88,1,266.97,19.06928571428572,14,120,1,2,3,3,0,1,1,0,1
16454.0,45,2,6.9,3.45,2,3,1,2,3,3,0,1,1,-1,-1
16455.0,64,7,1841.18,18.59777777777778,69,988,0,0,0,0,1,0,3,0,1
16456.0,99,5,2158.18,19.61981818181818,80,1147,0,1,0,0,1,0,3,0,1
16457.0,218,1,208.36,23.151111111111117,9,140,1,2,3,3,0,1,1,0,1
16458.0,3,18,3482.74,17.241287128712873,52,2154,0,0,2,2,1,0,3,0,1
16460.0,28,3,811.23,6.145681818181818,128,876,0,1,0,0,1,0,3,0,1
16461.0,178,1,142.92,4.46625,31,48,1,2,3,3,0,1,1,0,1
16462.0,74,3,136.0,45.333333333333336,1,16,1,2,3,3,0,1,1,-1,-1
16463.0,21,4,1422.4,17.346341463414635,74,1163,0,1,0,0,1,0,3,0,1
16464.0,20,3,1298.66,5.646347826086957,152,952,0,1,0,0,1,0,3,0,1
16466.0,34,7,1595.96,10.931232876712327,103,785,0,0,0,0,1,0,3,0,1
16468.0,74,1,74.9,37.45,2,31,1,2,3,3,0,1,1,1,1
16469.0,24,4,625.42,3.6574269005847952,148,260,0,1,0,0,0,2,2,0,1
16470.0,52,4,752.77,4.590060975609756,120,522,0,1,0,0,1,0,3,0,1
16471.0,275,1,223.95,17.22692307692308,13,141,1,2,3,3,0,1,1,0,1
16473.0,165,3,316.11,17.561666666666667,18,196,1,2,3,3,0,1,1,0,1
16474.0,7,7,1810.65,5.372848664688427,237,909,0,0,2,2,1,0,3,0,1
16475.0,88,4,544.3,19.439285714285717,23,319,1,1,0,0,0,2,2,0,1
16477.0,64,7,2494.46,17.085342465753424,111,1415,0,0,2,2,1,0,3,0,1
16478.0,25,3,331.0,19.47058823529412,15,224,1,1,0,0,0,2,2,0,1
16479.0,10,2,300.83,8.595142857142857,35,102,1,1,0,0,0,2,2,0,1
16480.0,76,1,769.29,14.514905660377355,51,455,1,1,0,0,0,2,2,0,1
16482.0,16,1,220.62,12.256666666666668,18,346,1,1,3,3,0,1,1,0,1
16483.0,192,1,139.35,7.334210526315789,19,44,1,2,3,3,0,1,1,0,1
16484.0,174,2,404.3,16.172,25,200,1,2,3,3,0,1,1,0,1
16485.0,77,1,363.65,8.658333333333333,41,235,1,1,3,3,0,2,2,0,1
16488.0,33,3,498.8,17.2,28,728,1,1,0,0,0,2,2,0,1
16491.0,47,1,731.5,18.756410256410252,39,478,1,1,0,0,0,2,2,0,1
16493.0,80,4,1351.63,24.13625,40,1164,0,1,0,0,1,0,3,0,1
16494.0,297,1,826.53,16.5306,47,675,1,1,0,0,0,2,2,0,1
16495.0,3,3,648.26,7.366590909090909,78,328,0,1,0,0,1,0,3,0,1
16496.0,9,3,1599.52,16.837052631578945,92,1111,0,0,0,0,1,0,3,0,1
16497.0,50,6,2965.69,21.80654411764706,128,1396,0,0,2,2,1,0,3,0,1
16498.0,161,2,100.97,6.731333333333334,15,45,1,2,3,3,0,1,1,0,1
16499.0,360,2,365.45,19.23421052631579,18,127,1,2,3,3,0,1,1,0,1
16500.0,5,6,400.86,36.441818181818185,8,123,1,1,0,0,1,0,0,-1,1
16503.0,107,4,1431.93,17.046785714285715,71,569,0,1,0,0,1,0,3,0,1
16504.0,25,1,465.88,5.613012048192771,76,510,1,1,0,0,0,2,2,0,1
16505.0,32,1,777.6,194.4,4,576,1,2,1,1,0,1,1,-1,1
16506.0,20,2,90.3,30.100000000000005,3,42,1,2,3,3,0,1,1,0,1
16509.0,297,1,363.7,27.976923076923075,13,64,1,2,3,3,0,1,1,0,1
16510.0,372,1,248.1,19.084615384615383,13,92,1,2,3,3,0,1,1,0,1
16511.0,22,3,918.33,5.7756603773584905,135,405,0,1,0,0,0,2,2,0,1
16513.0,5,4,874.59,24.98828571428572,33,407,0,1,0,0,1,0,3,0,1
16515.0,52,5,1624.14,14.631891891891891,89,826,0,1,0,0,1,0,3,0,1
16516.0,30,1,101.7,16.95,6,58,1,2,3,3,0,1,1,0,1
16517.0,277,1,162.7,9.570588235294116,17,96,1,2,3,3,0,1,1,0,1
16518.0,61,2,484.32,12.108,36,327,1,1,0,0,0,2,2,0,1
16519.0,25,2,215.08,16.544615384615383,13,54,1,2,3,3,0,1,1,0,1
16520.0,186,3,1046.57,6.708782051282051,129,558,0,1,0,0,0,2,2,0,1
16523.0,2,21,9418.47,32.477482758620695,151,4265,0,0,2,2,1,0,0,0,1
16525.0,2,26,13027.45,71.18825136612023,75,7397,0,0,2,2,1,0,0,-1,-1
16526.0,172,1,290.36,19.357333333333333,15,106,1,2,3,3,0,1,1,0,1
16527.0,81,1,228.06,16.29,14,106,1,2,3,3,0,1,1,0,1
16528.0,4,1,244.41,14.377058823529412,17,171,1,1,3,3,0,1,1,0,1
16529.0,190,1,455.25,15.175,30,198,1,2,3,3,0,1,1,0,1
16531.0,22,7,1244.59,16.163506493506492,68,915,0,0,0,0,1,0,3,0,1
16532.0,18,3,6748.8,1687.2,2,2016,0,0,1,1,1,0,0,-1,-1
16533.0,19,3,1082.81,6.1523295454545455,112,611,0,1,0,0,1,0,3,0,1
16535.0,5,1,593.75,19.15322580645161,31,356,1,1,0,0,1,0,3,0,1
16536.0,110,1,548.12,10.15037037037037,49,250,1,1,0,0,0,2,2,0,1
16539.0,3,4,1388.81,30.86244444444444,36,477,0,0,0,0,1,0,3,0,1
16542.0,54,1,119.62,23.924,5,46,1,2,3,3,0,1,1,0,1
16545.0,165,1,339.3,113.1,3,78,1,2,1,1,0,1,1,0,1
16546.0,291,2,787.15,31.486,25,549,1,1,0,0,0,2,2,0,1
16549.0,10,10,4034.9,4.362054054054054,445,2294,0,0,2,2,1,0,3,0,1
16550.0,109,5,2298.97,9.159243027888444,162,1540,0,0,0,0,1,0,3,0,1
16551.0,96,3,922.12,28.81625,26,970,1,1,0,0,0,2,2,0,1
16552.0,243,2,379.73,22.33705882352941,17,219,1,2,3,3,0,1,1,0,1
16553.0,163,12,5719.82,68.09309523809523,62,4600,0,0,2,2,1,0,0,-1,1
16554.0,42,3,837.1,16.098076923076924,51,402,1,1,0,0,0,2,2,0,1
16555.0,35,2,285.89,16.81705882352941,15,175,1,2,3,3,0,2,2,0,1
16556.0,67,7,3313.79,16.008647342995168,144,1890,0,0,2,2,1,0,3,0,1
16557.0,24,2,281.85,25.622727272727275,11,111,1,2,3,3,0,1,1,0,1
16558.0,1,20,8338.49,18.127152173913043,264,5377,0,0,2,2,1,0,0,-1,-1
16560.0,27,2,841.41,15.02517857142857,52,500,1,1,0,0,1,0,3,0,1
16561.0,6,2,511.12,16.48774193548387,29,244,1,1,0,0,0,2,2,0,1
16563.0,54,1,1077.74,56.72315789473684,19,486,1,1,1,1,0,2,2,0,1
16565.0,364,1,173.7,57.9,3,46,1,2,3,3,0,1,1,0,1
16566.0,15,5,614.66,34.147777777777776,14,362,1,1,0,0,1,0,0,0,1
16567.0,194,2,865.6,24.731428571428573,34,996,1,1,0,0,0,2,2,0,1
16569.0,3,1,124.2,24.84,5,93,1,2,3,3,0,1,1,-1,1
16570.0,15,10,3738.4,29.66984126984127,68,2112,0,0,2,2,1,0,0,0,1
16571.0,27,3,1421.69,16.34126436781609,73,1239,0,1,0,0,1,0,3,0,1
16572.0,127,3,1009.6,17.712280701754388,40,532,1,1,0,0,1,0,3,0,1
16573.0,85,2,663.61,15.800238095238097,40,360,1,1,0,0,0,2,2,0,1
16574.0,71,1,451.44,16.122857142857143,28,416,1,1,3,3,0,2,2,0,1
16581.0,183,1,105.84,11.76,9,134,1,2,3,3,0,1,1,0,1
16582.0,113,1,313.62,52.27,6,164,1,2,3,3,0,1,1,0,1
16583.0,374,1,233.45,16.675,14,111,1,2,3,3,0,1,1,0,1
16584.0,80,2,936.08,33.431428571428576,25,646,1,1,0,0,0,2,2,0,1
16586.0,249,1,463.95,57.99375,8,95,1,2,3,3,0,1,1,0,1
16587.0,232,1,225.15,17.31923076923077,13,71,1,2,3,3,0,1,1,0,1
16589.0,71,3,459.24,13.916363636363636,31,368,1,1,0,0,0,2,2,0,1
16591.0,69,1,213.5,21.35,10,41,1,2,3,3,0,1,1,0,1
16592.0,4,16,4113.68,19.044814814814817,142,2927,0,0,2,2,1,0,3,0,1
16593.0,51,3,330.03,12.223333333333333,24,116,1,1,3,3,0,2,2,0,1
16594.0,75,1,181.09,3.416792452830189,53,64,1,1,3,3,0,1,1,0,1
16595.0,61,1,360.16,4.237176470588236,83,335,1,1,0,0,0,2,2,0,1
16596.0,16,2,250.15,20.84583333333333,12,97,1,2,3,3,0,1,1,0,1
16597.0,4,1,90.04,12.862857142857145,7,184,1,2,3,3,0,1,1,-1,1
16598.0,286,1,145.04999999999998,14.505,10,73,1,2,3,3,0,1,1,0,1
16600.0,4,6,813.52,13.121290322580643,50,1145,0,0,0,0,1,0,3,0,1
16601.0,41,1,242.7,8.09,29,133,1,1,3,3,0,2,2,0,1
16602.0,36,1,528.08,18.209655172413797,29,336,1,1,0,0,0,2,2,0,1
16603.0,75,2,482.47,14.19029411764706,34,480,1,1,0,0,0,2,2,0,1
16607.0,18,14,3347.71,19.46343023255814,140,2859,0,0,2,2,1,0,3,0,1
16609.0,15,7,5493.46,19.903840579710145,155,2420,0,0,2,2,1,0,3,0,1
16610.0,219,1,75.66,12.61,6,66,1,2,3,3,0,1,1,0,1
16611.0,186,1,129.49,12.949000000000002,9,47,1,2,3,3,0,1,1,0,1
16612.0,33,4,1187.66,17.994848484848486,48,506,0,1,0,0,1,0,3,0,1
16613.0,70,1,618.59,20.619666666666667,30,293,1,1,0,0,0,2,2,0,1
16614.0,183,1,506.19,19.468846153846155,26,223,1,2,3,3,0,1,1,0,1
16616.0,15,2,500.42,15.164242424242424,31,370,1,1,0,0,0,2,2,0,1
16617.0,236,1,151.85,30.37,5,91,1,2,3,3,0,1,1,0,1
16618.0,31,5,2647.59,27.579062500000003,79,1363,0,0,2,2,1,0,3,0,1
16619.0,264,1,226.21,16.157857142857143,14,133,1,2,3,3,0,1,1,0,1
16620.0,4,2,178.96,19.884444444444444,9,88,1,2,3,3,0,1,1,0,1
16621.0,52,4,813.48,28.05103448275862,22,302,1,1,0,0,1,0,0,0,1
16623.0,246,1,129.45,25.89,5,39,1,2,3,3,0,1,1,0,1
16624.0,81,2,810.5699999999999,16.886875,44,488,1,1,0,0,0,2,2,0,1
16625.0,275,1,333.08,14.481739130434782,23,164,1,2,3,3,0,1,1,0,1
16626.0,1,17,4413.1,24.65418994413408,86,2690,0,0,2,2,1,0,3,0,1
16627.0,79,1,322.8,16.14,20,162,1,2,3,3,0,2,2,0,1
16628.0,30,5,2188.05,18.701282051282053,79,1205,0,0,0,0,1,0,3,0,1
16629.0,74,2,408.63,6.8105,58,489,1,1,0,0,0,2,2,0,1
16633.0,17,6,2883.1,18.967763157894737,115,1138,0,0,2,2,1,0,3,0,1
16634.0,223,2,217.9,24.211111111111112,9,82,1,2,3,3,0,1,1,0,1
16637.0,32,4,1154.47,16.73144927536232,66,927,0,1,0,0,1,0,3,0,1
16638.0,23,10,1680.72,17.88,92,1255,0,0,2,2,1,0,3,0,1
16639.0,31,3,1257.51,25.1502,48,510,0,1,0,0,0,2,2,0,1
16641.0,106,1,231.1,19.258333333333336,12,256,1,2,3,3,0,2,2,0,1
16642.0,5,2,688.33,20.245,32,479,0,1,0,0,1,0,3,0,1
16643.0,246,1,487.51,18.055925925925926,27,269,1,2,3,3,0,1,1,0,1
16644.0,178,2,833.78,13.448064516129032,62,826,1,1,0,0,0,2,2,0,1
16647.0,170,2,214.06,15.29,12,146,1,2,3,3,0,1,1,0,1
16648.0,43,1,290.66,15.297894736842103,19,281,1,2,3,3,0,2,2,0,1
16650.0,72,1,518.42,21.60083333333333,24,372,1,1,3,3,0,2,2,0,1
16652.0,59,7,6773.97,57.406525423728816,74,3283,0,0,2,2,1,0,0,-1,1
16653.0,16,2,1212.66,17.574782608695653,67,733,0,1,0,0,1,0,3,0,1
16654.0,141,4,601.27,20.733448275862067,29,282,1,1,0,0,0,2,2,0,1
16655.0,18,6,3789.52,14.688062015503876,208,2363,0,0,2,2,1,0,3,0,1
16656.0,22,15,8625.8,118.16164383561645,14,8894,0,0,2,2,1,0,0,-1,-1
16657.0,10,4,874.43,4.554322916666666,158,1130,0,1,0,0,1,0,3,0,1
16658.0,368,1,123.24,15.405,8,40,1,2,3,3,0,1,1,0,1
16659.0,189,1,39.12,19.56,2,72,1,2,3,3,0,1,1,0,1
16660.0,16,4,1267.65,79.22812499999999,16,571,0,1,1,1,1,0,0,0,1
16665.0,362,1,135.39999999999998,15.044444444444444,9,59,1,2,3,3,0,1,1,0,1
16666.0,19,1,118.98,3.718125,32,233,1,1,3,3,0,2,2,0,1
16667.0,68,2,567.1800000000001,10.907307692307691,52,236,1,1,0,0,0,2,2,0,1
16668.0,15,6,306.72,15.336,9,318,1,1,0,0,1,0,0,-1,1
16669.0,24,3,1348.88,8.646666666666667,141,881,0,1,0,0,1,0,3,0,1
16670.0,17,11,4095.9,16.25357142857143,179,2556,0,0,2,2,1,0,3,0,1
16671.0,28,3,1692.27,282.045,3,875,1,2,1,1,1,0,0,-1,1
16672.0,2,20,8134.94,71.35912280701754,22,2832,0,0,2,2,1,0,0,-1,-1
16674.0,55,2,304.24,3.2713978494623657,89,181,1,1,0,0,0,2,2,0,1
16676.0,34,4,1592.12,17.888988764044946,75,636,0,1,0,0,1,0,3,0,1
16678.0,3,12,3109.99,19.07969325153374,92,2397,0,0,2,2,1,0,3,0,1
16679.0,366,1,129.75,43.25,3,29,1,2,3,3,0,1,1,0,1
16680.0,43,1,183.7,18.37,10,94,1,2,3,3,0,1,1,0,1
16681.0,73,6,1770.34,40.235,18,1407,0,0,0,0,1,0,0,0,1
16682.0,5,5,1028.0,34.266666666666666,15,1040,0,0,0,0,1,0,0,-1,1
16684.0,4,28,66653.56,240.6265703971119,119,50255,0,0,2,2,1,0,0,-1,-1
16685.0,61,2,324.24,5.229677419354839,60,396,1,1,0,0,0,2,2,0,1
16686.0,47,7,2959.88,5.440955882352942,406,1977,0,0,2,2,1,0,3,0,1
16688.0,1,4,1260.86,20.336451612903225,52,804,0,0,2,2,1,0,3,0,1
16689.0,76,2,422.6,32.5076923076923,12,330,1,2,3,3,0,2,2,0,1
16690.0,72,2,225.58,18.79833333333333,10,138,1,2,3,3,0,1,1,0,1
16692.0,256,2,1276.0,425.3333333333333,2,152,1,2,1,1,0,1,1,-1,-1
16693.0,69,2,477.86,8.099322033898305,58,203,1,1,0,0,0,2,2,0,1
16696.0,135,4,657.9000000000001,65.79,7,146,1,2,1,1,0,1,1,-1,1
16697.0,241,1,112.75,5.369047619047619,20,27,1,2,3,3,0,1,1,0,1
16698.0,227,2,1998.0,399.6,4,840,1,2,1,1,1,0,0,-1,-1
16700.0,9,13,5076.55,16.482305194805196,159,4024,0,0,2,2,1,0,3,0,1
16701.0,9,13,5398.3,37.488194444444446,99,6393,0,0,2,2,1,0,0,0,1
16705.0,1,20,14034.99,51.98144444444444,133,5476,0,0,2,2,1,0,0,-1,-1
16706.0,37,3,531.35,4.319918699186992,108,249,1,1,0,0,0,2,2,0,1
16708.0,46,1,656.63,24.31962962962963,27,285,1,1,0,0,0,2,2,0,1
16709.0,85,5,3029.87,38.35278481012658,64,851,0,0,0,0,1,0,3,0,1
16710.0,19,10,2467.99,6.263934010152283,268,1823,0,0,2,2,1,0,3,0,1
16711.0,3,5,1651.03,75.04681818181818,18,833,0,0,2,2,1,0,0,-1,1
16712.0,9,11,3611.31,8.245,259,1730,0,0,2,2,1,0,3,0,1
16713.0,19,15,6910.78,11.16442649434572,338,4271,0,0,2,2,1,0,3,0,1
16714.0,219,3,1129.06,12.977701149425286,77,589,1,1,0,0,0,2,2,0,1
16715.0,78,1,301.72,15.88,19,642,1,1,3,3,0,2,2,0,1
16716.0,267,2,901.2,450.6,1,120,1,2,1,1,0,1,1,-1,-1
16717.0,24,6,3843.08,19.40949494949495,176,1860,0,0,2,2,1,0,3,0,1
16718.0,369,1,606.0500000000001,13.773863636363638,41,407,1,1,3,3,0,1,1,0,1
16719.0,15,7,1770.22,9.031734693877551,107,1175,0,0,2,2,1,0,3,0,1
16720.0,26,1,152.95,6.117999999999999,25,180,1,1,3,3,0,2,2,0,1
16721.0,262,1,292.47,7.904594594594595,37,172,1,2,3,3,0,1,1,0,1
16722.0,17,13,4730.81,21.025822222222224,96,5001,0,0,2,2,1,0,3,0,1
16723.0,91,2,576.4,13.723809523809525,37,398,1,1,0,0,0,2,2,0,1
16725.0,302,7,758.27,5.229448275862069,110,288,0,1,0,0,1,0,3,-1,1
16726.0,26,5,1358.74,7.633370786516854,121,945,0,1,0,0,1,0,3,0,1
16727.0,364,1,256.32,5.825454545454545,41,167,1,2,3,3,0,1,1,0,1
16728.0,46,4,1048.28,3.985855513307985,218,671,0,1,0,0,1,0,3,0,1
16729.0,38,21,7205.33,10.983734756097562,234,5722,0,0,2,2,1,0,3,-1,1
16730.0,52,3,743.11,9.062317073170732,75,994,0,1,0,0,1,0,3,0,1
16732.0,32,1,603.75,21.5625,28,317,1,1,0,0,0,2,2,0,1
16734.0,52,3,646.76,12.437692307692307,44,345,1,1,0,0,1,0,3,0,1
16735.0,79,5,2247.41,19.374224137931037,88,1532,0,0,0,0,1,0,3,0,1
16737.0,53,1,417.6,417.6,1,288,1,2,1,1,0,1,1,-1,-1
16738.0,298,1,3.75,3.75,1,3,1,2,3,3,0,1,1,-1,-1
16739.0,177,1,323.0,24.846153846153847,13,172,1,2,3,3,0,1,1,0,1
16742.0,47,1,464.9,464.9,1,1,1,2,1,1,0,1,1,-1,-1
16743.0,29,7,2213.13,11.648052631578947,89,2035,0,0,2,2,1,0,3,0,1
16744.0,11,7,1291.91,5.4741949152542375,198,798,0,0,2,2,1,0,3,0,1
16745.0,87,17,7180.7,20.22732394366197,148,6719,0,0,2,2,1,0,3,-1,1
16746.0,5,18,6680.11,15.045292792792791,234,4660,0,0,2,2,1,0,3,0,1
16747.0,38,2,836.06,19.906190476190478,34,583,1,1,0,0,0,2,2,0,1
16748.0,18,5,1515.9,21.969565217391303,42,880,0,0,0,0,1,0,3,0,1
16750.0,45,5,623.93,6.567684210526315,74,214,0,1,0,0,1,0,3,0,1
16751.0,31,1,1764.72,70.5888,24,1031,1,1,1,1,1,0,0,-1,1
16752.0,373,1,207.5,23.05555555555556,9,54,1,2,3,3,0,1,1,0,1
16753.0,58,1,223.92,6.5858823529411765,34,189,1,1,3,3,0,2,2,0,1
16754.0,372,1,2002.4,1001.2,2,4280,1,2,1,1,1,0,0,-1,-1
16755.0,114,3,1475.43,8.942,133,1058,0,1,0,0,1,0,3,0,1
16756.0,215,1,239.4,18.415384615384617,13,106,1,2,3,3,0,1,1,0,1
16757.0,319,1,106.83,15.261428571428572,7,81,1,2,3,3,0,1,1,0,1
16758.0,65,1,369.34,16.78818181818182,22,203,1,2,3,3,0,2,2,0,1
16759.0,8,3,789.79,18.804523809523808,40,609,0,1,0,0,1,0,3,0,1
16761.0,97,1,316.62,24.35538461538461,13,341,1,2,3,3,0,2,2,0,1
16762.0,20,3,1207.24,19.162539682539684,51,480,0,1,0,0,1,0,3,0,1
16763.0,199,1,611.85,26.60217391304348,23,319,1,2,3,3,0,2,2,0,1
16764.0,4,13,2790.9500000000003,3.987071428571429,209,1253,0,0,2,2,1,0,3,0,1
16765.0,294,1,34.0,34.0,1,4,1,2,3,3,0,1,1,-1,-1
16766.0,273,2,1145.6,33.69411764705882,17,536,1,1,0,0,0,2,2,0,1
16767.0,31,11,5575.56,25.22877828054299,148,4423,0,0,2,2,1,0,3,0,1
16768.0,48,3,478.09,8.85351851851852,47,196,1,1,0,0,0,2,2,0,1
16769.0,260,1,361.54,9.51421052631579,33,80,1,2,3,3,0,1,1,0,1
16770.0,58,5,757.1,5.407857142857143,116,456,0,1,0,0,1,0,3,0,1
16771.0,33,5,2242.61,8.829173228346457,200,1487,0,0,2,2,1,0,3,0,1
16773.0,57,1,171.59,6.599615384615385,23,171,1,2,3,3,0,1,1,0,1
16774.0,68,4,661.52,13.781666666666666,36,322,1,1,0,0,1,0,3,0,1
16775.0,10,11,1691.51,10.773949044585986,84,439,0,0,2,2,1,0,3,0,1
16776.0,60,1,371.54,5.232957746478873,61,254,1,1,0,0,0,2,2,0,1
16777.0,80,2,222.62,4.6379166666666665,45,62,1,1,3,3,0,1,1,0,1
16778.0,74,2,245.94,15.37125,16,194,1,2,3,3,0,2,2,0,1
16779.0,2,22,10611.72,32.05957703927493,161,5301,0,0,2,2,1,0,0,-1,1
16780.0,100,2,422.24,7.156610169491525,51,270,1,1,0,0,0,2,2,0,1
16781.0,372,1,311.25,18.308823529411764,17,113,1,2,3,3,0,1,1,0,1
16782.0,10,13,2267.9500000000003,12.393169398907103,103,705,0,0,2,2,1,0,3,0,1
16784.0,20,1,107.6,35.86666666666667,3,24,1,2,3,3,0,1,1,0,1
16788.0,123,2,594.39,4.016148648648649,138,304,1,1,0,0,0,2,2,0,1
16789.0,8,1,80.8,16.16,5,32,1,2,3,3,0,1,1,-1,1
16790.0,4,6,1545.62,16.61956989247312,88,898,0,0,2,2,1,0,3,0,1
16791.0,29,7,1705.78,5.432420382165605,218,757,0,0,0,0,1,0,3,0,1
16792.0,282,2,110.38,9.198333333333334,11,44,1,2,3,3,0,1,1,0,1
16793.0,57,1,243.84,15.24,16,146,1,2,3,3,0,1,1,0,1
16794.0,1,10,1196.5,4.303956834532374,142,923,0,0,2,2,1,0,3,0,1
16795.0,365,1,414.88,6.286060606060606,64,239,1,1,3,3,0,1,1,0,1
16796.0,89,1,305.62,16.97888888888889,18,186,1,2,3,3,0,2,2,0,1
16800.0,11,1,1162.65,7.452884615384616,148,524,0,1,0,0,0,2,2,-1,1
16801.0,163,4,1594.23,21.2564,72,493,0,1,0,0,1,0,3,0,1
16803.0,65,1,332.3,13.845833333333331,24,245,1,1,3,3,0,2,2,0,1
16804.0,23,3,536.99,8.949833333333334,59,246,1,1,0,0,0,2,2,0,1
16805.0,174,2,460.59,4.699897959183673,94,539,1,1,0,0,0,2,2,0,1
16806.0,103,4,762.16,8.195268817204301,68,356,1,1,0,0,0,2,2,0,1
16807.0,143,3,1121.59,16.740149253731342,57,778,0,1,0,0,1,0,3,0,1
16808.0,99,2,288.42,12.54,21,196,1,2,3,3,0,2,2,0,1
16809.0,23,5,914.69,6.138859060402685,79,652,0,1,0,0,1,0,3,0,1
16810.0,192,1,309.54,20.636000000000003,15,114,1,2,3,3,0,1,1,0,1
16811.0,5,2,547.07,19.53821428571429,26,477,1,1,0,0,1,0,3,0,1
16812.0,361,1,479.35,31.956666666666667,15,81,1,2,3,3,0,1,1,0,1
16813.0,8,10,1652.18,3.878356807511737,248,1501,0,0,2,2,1,0,3,0,1
16814.0,14,21,6416.7,20.11504702194357,122,2697,0,0,2,2,1,0,3,0,1
16816.0,103,4,417.06,14.895,28,274,1,1,0,0,0,2,2,0,1
16817.0,3,9,1604.75,18.65988372093023,73,822,0,0,2,2,1,0,3,0,1
16818.0,11,11,3349.57,17.81686170212766,172,2164,0,0,2,2,1,0,3,0,1
16820.0,96,1,497.61,19.138846153846156,26,307,1,1,3,3,0,2,2,0,1
16823.0,227,1,358.38,9.431052631578948,34,136,1,2,3,3,0,1,1,0,1
16824.0,16,2,460.64,17.716923076923077,23,236,1,1,0,0,0,2,2,0,1
16825.0,39,2,775.1800000000001,27.685,27,566,1,1,0,0,0,2,2,0,1
16826.0,51,1,341.7,15.53181818181818,22,158,1,2,3,3,0,2,2,0,1
16828.0,93,2,128.5,16.0625,8,59,1,2,3,3,0,1,1,0,1
16829.0,157,1,197.22,17.92909090909091,11,99,1,2,3,3,0,1,1,0,1
16830.0,39,1,325.91,14.170000000000002,23,264,1,1,3,3,0,2,2,0,1
16832.0,184,3,199.15,16.595833333333335,11,33,1,2,3,3,0,1,1,0,1
16833.0,1,4,1106.53,23.5431914893617,46,440,0,0,0,0,1,0,3,0,1
16834.0,228,1,413.46,17.2275,24,358,1,2,3,3,0,1,1,0,1
16835.0,128,2,180.85,18.085,10,61,1,2,3,3,0,1,1,0,1
16836.0,40,2,251.87,22.89727272727273,11,165,1,2,3,3,0,2,2,0,1
16837.0,31,11,3170.98,19.218060606060607,123,1563,0,0,2,2,1,0,3,0,1
16838.0,197,2,588.85,23.554,24,185,1,2,3,3,0,1,1,0,1
16839.0,9,34,16594.35,62.38477443609022,114,8975,0,0,2,2,1,0,0,-1,-1
16841.0,37,6,1869.82,16.119137931034484,101,2250,0,0,2,2,1,0,3,0,1
16842.0,101,3,1264.19,20.066507936507936,45,693,0,1,0,0,1,0,3,0,1
16843.0,43,16,10196.57,26.97505291005291,226,10159,0,0,2,2,1,0,3,-1,-1
16846.0,50,1,214.32,19.483636363636364,11,135,1,2,3,3,0,1,1,0,1
16847.0,43,1,193.44,16.12,12,78,1,2,3,3,0,1,1,0,1
16848.0,53,1,281.42,20.10142857142857,14,182,1,2,3,3,0,1,1,0,1
16849.0,187,1,124.57,15.57125,8,33,1,2,3,3,0,1,1,0,1
16850.0,334,1,332.41,17.495263157894737,19,249,1,2,3,3,0,1,1,0,1
16851.0,4,3,342.45,17.1225,17,271,1,1,0,0,0,2,2,0,1
16852.0,10,2,144.91000000000005,16.101111111111113,9,56,1,2,3,3,0,1,1,0,1
16855.0,24,2,328.4,17.28421052631579,19,164,1,1,3,3,0,2,2,0,1
16856.0,15,1,35.400000000000006,17.700000000000003,2,12,1,2,3,3,0,1,1,-1,-1
16858.0,369,1,375.69000000000005,37.569,9,91,1,2,3,3,0,1,1,0,1
16859.0,145,2,747.81,14.380961538461538,50,827,1,1,0,0,0,2,2,0,1
16861.0,60,2,173.76,28.96,6,140,1,2,3,3,0,1,1,0,1
16863.0,31,2,502.8,19.338461538461537,25,409,1,1,0,0,0,2,2,0,1
16866.0,141,3,207.74,18.885454545454543,10,60,1,2,3,3,0,1,1,0,1
16869.0,23,4,817.12,6.434015748031496,113,583,0,1,0,0,1,0,3,0,1
16871.0,22,6,2812.34,20.528029197080293,131,1253,0,0,2,2,1,0,3,0,1
16872.0,77,3,680.02,97.14571428571428,5,600,1,2,1,1,1,0,0,-1,1
16873.0,5,6,7123.62,25.53268817204301,179,3840,0,0,2,2,1,0,3,0,1
16875.0,67,5,2095.53,18.71008928571429,93,1069,0,0,0,0,1,0,3,0,1
16877.0,12,6,846.62,5.427051282051282,111,458,0,1,0,0,1,0,3,0,1
16878.0,84,1,13.3,4.433333333333334,3,12,1,2,3,3,0,1,1,-1,-1
16880.0,31,7,1491.43,8.571436781609195,121,746,0,0,0,0,1,0,3,0,1
16881.0,67,1,432.0,432.0,1,600,1,2,1,1,0,1,1,-1,-1
16882.0,67,3,705.12,18.08,39,424,1,1,0,0,1,0,3,0,1
16883.0,187,2,272.48,7.364324324324325,33,103,1,2,3,3,0,1,1,0,1
16884.0,38,2,429.84,16.532307692307693,26,320,1,1,0,0,0,2,2,0,1
16885.0,15,3,450.41,4.691770833333334,82,178,1,1,0,0,0,2,2,0,1
16887.0,35,1,192.33,5.342499999999999,35,156,1,1,3,3,0,2,2,0,1
16889.0,195,3,1578.67,11.693851851851852,112,925,0,1,0,0,1,0,3,0,1
16891.0,2,5,742.43,3.991559139784946,166,265,0,1,0,0,0,2,2,0,1
16892.0,1,5,518.19,5.3421649484536085,87,236,0,1,0,0,0,2,2,-1,1
16893.0,367,1,145.93,3.242888888888889,44,62,1,2,3,3,0,1,1,0,1
16895.0,65,1,202.27,3.26241935483871,57,91,1,1,3,3,0,2,2,0,1
16897.0,299,2,289.78,7.831891891891891,37,73,1,2,3,3,0,1,1,0,1
16898.0,26,3,501.03,3.191273885350318,150,412,0,1,0,0,0,2,2,0,1
16899.0,8,6,1271.06,10.333821138211382,80,520,0,0,0,0,0,2,2,0,1
16900.0,17,3,887.11,11.229240506329116,78,833,0,1,0,0,0,2,2,0,1
16902.0,116,1,1706.88,38.79272727272728,43,629,1,1,0,0,1,0,0,0,1
16903.0,29,1,363.2,6.485714285714286,50,247,1,1,0,0,0,2,2,0,1
16904.0,4,16,3653.75,5.49436090225564,387,1984,0,0,2,2,1,0,3,0,1
16905.0,5,7,3037.6,15.2643216080402,117,1381,0,0,2,2,1,0,3,0,1
16906.0,82,4,559.59,6.506860465116279,74,263,1,1,0,0,0,2,2,0,1
16907.0,29,5,928.76,6.634,89,286,0,1,0,0,1,0,3,0,1
16909.0,72,1,379.14,21.063333333333333,18,436,1,2,3,3,0,2,2,0,1
16910.0,4,8,1508.96,2.7687339449541284,318,884,0,0,2,2,1,0,3,0,1
16912.0,29,11,2555.58,25.5558,88,1025,0,0,2,2,1,0,0,0,1
16913.0,290,1,113.44,14.18,8,82,1,2,3,3,0,1,1,0,1
16914.0,36,1,183.76,6.125333333333333,25,112,1,1,3,3,0,1,1,0,1
16915.0,9,6,621.6800000000001,10.906666666666668,46,132,0,1,0,0,0,2,2,-1,1
16916.0,24,2,562.41,4.135367647058823,129,431,0,1,0,0,0,2,2,0,1
16917.0,277,1,391.52,43.50222222222222,9,232,1,2,3,3,0,1,1,0,1
16918.0,50,6,1068.82,8.35015625,97,721,0,1,0,0,1,0,3,0,1
16919.0,156,11,2592.25,7.951687116564417,141,1403,0,0,2,2,1,0,3,-1,1
16921.0,61,1,154.18,2.803272727272728,50,154,1,1,3,3,0,2,2,0,1
16923.0,12,19,7069.08,11.292460063897764,313,3344,0,0,2,2,1,0,3,0,1
16924.0,21,3,829.89,10.245555555555557,69,467,0,1,0,0,1,0,3,0,1
16926.0,371,1,230.25,16.446428571428573,14,35,1,2,3,3,0,1,1,0,1
16927.0,116,3,543.05,90.50833333333333,5,993,1,2,1,1,1,0,0,-1,1
16928.0,80,17,2814.7,13.797549019607844,69,2092,0,0,2,2,1,0,3,-1,1
16929.0,4,7,1295.39,16.823246753246753,51,929,0,0,2,2,1,0,3,0,1
16930.0,26,3,378.89,7.148867924528302,47,339,1,1,0,0,0,2,2,0,1
16931.0,5,21,4554.87,5.140936794582393,448,3134,0,0,2,2,1,0,3,0,-1
16932.0,53,1,150.23000000000002,3.129791666666667,44,82,1,1,3,3,0,1,1,0,1
16933.0,1,2,563.23,12.800681818181818,42,288,0,1,0,0,1,0,3,0,1
16934.0,55,2,931.03,15.262786885245902,59,397,1,1,0,0,0,2,2,0,1
16936.0,26,1,261.9,4.676785714285714,56,171,1,1,0,0,0,2,2,0,1
16938.0,9,4,2711.6800000000003,11.539063829787237,212,2533,0,0,2,2,1,0,3,0,1
16940.0,52,3,3049.88,9.99960655737705,226,2169,0,0,0,0,1,0,3,0,1
16942.0,13,9,1904.99,6.877220216606498,159,805,0,0,2,2,1,0,3,0,1
16943.0,212,3,816.73,24.74939393939394,23,145,1,2,3,3,0,1,1,0,1
16945.0,22,19,4345.5,17.451807228915662,137,2725,0,0,2,2,1,0,3,0,1
16947.0,236,1,406.48,19.35619047619048,21,312,1,2,3,3,0,1,1,0,1
16948.0,139,3,435.02,22.89578947368421,15,1614,1,1,0,0,0,2,2,-1,1
16949.0,4,6,1286.27,21.437833333333334,57,791,0,0,2,2,1,0,3,0,1
16950.0,57,3,1178.56,28.06095238095238,39,644,0,1,0,0,1,0,3,0,1
16951.0,135,3,1277.75,14.857558139534884,73,1318,0,1,0,0,1,0,3,0,1
16952.0,109,2,167.61,10.475625,16,92,1,2,3,3,0,1,1,0,1
16953.0,30,1,20.8,20.8,1,10,1,2,3,3,0,1,1,-1,-1
16954.0,1,9,2085.08,38.61259259259259,40,1054,0,0,2,2,1,0,3,0,1
16955.0,185,4,518.67,20.7468,18,266,1,1,3,3,0,1,1,0,1
16956.0,18,1,308.74,19.29625,16,114,1,2,3,3,0,1,1,0,1
16957.0,239,2,416.64,26.04,15,172,1,2,3,3,0,1,1,0,1
16959.0,87,1,117.35,16.764285714285716,7,49,1,2,3,3,0,1,1,0,1
16960.0,39,3,507.05,5.02029702970297,92,304,1,1,0,0,0,2,2,0,1
16961.0,116,1,234.17,16.72642857142857,14,125,1,2,3,3,0,1,1,0,1
16963.0,187,1,110.55,15.792857142857144,7,35,1,2,3,3,0,1,1,0,1
16965.0,227,1,201.19,7.738076923076923,26,291,1,2,3,3,0,1,1,0,1
16966.0,8,7,2154.97,76.96321428571427,8,1981,0,0,1,1,1,0,0,-1,1
16967.0,189,1,319.02,15.19142857142857,21,333,1,2,3,3,0,1,1,0,1
16968.0,4,2,439.43,14.17516129032258,31,326,1,1,0,0,1,0,3,0,1
16969.0,39,3,650.41,15.48595238095238,42,816,0,1,0,0,0,2,2,0,1
16971.0,38,1,357.21,8.712439024390243,40,72,1,1,3,3,0,2,2,0,1
16976.0,267,1,251.52,125.76,2,88,1,2,1,1,0,1,1,-1,1
16978.0,78,1,344.33,8.828974358974358,39,166,1,1,3,3,0,2,2,0,1
16979.0,4,6,1852.0,20.808988764044944,64,865,0,0,2,2,1,0,3,0,1
16980.0,255,2,1028.46,12.697037037037038,71,739,1,1,0,0,0,2,2,0,1
16982.0,61,1,384.06,17.457272727272727,22,182,1,2,3,3,0,2,2,0,1
16983.0,13,7,1905.87,13.327762237762236,112,1335,0,0,2,2,1,0,3,0,1
16984.0,88,2,4459.52,11.1488,354,2380,0,0,0,0,1,0,3,-1,1
16985.0,17,10,5464.12,45.53433333333333,62,1832,0,0,2,2,1,0,0,0,1
16986.0,30,2,1873.2,624.4,3,1040,1,2,1,1,1,0,0,-1,1
16987.0,3,7,1616.8,12.63125,74,401,0,0,2,2,1,0,3,0,1
16988.0,5,1,126.12,18.017142857142854,7,43,1,2,3,3,0,1,1,-1,1
16989.0,7,6,1133.25,94.4375,7,1233,0,0,1,1,1,0,0,-1,1
16990.0,219,1,179.0,179.0,1,100,1,2,1,1,0,1,1,-1,1
16992.0,11,5,1614.31,17.358172043010754,84,860,0,0,0,0,1,0,3,0,1
16996.0,30,6,1456.96,39.3772972972973,13,544,0,1,0,0,1,0,0,0,1
16997.0,288,3,702.0,58.5,7,360,1,2,1,1,0,1,1,-1,1
16998.0,150,4,295.0,73.75,1,76,1,2,1,1,0,1,1,-1,-1
16999.0,23,2,484.82,21.07913043478261,21,294,1,1,0,0,0,2,2,0,1
17001.0,1,11,3989.57,23.60692307692308,75,2164,0,0,2,2,1,0,3,0,1
17002.0,86,3,1493.73,30.484285714285715,41,679,0,1,0,0,1,0,3,0,1
17004.0,46,2,1312.14,30.51488372093023,38,771,0,1,0,0,0,2,2,0,1
17006.0,5,4,781.78,17.76772727272727,37,272,0,1,0,0,1,0,3,0,1
17007.0,51,6,889.9300000000001,17.114038461538463,50,597,0,1,0,0,1,0,3,0,1
17010.0,18,1,195.36,17.76,11,118,1,2,3,3,0,1,1,0,1
17011.0,30,1,270.9,18.06,15,186,1,2,3,3,0,2,2,0,1
17014.0,8,3,583.4300000000001,8.103194444444446,63,243,0,1,0,0,0,2,2,0,1
17015.0,29,3,1838.61,8.591635514018693,182,1978,0,0,0,0,1,0,3,0,1
17017.0,3,20,8694.26,34.50103174603175,88,6673,0,0,2,2,1,0,0,0,1
17018.0,41,2,920.1,57.50625,15,176,1,2,1,1,0,1,1,0,1
17019.0,11,4,1258.08,5.517894736842105,166,820,0,1,0,0,1,0,3,0,1
17022.0,31,1,71.0,10.142857142857142,7,108,1,2,3,3,0,1,1,0,1
17024.0,45,3,95.85,31.95,2,69,1,2,3,3,0,1,1,-1,1
17025.0,61,3,357.77,39.75222222222222,8,235,1,2,3,3,0,1,1,0,1
17026.0,185,2,154.82999999999998,38.7075,4,97,1,2,3,3,0,1,1,0,1
17027.0,79,6,877.5600000000001,5.92945945945946,110,416,0,1,0,0,1,0,3,0,1
17029.0,111,2,716.0,358.0,1,400,1,2,1,1,0,1,1,-1,1
17030.0,64,1,146.87,13.351818181818182,11,146,1,2,3,3,0,1,1,0,1
17031.0,12,2,380.35,17.288636363636364,19,235,1,1,0,0,0,2,2,0,1
17033.0,86,3,1030.14,36.79071428571429,24,750,1,1,0,0,0,2,2,0,1
17034.0,16,3,745.52,24.850666666666665,28,410,1,1,0,0,0,2,2,0,1
17035.0,246,2,433.53,15.483214285714286,27,229,1,2,3,3,0,1,1,0,1
17037.0,88,1,1267.32,16.8976,75,656,1,1,0,0,0,2,2,0,1
17038.0,30,1,112.4,5.109090909090909,22,28,1,2,3,3,0,1,1,0,1
17040.0,138,1,449.73,29.982000000000003,15,181,1,2,3,3,0,2,2,0,1
17041.0,27,3,1071.49,15.528840579710144,59,927,0,1,0,0,1,0,3,0,1
17042.0,3,5,1036.58,10.686391752577318,74,990,0,0,2,2,1,0,3,0,1
17043.0,32,4,1735.18,17.01156862745098,100,998,0,1,0,0,1,0,3,0,1
17044.0,25,1,948.48,158.08,6,504,1,2,1,1,0,1,1,-1,1
17045.0,113,3,339.44,15.42909090909091,20,106,1,2,3,3,0,2,2,0,1
17046.0,157,1,642.02,29.182727272727277,22,510,1,2,3,3,0,2,2,0,1
17047.0,85,3,1100.9,16.93692307692308,59,533,0,1,0,0,1,0,3,0,1
17048.0,118,3,925.35,21.519767441860463,41,485,1,1,0,0,1,0,3,0,1
17049.0,3,9,5655.03,17.839211356466876,201,2673,0,0,2,2,1,0,3,0,1
17050.0,96,6,3185.64,10.342987012987011,169,1595,0,0,2,2,1,0,3,0,1
17051.0,194,1,240.89,5.735476190476191,40,179,1,1,3,3,0,1,1,0,1
17052.0,28,1,399.09,4.808313253012048,72,251,1,1,0,0,0,2,2,0,1
17053.0,131,1,498.48,38.34461538461539,13,122,1,2,3,3,0,1,1,0,1
17054.0,28,5,1356.33,16.34132530120482,64,804,0,1,0,0,1,0,3,0,1
17058.0,82,3,1179.89,19.030483870967743,51,592,0,1,0,0,1,0,3,0,1
17059.0,30,5,3080.39,5.9929766536964975,292,1850,0,0,2,2,1,0,3,0,1
17060.0,266,1,234.24,46.848,5,216,1,2,3,3,0,1,1,0,1
17061.0,74,11,5232.2300000000005,52.850808080808086,57,1526,0,0,2,2,1,0,0,-1,1
17062.0,314,4,533.33,7.7294202898550735,52,418,1,1,0,0,0,2,2,0,1
17063.0,21,7,1461.14,18.732564102564105,66,770,0,0,0,0,1,0,3,0,1
17064.0,59,3,855.45,14.02377049180328,53,316,1,1,0,0,1,0,3,0,1
17068.0,12,21,4552.14,15.378851351351353,116,2164,0,0,2,2,1,0,3,0,1
17069.0,28,9,2709.7000000000003,18.94895104895105,111,1506,0,0,2,2,1,0,3,0,1
17070.0,114,1,304.24,4.9070967741935485,62,131,1,1,3,3,0,2,2,0,1
17071.0,28,9,2429.03,17.350214285714287,102,1197,0,0,2,2,1,0,3,0,1
17073.0,18,4,1446.09,8.310862068965516,142,759,0,1,0,0,1,0,3,0,1
17075.0,18,4,834.12,10.832727272727272,62,292,0,1,0,0,1,0,3,0,1
17076.0,36,3,841.0799999999999,33.6432,17,295,1,1,0,0,1,0,0,0,1
17078.0,36,2,378.2,13.507142857142856,28,788,1,1,0,0,0,2,2,0,1
17079.0,78,1,118.8,59.400000000000006,2,24,1,2,3,3,0,1,1,1,1
17080.0,22,2,287.62,35.9525,8,166,1,2,3,3,0,1,1,0,1
17081.0,25,2,288.91,4.585873015873016,55,77,1,1,0,0,0,2,2,0,1
17082.0,33,2,2003.85,24.738888888888887,75,1049,0,1,0,0,0,2,2,0,1
17083.0,109,3,1405.78,27.034230769230767,24,772,1,1,0,0,0,2,2,0,1
17084.0,35,2,2747.99,18.44288590604027,146,1702,0,1,0,0,1,0,3,0,1
17085.0,123,5,1562.4,8.4,115,785,0,1,0,0,1,0,3,0,1
17086.0,7,6,2050.08,21.355,76,1859,0,0,2,2,1,0,3,0,1
17088.0,28,4,1991.01,17.313130434782607,96,868,0,0,0,0,1,0,3,0,1
17090.0,4,7,1974.65,32.37131147540984,45,903,0,0,2,2,1,0,3,0,1
17091.0,3,9,3827.76,19.629538461538463,119,1746,0,0,2,2,1,0,3,0,1
17092.0,50,4,1774.03,14.306693548387097,99,1130,0,1,0,0,1,0,3,0,1
17094.0,322,1,302.0,21.571428571428573,14,152,1,2,3,3,0,1,1,0,1
17095.0,23,3,1324.16,17.894054054054056,69,618,0,1,0,0,1,0,3,0,1
17096.0,15,4,1022.13,21.294375,46,339,0,1,0,0,1,0,3,0,1
17097.0,2,8,954.42,4.523317535545024,153,459,0,0,2,2,1,0,3,0,1
17100.0,18,2,971.74,14.949846153846154,65,800,0,1,0,0,1,0,3,0,1
17101.0,10,4,1621.73,38.61261904761905,28,815,0,0,0,0,1,0,0,0,1
17102.0,262,1,25.5,25.5,1,2,1,2,3,3,0,1,1,-1,-1
17105.0,159,2,665.78,7.397555555555555,80,693,1,1,0,0,0,2,2,0,1
17107.0,33,6,10797.48,25.955480769230768,269,4826,0,0,2,2,1,0,3,0,1
17109.0,29,6,881.29,7.597327586206896,107,588,0,1,0,0,1,0,3,0,1
17110.0,165,1,163.29999999999998,13.608333333333333,12,50,1,2,3,3,0,1,1,0,1
17111.0,47,1,231.61,7.986551724137931,29,282,1,1,3,3,0,2,2,0,1
17114.0,6,8,801.12,6.5131707317073175,85,215,0,1,0,0,0,2,2,-1,1
17115.0,8,3,837.5,21.47435897435897,33,372,0,1,0,0,1,0,3,0,1
17117.0,288,1,116.2,12.91111111111111,9,68,1,2,3,3,0,1,1,0,1
17118.0,318,1,157.02,15.702000000000002,10,154,1,2,3,3,0,1,1,0,1
17119.0,3,2,606.91,17.340285714285713,35,334,0,1,0,0,1,0,3,0,1
17120.0,233,1,307.46,17.08111111111111,18,120,1,2,3,3,0,1,1,0,1
17122.0,119,1,138.32,19.76,7,80,1,2,3,3,0,1,1,0,1
17123.0,162,1,345.29999999999995,38.36666666666666,9,246,1,2,3,3,0,1,1,0,1
17124.0,185,1,294.24,9.491612903225809,31,129,1,2,3,3,0,1,1,0,1
17125.0,50,1,230.5,6.585714285714285,34,281,1,1,3,3,0,2,2,0,1
17126.0,152,5,989.45,3.989717741935484,187,780,0,1,0,0,0,2,2,-1,1
17128.0,335,1,157.09,11.220714285714283,14,76,1,2,3,3,0,1,1,0,1
17131.0,5,5,2463.17,18.38186567164179,78,983,0,0,2,2,1,0,3,0,1
17133.0,16,7,4892.240000000001,181.1940740740741,13,2730,0,0,1,1,1,0,0,-1,1
17134.0,107,2,413.2,17.965217391304346,21,98,1,2,3,3,0,1,1,0,1
17135.0,16,7,1139.73,21.91788461538461,34,1224,0,0,0,0,1,0,3,0,1
17138.0,276,1,380.5,15.854166666666666,24,126,1,2,3,3,0,1,1,0,1
17139.0,16,12,10650.77,22.328658280922436,309,5176,0,0,2,2,1,0,3,0,1
17140.0,247,1,454.12,25.22888888888889,16,296,1,2,3,3,0,1,1,0,1
17142.0,239,1,579.0,38.6,15,81,1,2,3,3,0,1,1,0,1
17144.0,1,2,984.57,20.511875,42,483,0,1,0,0,1,0,3,0,1
17146.0,106,3,749.78,21.422285714285717,33,212,1,1,0,0,0,2,2,0,1
17147.0,23,4,1714.59,21.167777777777776,68,882,0,1,0,0,1,0,3,0,1
17148.0,52,1,124.88,13.875555555555556,9,82,1,2,3,3,0,1,1,0,1
17152.0,195,3,1689.5,120.67857142857144,9,517,1,2,1,1,1,0,0,-1,1
17153.0,24,1,213.78,15.27,14,104,1,2,3,3,0,1,1,0,1
17154.0,75,1,329.34,14.319130434782608,23,490,1,1,3,3,0,2,2,0,1
17155.0,18,2,251.7,12.585,19,242,1,1,3,3,0,1,1,0,1
17157.0,8,2,319.0,24.53846153846154,11,172,1,1,3,3,0,2,2,0,1
17158.0,32,3,1266.97,18.91,53,778,0,1,0,0,1,0,3,0,1
17159.0,22,3,1538.88,15.236435643564358,96,1111,0,1,0,0,1,0,3,0,1
17160.0,31,6,3518.03,15.362576419213974,111,2856,0,0,2,2,1,0,3,0,1
17162.0,29,10,1715.46,16.494807692307692,81,1001,0,0,2,2,1,0,3,0,1
17163.0,22,2,293.1,58.620000000000005,3,66,1,2,1,1,0,1,1,-1,1
17164.0,33,7,2467.35,17.134375,92,1501,0,0,2,2,1,0,3,0,1
17165.0,284,1,158.68,15.868,10,100,1,2,3,3,0,1,1,0,1
17166.0,39,2,206.34,17.195,11,78,1,2,3,3,0,2,2,0,1
17169.0,58,2,835.78,15.477407407407409,51,526,1,1,0,0,0,2,2,0,1
17171.0,289,1,224.91,14.056875,16,185,1,2,3,3,0,1,1,0,1
17172.0,79,1,317.76,21.184,15,480,1,2,3,3,0,2,2,0,1
17173.0,5,8,3766.6,43.79767441860465,36,1122,0,0,2,2,1,0,0,0,1
17174.0,218,1,59.9,14.975,4,41,1,2,3,3,0,1,1,0,1
17175.0,44,4,1443.69,22.915714285714287,42,866,0,1,0,0,1,0,3,0,1
17176.0,202,1,306.13,20.408666666666665,15,170,1,2,3,3,0,1,1,0,1
17179.0,178,3,711.79,8.897375,56,290,1,1,0,0,0,2,2,0,1
17180.0,56,4,783.97,6.27176,91,670,0,1,0,0,1,0,3,0,1
17181.0,57,2,239.92,10.431304347826089,23,241,1,1,3,3,0,2,2,0,1
17183.0,8,6,3347.31,45.85356164383562,42,1296,0,0,2,2,1,0,0,0,1
17186.0,47,2,144.0,72.0,1,200,1,2,1,1,0,1,1,-1,1
17187.0,227,1,203.95,20.395,10,144,1,2,3,3,0,1,1,0,1
17188.0,11,7,2474.23,29.455119047619046,71,1328,0,0,2,2,1,0,3,0,1
17189.0,106,2,383.75,6.395833333333333,52,226,1,1,0,0,0,2,2,0,1
17190.0,59,2,444.74,23.40736842105263,19,161,1,2,3,3,0,2,2,0,1
17191.0,28,7,2093.68,8.871525423728812,163,1166,0,0,2,2,1,0,3,0,1
17193.0,36,7,1699.3000000000002,53.103125000000006,17,1254,0,0,1,1,1,0,0,0,1
17194.0,274,2,262.62,9.055862068965515,26,119,1,2,3,3,0,1,1,0,1
17197.0,30,1,1013.01,34.93137931034483,29,191,1,1,0,0,0,2,2,0,1
17198.0,24,3,692.22,7.210625,89,357,0,1,0,0,0,2,2,0,1
17201.0,54,1,289.78,7.62578947368421,38,231,1,1,3,3,0,2,2,0,1
17203.0,36,6,3560.08,24.054594594594597,116,2846,0,0,2,2,1,0,3,0,1
17204.0,175,4,1564.56,27.448421052631577,44,646,0,1,0,0,1,0,3,0,1
17205.0,54,1,384.08,29.544615384615383,13,884,1,2,3,3,0,2,2,0,1
17206.0,53,1,204.24,29.177142857142854,7,76,1,2,3,3,0,1,1,0,1
17211.0,27,8,2317.2200000000003,10.982085308056874,150,1323,0,0,2,2,1,0,3,0,1
17212.0,253,1,226.85,56.7125,4,147,1,2,3,3,0,1,1,0,1
17213.0,40,7,2781.23,17.71484076433121,85,1176,0,0,2,2,1,0,3,0,1
17214.0,60,6,1059.12,10.486336633663369,79,272,0,1,0,0,1,0,3,0,1
17217.0,234,1,113.5,12.61111111111111,9,24,1,2,3,3,0,1,1,0,1
17218.0,4,10,1951.97,7.202841328413284,146,955,0,0,2,2,1,0,3,0,1
17219.0,32,1,114.23,4.5692,24,89,1,2,3,3,0,1,1,0,1
17220.0,24,14,3187.55,6.8255888650963605,303,1897,0,0,2,2,1,0,3,0,1
17221.0,7,2,334.48,5.39483870967742,59,287,1,1,0,0,1,0,3,0,1
17222.0,65,1,328.65,12.17222222222222,27,122,1,2,3,3,0,2,2,0,1
17223.0,310,2,416.89,8.685208333333334,43,110,1,1,3,3,0,1,1,0,1
17226.0,309,1,393.49,18.73761904761905,21,406,1,2,3,3,0,1,1,0,1
17227.0,19,6,939.32,19.985531914893617,28,741,0,1,0,0,1,0,3,0,1
17228.0,16,8,1906.09,9.16389423076923,140,1532,0,0,2,2,1,0,3,0,1
17229.0,96,2,318.76,6.782127659574468,39,185,1,1,3,3,0,2,2,0,1
17230.0,264,8,3638.41,52.73057971014492,51,1651,0,0,2,2,1,0,0,-1,1
17231.0,12,10,3124.72,5.884595103578154,292,1724,0,0,2,2,1,0,3,0,1
17232.0,3,2,417.77,11.936285714285711,30,202,1,1,0,0,1,0,3,0,1
17233.0,35,1,190.88,7.6352,25,131,1,1,3,3,0,1,1,0,1
17234.0,183,1,149.89,10.706428571428573,14,55,1,2,3,3,0,1,1,0,1
17235.0,25,2,550.06,18.96758620689655,24,224,1,1,0,0,0,2,2,0,1
17236.0,13,6,916.13,8.725047619047618,88,474,0,1,0,0,0,2,2,0,1
17237.0,11,2,314.69,16.562631578947368,18,105,1,1,3,3,0,2,2,0,1
17238.0,3,17,3719.1,6.701081081081081,297,1807,0,0,2,2,1,0,3,0,1
17239.0,313,1,382.5,25.5,15,150,1,2,3,3,0,1,1,0,1
17242.0,108,2,1135.04,28.376,30,611,1,1,0,0,0,2,2,0,1
17243.0,1,26,8540.05,22.067312661498708,180,3320,0,0,2,2,1,0,0,0,-1
17244.0,53,1,954.9,30.80322580645161,31,616,1,1,0,0,0,2,2,0,1
17245.0,205,1,171.45,19.05,9,75,1,2,3,3,0,1,1,0,1
17247.0,15,1,280.09000000000003,5.186851851851852,53,105,1,1,0,0,0,2,2,0,1
17248.0,120,1,318.65,4.618115942028985,68,213,1,1,3,3,0,2,2,0,1
17250.0,4,2,381.97,6.820892857142858,55,167,1,1,0,0,1,0,3,0,1
17251.0,363,1,269.83,7.2927027027027025,37,108,1,2,3,3,0,1,1,0,1
17252.0,117,2,348.91,4.057093023255814,86,192,1,1,0,0,0,2,2,0,1
17253.0,18,1,178.26,9.903333333333332,18,43,1,2,3,3,0,1,1,0,1
17254.0,5,2,271.19,2.443153153153153,100,251,1,1,0,0,0,2,2,-1,1
17255.0,41,2,291.48,3.9389189189189193,69,227,1,1,0,0,0,2,2,0,1
17256.0,107,2,240.0,15.0,12,141,1,2,3,3,0,1,1,0,1
17259.0,148,2,581.23,5.010603448275862,104,388,1,1,0,0,0,2,2,0,1
17262.0,52,5,1253.36,104.44666666666669,9,367,1,2,1,1,1,0,0,-1,1
17263.0,208,1,63.440000000000005,2.758260869565217,23,36,1,2,3,3,0,1,1,0,1
17265.0,139,2,550.01,4.50827868852459,106,389,1,1,0,0,0,2,2,0,1
17266.0,2,3,296.58,4.062739726027397,60,153,0,1,0,0,0,2,2,-1,1
17267.0,127,2,317.2,8.572972972972973,37,158,1,1,3,3,0,1,1,0,1
17268.0,108,4,763.64,127.27333333333333,3,844,1,2,1,1,1,0,0,-1,1
17272.0,42,4,2148.63,18.847631578947368,70,1778,0,0,0,0,1,0,3,0,1
17274.0,35,1,107.82,4.312799999999999,24,77,1,2,3,3,0,1,1,0,1
17277.0,228,2,1065.35,15.43985507246377,67,430,1,1,0,0,0,2,2,0,1
17278.0,241,1,246.04,16.402666666666665,15,179,1,2,3,3,0,1,1,0,1
17279.0,58,1,187.83,20.87,8,48,1,2,3,3,0,1,1,0,1
17282.0,130,3,1685.46,18.937752808988765,79,1866,0,1,0,0,1,0,3,0,1
17284.0,60,6,1647.48,5.661443298969072,229,1362,0,0,0,0,1,0,3,0,1
17286.0,22,1,151.37,3.440227272727273,44,117,1,1,3,3,0,2,2,0,1
17287.0,26,7,1049.06,8.598852459016394,88,556,0,1,0,0,1,0,3,0,1
17288.0,9,7,1417.63,10.125928571428572,118,1201,0,0,2,2,1,0,3,0,1
17289.0,32,3,931.02,8.952115384615384,86,513,0,1,0,0,1,0,3,0,1
17290.0,4,2,513.01,5.343854166666667,92,397,0,1,0,0,0,2,2,0,1
17291.0,308,1,550.8000000000001,550.8000000000001,1,72,1,2,1,1,0,1,1,-1,-1
17293.0,8,9,1854.06,14.04590909090909,93,1135,0,0,2,2,1,0,3,0,1
17295.0,29,3,547.0,8.044117647058824,53,293,1,1,0,0,0,2,2,0,1
17297.0,17,1,128.18,2.615918367346939,49,65,1,1,3,3,0,2,2,0,1
17298.0,101,2,498.42,16.614,30,387,1,1,0,0,0,2,2,0,1
17299.0,12,4,656.61,11.938363636363636,50,668,0,1,0,0,1,0,3,0,1
17301.0,21,1,163.24,2.7667796610169493,59,137,1,1,3,3,0,2,2,0,1
17302.0,15,5,1135.63,14.375063291139242,68,575,0,1,0,0,1,0,3,0,1
17303.0,361,1,250.04,4.717735849056604,53,144,1,1,3,3,0,1,1,0,1
17306.0,11,19,8631.31,130.77742424242425,13,11491,0,0,2,2,1,0,0,-1,-1
17309.0,95,1,82.75,6.895833333333333,11,41,1,2,3,3,0,1,1,0,1
17311.0,78,2,1384.85,25.179090909090903,55,1005,0,1,0,0,1,0,3,0,1
17312.0,139,3,644.3,46.021428571428565,11,372,1,2,1,1,0,1,1,0,1
17313.0,31,1,2328.84,97.035,24,1402,0,1,1,1,1,0,0,-1,1
17314.0,25,8,2527.92,19.297099236641223,120,1896,0,0,2,2,1,0,3,0,1
17315.0,2,38,6281.23,13.335944798301483,256,3863,0,0,2,2,1,0,3,-1,-1
17317.0,46,3,2600.34,288.9266666666667,8,1146,0,0,1,1,1,0,0,-1,1
17320.0,100,3,1200.62,16.446849315068494,57,634,0,1,0,0,1,0,3,0,1
17321.0,8,2,657.16,6.637979797979797,94,364,0,1,0,0,0,2,2,0,1
17323.0,15,7,906.52,4.648820512820513,125,760,0,1,0,0,1,0,3,0,1
17324.0,18,4,986.48,20.132244897959183,43,843,0,1,0,0,1,0,3,0,1
17325.0,280,1,96.8,16.133333333333333,6,60,1,2,3,3,0,1,1,0,1
17329.0,14,2,523.11,15.851818181818182,29,142,1,1,0,0,0,2,2,0,1
17330.0,23,2,363.9,60.65,5,120,1,2,1,1,0,1,1,-1,1
17331.0,124,1,175.2,175.2,1,16,1,2,1,1,0,1,1,-1,-1
17333.0,86,1,494.25,17.651785714285715,28,375,1,1,3,3,0,2,2,0,1
17334.0,302,2,307.02,27.91090909090909,11,315,1,2,3,3,0,1,1,0,1
17337.0,151,4,1981.06,3.802418426103647,421,1247,0,1,0,0,1,0,3,-1,1
17338.0,17,8,6493.54,9.00629680998613,389,3059,0,0,2,2,1,0,3,0,1
17339.0,94,2,243.36,27.040000000000003,9,152,1,2,3,3,0,1,1,0,1
17340.0,30,11,12353.29,30.352063882063884,229,5967,0,0,2,2,1,0,3,0,1
17341.0,157,3,682.29,4.3457961783439485,147,443,1,1,0,0,0,2,2,0,1
17343.0,355,1,193.64,11.390588235294118,17,56,1,2,3,3,0,1,1,0,1
17344.0,46,1,157.62,5.0845161290322585,31,65,1,2,3,3,0,1,1,0,1
17345.0,15,4,519.6899999999999,6.261325301204819,70,341,0,1,0,0,0,2,2,0,1
17346.0,4,15,2622.88,5.430393374741201,299,1617,0,0,2,2,1,0,3,0,1
17347.0,86,1,228.96,228.96,1,216,1,2,1,1,0,1,1,-1,1
17348.0,15,5,1156.6,5.430046948356807,180,1398,0,0,0,0,1,0,3,0,1
17349.0,179,1,98.25,12.28125,8,102,1,2,3,3,0,1,1,0,1
17350.0,8,4,1281.32,18.30457142857143,66,770,0,0,0,0,1,0,3,0,1
17351.0,36,3,587.15,21.746296296296297,22,113,1,1,0,0,0,2,2,0,1
17353.0,129,2,1740.0,217.5,5,1200,1,2,1,1,1,0,0,-1,1
17354.0,51,1,1393.06,87.06625,15,1006,1,1,1,1,1,0,0,-1,1
17356.0,312,1,178.22,9.38,19,166,1,2,3,3,0,1,1,0,1
17357.0,24,2,384.39,8.736136363636364,41,152,1,1,0,0,0,2,2,0,1
17358.0,303,2,360.81,6.220862068965517,55,190,1,1,3,3,0,2,2,0,1
17359.0,11,1,127.86,8.524,13,161,1,2,3,3,0,1,1,0,1
17360.0,17,3,568.24,4.54592,113,328,0,1,0,0,0,2,2,0,1
17361.0,49,3,488.2,16.834482758620688,26,157,1,1,0,0,0,2,2,0,1
17362.0,239,2,312.23,8.920857142857143,30,191,1,1,3,3,0,1,1,0,1
17364.0,1,11,4462.68,10.991822660098522,288,2692,0,0,2,2,1,0,3,0,1
17365.0,13,8,4767.36,10.252387096774193,278,4749,0,0,2,2,1,0,3,0,1
17367.0,238,1,167.55,5.077272727272728,33,149,1,2,3,3,0,1,1,0,1
17368.0,23,8,1878.87,17.559532710280372,93,1377,0,0,2,2,1,0,3,0,1
17370.0,73,4,446.18,13.52060606060606,31,540,1,1,0,0,0,2,2,0,1
17371.0,17,3,418.4,4.865116279069767,83,151,1,1,0,0,0,2,2,0,1
17372.0,41,8,1337.18,5.3274103585657375,215,747,0,0,0,0,1,0,3,0,1
17373.0,40,4,646.92,11.349473684210526,47,408,0,1,0,0,1,0,3,0,1
17374.0,219,2,495.77,17.706071428571427,24,85,1,2,3,3,0,1,1,0,1
17375.0,199,3,400.1,5.798550724637681,63,367,1,1,0,0,0,2,2,0,1
17376.0,71,2,203.2,8.466666666666667,23,86,1,2,3,3,0,1,1,0,1
17377.0,24,20,4058.32,10.045346534653463,190,2038,0,0,2,2,1,0,3,0,1
17379.0,11,1,389.72,4.996410256410256,71,623,1,1,0,0,0,2,2,0,1
17381.0,9,29,20275.61,186.01477064220185,40,25649,0,0,2,2,1,0,0,-1,-1
17382.0,65,1,65.4,32.7,2,25,1,2,3,3,0,1,1,1,1
17383.0,4,1,193.39,3.946734693877551,49,148,1,1,0,0,0,2,2,-1,1
17384.0,19,2,336.4,22.426666666666662,12,88,1,2,3,3,0,1,1,0,1
17385.0,15,1,256.11,5.691333333333334,42,197,1,1,0,0,0,2,2,0,1
17386.0,8,6,2686.42,95.94357142857145,23,1902,0,0,2,2,1,0,0,-1,1
17387.0,20,2,746.81,9.826447368421052,71,522,0,1,0,0,0,2,2,0,1
17388.0,78,4,1259.56,83.97066666666666,13,1068,1,1,1,1,0,2,2,0,1
17389.0,1,34,31833.68,149.45389671361502,45,7612,0,0,2,2,1,0,0,-1,-1
17391.0,164,2,508.8,169.6,2,480,1,2,1,1,0,1,1,-1,1
17392.0,307,2,417.27,7.45125,53,277,1,1,3,3,0,2,2,0,1
17394.0,219,1,203.87,50.9675,4,241,1,2,3,3,0,1,1,0,1
17396.0,39,8,7330.8,271.5111111111111,24,2005,0,0,1,1,1,0,0,-1,-1
17397.0,22,2,681.41,7.65629213483146,88,250,1,1,0,0,0,2,2,0,1
17398.0,115,3,653.38,17.19421052631579,30,310,1,1,0,0,0,2,2,0,1
17400.0,126,5,2097.84,10.18368932038835,175,1088,0,1,0,0,1,0,3,0,1
17402.0,5,13,2633.85,44.641525423728815,33,701,0,0,2,2,1,0,3,-1,1
17403.0,36,1,263.92,8.2475,32,111,1,1,3,3,0,2,2,0,1
17404.0,4,15,31906.82,161.14555555555555,111,32748,0,0,2,2,1,0,0,-1,-1
17405.0,1,3,1031.41,12.57817073170732,77,726,0,0,0,0,1,0,3,0,1
17406.0,333,3,2184.42,19.67945945945946,99,780,0,1,0,0,1,0,3,0,1
17408.0,163,1,32.65,16.325,2,3,1,2,3,3,0,1,1,-1,-1
17409.0,185,2,771.85,59.37307692307692,13,105,1,2,1,1,0,1,1,-1,1
17410.0,16,5,1214.72,18.98,57,616,0,1,0,0,1,0,3,0,1
17411.0,12,3,778.94,18.99853658536585,39,306,0,1,0,0,0,2,2,0,1
17412.0,3,7,1258.06,19.061515151515152,48,738,0,0,2,2,1,0,3,0,1
17414.0,44,2,778.0,129.66666666666666,5,2100,1,2,1,1,1,0,0,-1,1
17415.0,80,1,507.84,36.27428571428571,14,114,1,2,3,3,0,1,1,0,1
17416.0,30,7,6893.42,25.62609665427509,186,4302,0,0,2,2,1,0,3,0,1
17418.0,42,2,463.46,15.448666666666668,29,289,1,1,0,0,0,2,2,0,1
17419.0,11,12,4226.57,20.517330097087378,155,1876,0,0,2,2,1,0,3,0,1
17420.0,50,3,598.83,19.961,28,265,1,1,0,0,0,2,2,0,1
17422.0,16,6,1979.37,16.917692307692306,93,2253,0,0,2,2,1,0,3,0,1
17423.0,46,2,698.41,26.86192307692308,26,459,1,1,0,0,0,2,2,0,1
17425.0,19,2,759.17,17.655116279069766,42,407,1,1,0,0,0,2,2,0,1
17426.0,8,6,5037.26,18.58767527675277,179,3094,0,0,2,2,1,0,3,0,1
17427.0,72,1,100.8,50.4,2,34,1,2,3,3,0,1,1,1,1
17428.0,1,28,17256.85,52.61234756097561,252,9474,0,0,2,2,1,0,0,-1,-1
17429.0,128,3,524.9200000000001,13.459487179487182,36,624,1,1,0,0,0,2,2,0,1
17430.0,33,2,265.76,18.982857142857146,14,190,1,2,3,3,0,2,2,0,1
17431.0,313,1,403.3,9.37906976744186,41,292,1,1,3,3,0,1,1,0,1
17432.0,18,2,365.76,7.62,44,207,1,1,0,0,0,2,2,0,1
17433.0,88,1,303.16,5.6140740740740736,53,185,1,1,3,3,0,2,2,0,1
17434.0,2,7,2373.82,17.715074626865672,100,1693,0,0,2,2,1,0,3,0,1
17436.0,2,2,216.3,24.03333333333333,7,90,1,2,3,3,0,1,1,-1,1
17438.0,254,1,388.4500000000001,22.85,17,103,1,2,3,3,0,1,1,0,1
17440.0,157,3,186.42,37.284000000000006,3,246,1,2,3,3,0,1,1,-1,1
17442.0,37,6,2248.56,16.656,96,1496,0,0,2,2,1,0,3,0,1
17443.0,220,1,534.24,534.24,1,504,1,2,1,1,0,1,1,-1,-1
17444.0,148,3,2940.04,21.778074074074077,132,2119,0,1,0,0,1,0,3,0,1
17446.0,177,2,120.9,13.433333333333334,6,198,1,2,3,3,0,1,1,0,1
17447.0,40,2,541.53,15.0425,33,443,1,1,0,0,0,2,2,0,1
17449.0,2,7,2519.21,9.127572463768116,178,1121,0,0,2,2,1,0,3,0,1
17450.0,8,46,194390.79,578.5440178571429,124,69973,0,0,2,2,1,0,0,-1,-1
17451.0,1,7,1721.4,17.214000000000002,83,1203,0,0,2,2,1,0,3,0,1
17453.0,18,2,486.72,25.61684210526316,19,219,1,1,0,0,0,2,2,0,1
17454.0,192,4,517.53,8.484098360655738,57,243,1,1,0,0,0,2,2,0,1
17455.0,204,1,131.7,16.4625,8,66,1,2,3,3,0,1,1,0,1
17456.0,365,1,249.86,14.69764705882353,17,222,1,2,3,3,0,1,1,0,1
17457.0,127,5,1737.7,91.4578947368421,14,826,0,1,1,1,0,2,2,-1,1
17458.0,15,1,316.5,5.861111111111111,52,170,1,1,0,0,0,2,2,0,1
17459.0,43,2,657.3,5.921621621621621,88,537,1,1,0,0,0,2,2,0,1
17460.0,94,6,622.4300000000001,21.463103448275863,18,236,1,1,0,0,0,1,1,0,1
17461.0,23,3,735.82,6.941698113207548,104,770,0,1,0,0,1,0,3,0,1
17462.0,60,2,675.69,25.02555555555556,25,227,1,1,0,0,0,2,2,0,1
17463.0,16,5,1875.86,9.018557692307692,162,1086,0,0,2,2,1,0,3,0,1
17464.0,158,1,289.96000000000004,32.21777777777778,9,220,1,2,3,3,0,1,1,0,1
17466.0,10,2,763.28,18.61658536585366,41,306,1,1,0,0,0,2,2,0,1
17468.0,10,2,137.0,27.4,5,116,1,2,3,3,0,1,1,0,1
17469.0,16,5,1870.97,21.261022727272728,61,787,0,0,0,0,1,0,3,0,1
17470.0,45,5,1125.07,14.42397435897436,67,1675,0,1,0,0,1,0,3,0,1
17472.0,191,3,697.54,4.008850574712644,142,455,1,1,0,0,0,2,2,0,1
17475.0,79,1,194.37,13.883571428571427,14,178,1,2,3,3,0,1,1,0,1
17480.0,78,1,511.82,17.64896551724138,29,338,1,1,3,3,0,2,2,0,1
17481.0,4,4,1255.59,15.312073170731706,69,1061,0,0,0,0,1,0,3,0,1
17483.0,65,3,414.04,19.71619047619048,18,191,1,1,3,3,0,2,2,0,1
17486.0,261,1,396.87,16.53625,24,191,1,2,3,3,0,1,1,0,1
17489.0,59,2,376.64,12.987586206896552,28,428,1,1,0,0,0,2,2,0,1
17490.0,1,7,2092.32,27.53052631578948,63,1134,0,0,2,2,1,0,3,0,1
17491.0,1,10,3558.87,32.65018348623853,72,2013,0,0,2,2,1,0,3,0,1
17492.0,248,1,374.57,31.214166666666667,12,155,1,2,3,3,0,1,1,0,1
17495.0,8,2,497.56,18.42814814814815,21,229,1,1,0,0,0,2,2,0,1
17496.0,359,1,271.05,27.105,10,79,1,2,3,3,0,1,1,0,1
17498.0,76,1,272.22,16.01294117647059,17,394,1,2,3,3,0,2,2,0,1
17499.0,290,1,622.88,15.572,40,711,1,1,0,0,0,2,2,0,1
17500.0,17,3,1138.0,227.6,3,17,1,2,1,1,0,1,1,-1,-1
17501.0,221,2,288.6,16.033333333333335,18,160,1,2,3,3,0,1,1,0,1
17502.0,9,4,689.1,24.610714285714288,25,376,0,1,0,0,0,2,2,0,1
17503.0,3,2,558.96,14.709473684210527,36,486,0,1,0,0,1,0,3,0,1
17504.0,206,9,2997.03,23.598661417322838,112,1664,0,0,2,2,1,0,3,0,1
17505.0,162,2,1145.84,22.03538461538461,48,556,1,1,0,0,0,2,2,0,1
17506.0,76,1,302.2,21.585714285714285,14,139,1,2,3,3,0,1,1,0,1
17507.0,262,2,605.58,6.881590909090909,79,359,1,1,0,0,0,2,2,0,1
17508.0,281,1,387.31,17.605,22,289,1,2,3,3,0,1,1,0,1
17509.0,58,8,6083.64,16.713296703296706,75,3512,0,0,2,2,1,0,3,-1,1
17510.0,25,1,308.48,15.424,20,214,1,1,3,3,0,2,2,0,1
17511.0,3,31,91062.38,94.5611422637591,453,64549,0,0,2,2,1,0,0,-1,-1
17512.0,29,10,2924.99,27.85704761904762,61,2753,0,0,2,2,1,0,0,0,1
17513.0,72,1,513.2,85.53333333333335,6,254,1,2,1,1,0,1,1,0,1
17514.0,128,1,208.65,5.2162500000000005,40,135,1,1,3,3,0,1,1,0,1
17515.0,31,4,639.02,7.345057471264368,49,243,1,1,0,0,0,2,2,0,1
17516.0,15,5,764.88,5.665777777777778,113,414,0,1,0,0,0,2,2,0,1
17517.0,309,1,153.94,13.994545454545454,11,102,1,2,3,3,0,1,1,0,1
17519.0,17,6,1844.02,22.488048780487805,60,1236,0,0,2,2,1,0,3,0,1
17520.0,54,1,546.81,18.227,30,365,1,1,0,0,0,2,2,0,1
17521.0,30,3,723.2099999999999,16.07133333333333,38,519,1,1,0,0,0,2,2,0,1
17522.0,2,5,1070.71,14.667260273972603,59,1034,0,0,2,2,1,0,3,0,1
17523.0,11,4,652.74,19.78,25,872,0,1,0,0,1,0,3,0,1
17524.0,361,1,145.0,24.166666666666668,6,90,1,2,3,3,0,1,1,0,1
17525.0,360,1,422.7000000000001,46.96666666666667,9,82,1,2,3,3,0,1,1,0,1
17526.0,5,4,1195.9,62.942105263157885,17,310,0,1,1,1,1,0,0,-1,1
17527.0,54,4,939.37,19.98659574468085,45,488,0,1,0,0,1,0,3,0,1
17528.0,1,8,3628.5,14.34189723320158,183,2138,0,0,2,2,1,0,3,0,1
17530.0,1,10,2367.12,6.069538461538461,306,1514,0,0,2,2,1,0,3,0,1
17531.0,190,1,296.7,21.192857142857143,14,136,1,2,3,3,0,1,1,0,1
17534.0,54,1,223.36,24.817777777777778,9,103,1,2,3,3,0,1,1,0,1
17535.0,280,1,164.4,12.646153846153847,13,136,1,2,3,3,0,1,1,0,1
17536.0,177,1,76.5,25.5,3,6,1,2,3,3,0,1,1,0,1
17537.0,30,2,887.67,11.99554054054054,74,699,0,1,0,0,0,2,2,0,1
17538.0,26,1,98.42,10.935555555555556,9,134,1,2,3,3,0,1,1,0,1
17540.0,25,2,578.9,23.156,20,194,1,1,0,0,0,2,2,0,1
17542.0,270,1,170.75,6.83,24,134,1,2,3,3,0,1,1,0,1
17545.0,43,3,642.32,4.555460992907801,122,337,0,1,0,0,0,2,2,0,1
17548.0,234,1,103.3,20.66,5,58,1,2,3,3,0,1,1,0,1
17549.0,24,2,148.86,24.81,5,210,1,2,3,3,0,1,1,0,1
17550.0,197,3,267.16,6.360952380952382,42,86,1,1,3,3,0,1,1,0,1
17551.0,359,1,290.34,7.444615384615384,39,142,1,2,3,3,0,1,1,0,1
17552.0,60,4,930.41,18.987959183673468,43,719,0,1,0,0,1,0,3,0,1
17553.0,130,1,1487.6,743.8,2,1048,1,2,1,1,1,0,0,-1,-1
17554.0,1,5,1952.45,22.18693181818182,58,1763,0,0,2,2,1,0,3,0,1
17555.0,20,2,480.31,4.574380952380952,101,348,1,1,0,0,0,2,2,0,1
17556.0,206,1,157.9,26.316666666666663,6,101,1,2,3,3,0,1,1,0,1
17557.0,14,3,541.46,15.92529411764706,27,306,1,1,0,0,0,2,2,0,1
17560.0,95,4,854.95,32.88269230769231,22,635,1,1,0,0,0,2,2,0,1
17561.0,19,1,165.12,3.669333333333333,44,144,1,1,3,3,0,2,2,0,1
17562.0,14,7,1122.38,17.81555555555556,48,817,0,0,0,0,1,0,3,0,1
17564.0,24,3,454.01,9.265510204081632,38,146,1,1,0,0,0,2,2,0,1
17566.0,8,2,869.77,6.125140845070423,113,497,0,1,0,0,0,2,2,0,1
17567.0,7,8,4331.48,26.25139393939393,110,2632,0,0,2,2,1,0,3,0,1
17569.0,332,1,344.14,11.866896551724135,29,159,1,2,3,3,0,1,1,0,1
17571.0,50,4,1425.67,5.260774907749078,247,876,0,1,0,0,1,0,3,0,1
17572.0,71,4,226.75000000000003,18.895833333333336,7,95,1,2,3,3,0,1,1,0,1
17573.0,29,3,380.6,15.224,24,308,1,1,0,0,0,2,2,0,1
17574.0,243,1,185.65,23.20625,8,77,1,2,3,3,0,1,1,0,1
17576.0,8,19,3564.83,8.86773631840796,245,1967,0,0,2,2,1,0,3,0,1
17578.0,218,1,143.45999999999998,28.692,5,138,1,2,3,3,0,1,1,0,1
17579.0,5,3,448.9,8.978000000000002,46,258,0,1,0,0,1,0,3,0,1
17580.0,253,3,215.72,4.793777777777778,43,88,1,1,3,3,0,1,1,0,1
17581.0,1,25,11025.24,25.114441913439634,229,5915,0,0,2,2,1,0,0,-1,-1
17582.0,236,1,175.27,6.043793103448277,28,123,1,2,3,3,0,1,1,0,1
17584.0,7,2,1242.3,35.49428571428572,30,458,0,1,0,0,1,0,0,0,1
17585.0,109,4,1116.68,5.368653846153847,176,1650,0,1,0,0,1,0,3,0,1
17588.0,100,3,1240.2,53.92173913043479,19,676,1,1,1,1,0,2,2,0,1
17589.0,60,4,2404.17,9.502648221343874,172,1631,0,0,0,0,1,0,3,0,1
17590.0,2,3,1468.02,7.489897959183673,162,822,0,0,0,0,1,0,3,0,1
17591.0,73,7,2203.67,14.03611464968153,81,1000,0,0,0,0,1,0,3,0,1
17593.0,4,5,3923.86,18.50877358490566,190,3089,0,0,2,2,1,0,3,0,1
17594.0,85,2,993.18,19.8636,42,550,1,1,0,0,0,2,2,0,1
17595.0,12,2,386.69,4.715731707317073,68,228,1,1,0,0,0,2,2,0,1
17596.0,23,7,2806.69,10.591283018867925,168,4376,0,0,2,2,1,0,3,0,1
17597.0,214,1,2044.37,37.17036363636364,55,1176,1,1,0,0,1,0,0,0,1
17600.0,18,1,161.67000000000002,12.436153846153848,13,144,1,2,3,3,0,1,1,0,1
17601.0,239,1,116.01,12.89,9,103,1,2,3,3,0,1,1,0,1
17602.0,2,6,5054.42,9.173176043557168,335,4116,0,0,2,2,1,0,3,-1,1
17603.0,78,1,394.72,35.88363636363636,11,74,1,2,3,3,0,1,1,0,1
17604.0,217,2,309.36,4.91047619047619,57,169,1,1,3,3,0,2,2,0,1
17608.0,33,2,191.99,3.428392857142857,54,229,1,1,0,0,0,2,2,0,1
17609.0,41,5,1105.78,4.745836909871245,199,719,0,1,0,0,1,0,3,0,1
17611.0,7,15,3961.12,6.986102292768959,440,2550,0,0,2,2,1,0,3,0,1
17612.0,53,6,2048.45,15.173703703703705,116,1808,0,0,2,2,1,0,3,0,1
17613.0,23,14,4544.55,14.851470588235294,211,2490,0,0,2,2,1,0,3,0,1
17614.0,57,1,386.32,3.9420408163265295,97,235,1,1,0,0,0,2,2,0,1
17615.0,130,3,329.6,23.542857142857144,13,140,1,2,3,3,0,1,1,0,1
17616.0,174,3,571.1999999999999,190.4,1,224,1,2,1,1,0,1,1,-1,-1
17618.0,6,3,930.28,13.884776119402984,56,319,0,1,0,0,1,0,3,0,1
17619.0,312,1,214.37,2.896891891891892,71,124,1,1,3,3,0,1,1,0,1
17620.0,60,1,81.44,20.36,4,60,1,2,3,3,0,1,1,0,1
17621.0,21,3,1379.9,53.073076923076925,24,514,0,1,0,0,1,0,0,0,1
17623.0,33,1,527.0500000000001,15.971212121212124,33,265,1,1,0,0,0,2,2,0,1
17624.0,15,2,843.48,16.869600000000002,49,554,0,1,0,0,1,0,3,0,1
17625.0,18,4,2020.4,6.602614379084968,223,1180,0,0,0,0,1,0,3,0,1
17628.0,81,1,75.75,15.15,5,79,1,2,3,3,0,1,1,0,1
17629.0,6,8,1814.12,14.748943089430892,106,1629,0,0,2,2,1,0,3,0,1
17630.0,170,2,503.6,19.369230769230768,24,158,1,2,3,3,0,1,1,0,1
17631.0,2,3,528.33,13.546923076923076,39,334,0,1,0,0,1,0,3,0,1
17633.0,31,4,1324.84,18.92628571428571,59,644,0,1,0,0,1,0,3,0,1
17634.0,36,9,2358.59,7.96820945945946,209,838,0,0,2,2,1,0,3,0,1
17636.0,19,1,285.56,14.278,20,182,1,1,3,3,0,1,1,0,1
17637.0,31,2,547.0600000000001,15.630285714285716,35,280,1,1,0,0,0,2,2,0,1
17639.0,276,1,108.5,15.5,7,49,1,2,3,3,0,1,1,0,1
17640.0,87,1,621.66,124.332,5,250,1,2,1,1,0,1,1,0,1
17642.0,120,2,712.29,17.80725,34,474,1,1,0,0,0,2,2,0,1
17643.0,373,1,101.55,12.69375,8,71,1,2,3,3,0,1,1,0,1
17644.0,1,11,2895.64,18.44356687898089,102,1793,0,0,2,2,1,0,3,0,1
17646.0,219,3,1008.39,19.77235294117647,46,323,1,1,0,0,0,2,2,0,1
17647.0,65,1,133.06,19.00857142857143,7,30,1,2,3,3,0,1,1,0,1
17648.0,61,4,1797.5,19.75274725274725,81,487,0,1,0,0,1,0,3,0,1
17649.0,138,1,868.49,16.70173076923077,52,399,1,1,0,0,0,2,2,0,1
17650.0,21,1,166.08,20.76,8,150,1,2,3,3,0,1,1,0,1
17651.0,12,10,3945.0,17.004310344827587,149,3112,0,0,2,2,1,0,3,0,1
17652.0,25,12,4867.72,18.794285714285717,118,2509,0,0,2,2,1,0,3,0,1
17653.0,37,4,1207.56,27.44454545454545,44,1409,0,1,0,0,1,0,3,0,1
17654.0,277,1,117.55,5.343181818181818,22,41,1,2,3,3,0,1,1,0,1
17655.0,11,7,2638.94,28.99934065934066,66,1116,0,0,2,2,1,0,3,0,1
17656.0,73,5,1674.69,20.423048780487804,67,1399,0,1,0,0,1,0,3,0,1
17658.0,26,2,595.42,31.337894736842102,17,616,1,1,0,0,0,2,2,0,1
17659.0,17,12,2999.46,18.98392405063291,127,1525,0,0,2,2,1,0,3,0,1
17660.0,141,1,178.75,4.703947368421052,37,121,1,2,3,3,0,1,1,0,1
17663.0,26,7,1802.91,20.96406976744186,63,797,0,0,0,0,1,0,3,0,1
17664.0,19,2,604.64,14.061395348837207,41,604,1,1,0,0,1,0,3,0,1
17666.0,4,2,728.16,40.45333333333333,14,596,1,1,0,0,1,0,0,-1,1
17667.0,66,5,2055.51,17.71991379310345,85,1033,0,0,0,0,1,0,3,0,1
17668.0,1,2,347.75,23.183333333333334,14,93,1,1,0,0,0,1,1,-1,1
17669.0,43,7,3406.7200000000003,50.09882352941177,45,1916,0,0,2,2,1,0,0,0,1
17670.0,228,1,205.7,18.7,11,110,1,2,3,3,0,1,1,0,1
17671.0,16,4,1572.71,29.67377358490566,40,772,0,1,0,0,1,0,3,0,1
17672.0,50,2,3178.17,28.892454545454545,105,1690,0,1,0,0,1,0,3,0,1
17673.0,2,6,1594.97,7.316376146788991,118,1462,0,0,2,2,1,0,3,0,1
17674.0,74,2,551.04,20.40888888888889,19,672,1,1,0,0,0,2,2,0,1
17675.0,1,31,20374.28,28.89968794326241,239,8360,0,0,2,2,1,0,0,-1,-1
17676.0,4,6,1371.18,17.807532467532468,49,922,0,0,2,2,1,0,3,0,1
17677.0,2,30,16345.38,53.94514851485148,178,9772,0,0,2,2,1,0,0,-1,-1
17678.0,264,1,298.11,18.631875,16,207,1,2,3,3,0,1,1,0,1
17679.0,53,2,1992.11,66.40366666666667,29,729,0,1,1,1,0,2,2,0,1
17680.0,24,1,184.4,16.763636363636365,11,96,1,2,3,3,0,1,1,0,1
17682.0,10,6,2474.33,20.968898305084743,48,1367,0,0,2,2,1,0,3,0,1
17684.0,44,1,239.41,15.960666666666668,15,145,1,2,3,3,0,1,1,0,1
17685.0,17,7,3155.83,24.84905511811024,88,1907,0,0,2,2,1,0,3,0,1
17686.0,7,7,5739.46,20.06804195804196,205,2478,0,0,2,2,1,0,3,0,1
17690.0,30,15,4726.8,18.757142857142856,186,1769,0,0,2,2,1,0,3,0,1
17691.0,358,2,290.40000000000003,15.28421052631579,18,134,1,2,3,3,0,1,1,0,1
17692.0,127,4,740.9399999999999,16.107391304347825,34,672,1,1,0,0,1,0,3,0,1
17693.0,137,1,200.47,12.529375,16,231,1,2,3,3,0,1,1,0,1
17694.0,142,1,283.12,18.874666666666663,15,184,1,2,3,3,0,1,1,0,1
17695.0,132,2,765.34,21.866857142857143,30,779,1,1,0,0,0,2,2,0,1
17696.0,38,8,2285.71,19.875739130434784,78,1756,0,0,2,2,1,0,0,0,1
17697.0,236,1,338.95,17.839473684210525,19,93,1,2,3,3,0,1,1,0,1
17698.0,261,1,154.95,19.36875,8,93,1,2,3,3,0,1,1,0,1
17700.0,17,4,2534.64,17.84957746478873,116,1266,0,0,2,2,1,0,3,0,1
17701.0,253,1,417.95,17.414583333333333,24,109,1,2,3,3,0,1,1,0,1
17702.0,30,4,1824.37,24.653648648648648,58,1353,0,0,0,0,1,0,3,0,1
17703.0,35,3,798.74,14.522545454545456,47,590,0,1,0,0,0,2,2,0,1
17704.0,169,2,885.19,28.554516129032255,27,343,1,1,0,0,0,2,2,0,1
17705.0,3,9,1823.52,17.70407766990291,63,963,0,0,2,2,1,0,3,0,1
17706.0,4,17,10504.49,27.498664921465966,270,3899,0,0,2,2,1,0,0,0,1
17707.0,185,2,152.4,30.48,3,144,1,2,3,3,0,1,1,0,1
17708.0,188,2,263.33,7.744999999999999,28,90,1,2,3,3,0,1,1,0,1
17709.0,170,1,137.45,19.635714285714283,7,17,1,2,3,3,0,1,1,0,1
17711.0,11,2,385.1,16.743478260869566,22,246,1,1,0,0,0,2,2,0,1
17712.0,45,1,522.91,18.031379310344825,29,215,1,1,3,3,0,2,2,0,1
17714.0,321,1,153.0,15.3,10,92,1,2,3,3,0,1,1,0,1
17715.0,201,1,326.4,326.4,1,384,1,2,1,1,0,1,1,-1,-1
17716.0,23,11,5655.99,23.085673469387757,171,3072,0,0,2,2,1,0,3,0,1
17718.0,232,1,139.35,23.225,6,83,1,2,3,3,0,1,1,0,1
17719.0,38,15,5396.04,19.693576642335767,111,2466,0,0,2,2,1,0,3,0,1
17720.0,26,4,1195.94,23.9188,39,576,0,1,0,0,1,0,3,0,1
17722.0,96,4,2424.04,21.07860869565217,111,1595,0,0,0,0,1,0,3,0,1
17723.0,127,6,3276.4000000000005,327.64000000000004,4,792,1,2,1,1,1,0,0,-1,-1
17724.0,71,3,1033.0,25.825,38,300,1,1,0,0,1,0,3,0,1
17725.0,16,11,3439.08,17.911875,115,2162,0,0,2,2,1,0,3,0,1
17727.0,15,1,1060.25,16.064393939393938,66,645,0,1,0,0,1,0,3,0,1
17728.0,4,3,2876.01,17.430363636363637,153,1469,0,0,2,2,1,0,3,0,1
17730.0,3,13,5298.4800000000005,24.304954128440368,127,3576,0,0,2,2,1,0,3,0,1
17731.0,79,4,1240.11,18.509104477611935,54,493,0,1,0,0,1,0,3,0,1
17732.0,373,1,303.97,16.887222222222224,18,93,1,2,3,3,0,1,1,0,1
17733.0,39,2,692.19,19.776857142857143,33,463,1,1,0,0,0,2,2,0,1
17734.0,54,3,700.63,16.293720930232556,40,422,1,1,0,0,1,0,3,0,1
17735.0,2,19,13110.02,19.00002898550725,319,8439,0,0,2,2,1,0,0,0,-1
17736.0,9,3,377.44,15.0976,24,238,1,1,0,0,0,2,2,0,1
17737.0,9,2,168.24,16.824,8,108,1,2,3,3,0,1,1,0,1
17738.0,19,4,1879.05,19.37164948453608,89,1029,0,0,0,0,1,0,3,0,1
17739.0,12,7,2791.35,59.39042553191489,29,861,0,0,2,2,1,0,0,0,1
17742.0,113,2,355.11,23.674,13,89,1,2,3,3,0,1,1,0,1
17744.0,4,6,2322.4,17.076470588235296,110,3412,0,0,2,2,1,0,3,0,1
17746.0,240,1,110.25,18.375,6,29,1,2,3,3,0,1,1,0,1
17747.0,113,1,71.4,71.4,1,12,1,2,3,3,0,1,1,-1,-1
17749.0,178,2,674.52,19.272,33,320,1,1,0,0,0,2,2,0,1
17750.0,5,9,1710.45,9.29592391304348,101,3747,0,0,2,2,1,0,3,-1,1
17752.0,359,1,80.64,80.64,1,192,1,2,1,1,0,1,1,-1,1
17754.0,1,5,1664.65,18.703932584269666,82,1816,0,0,2,2,1,0,3,0,1
17757.0,1,30,5593.39,7.558635135135136,275,3318,0,0,2,2,1,0,3,-1,-1
17758.0,19,8,3408.2000000000003,8.436138613861386,310,2054,0,0,2,2,1,0,3,0,1
17759.0,17,3,819.96,9.110666666666669,82,697,0,1,0,0,0,2,2,0,1
17760.0,22,2,287.59,11.5036,25,239,1,1,0,0,0,2,2,0,1
17761.0,33,1,712.78,37.51473684210527,19,398,1,1,0,0,0,2,2,0,1
17763.0,263,1,15.0,15.0,1,12,1,2,3,3,0,1,1,-1,-1
17764.0,51,2,772.55,10.880985915492955,71,351,1,1,0,0,0,2,2,0,1
17765.0,159,3,367.63,6.564821428571428,51,143,1,1,3,3,0,2,2,0,1
17767.0,15,1,271.2,12.914285714285716,21,128,1,1,3,3,0,1,1,0,1
17768.0,8,3,2081.9,21.243877551020407,77,1122,0,0,0,0,1,0,3,0,1
17769.0,13,10,3957.43,13.017861842105262,200,1850,0,0,2,2,1,0,3,0,1
17770.0,199,5,1143.27,30.086052631578948,33,365,1,1,0,0,1,0,3,0,1
17771.0,57,2,245.81,4.552037037037037,51,287,1,1,0,0,0,2,2,0,1
17772.0,11,2,173.45,3.469,50,55,1,1,3,3,0,2,2,0,1
17774.0,97,4,1213.73,7.932875816993464,123,508,0,1,0,0,1,0,3,0,1
17775.0,255,1,56.4,18.8,3,72,1,2,3,3,0,1,1,0,1
17777.0,25,3,647.56,3.408210526315789,141,501,0,1,0,0,0,2,2,0,1
17779.0,21,3,650.32,8.028641975308643,73,396,0,1,0,0,0,2,2,0,1
17781.0,159,2,188.02,15.668333333333337,12,34,1,2,3,3,0,1,1,0,1
17783.0,72,2,283.47,4.23089552238806,67,354,1,1,0,0,0,2,2,0,1
17785.0,53,1,131.94,10.149230769230767,13,67,1,2,3,3,0,1,1,0,1
17786.0,85,2,266.85,3.9242647058823534,57,195,1,1,0,0,0,2,2,0,1
17787.0,153,4,1817.54,14.19953125,94,896,0,1,0,0,1,0,3,0,1
17788.0,74,2,1117.9,223.58,3,211,1,2,1,1,0,1,1,-1,1
17789.0,281,1,225.9,16.135714285714286,14,74,1,2,3,3,0,1,1,0,1
17790.0,27,14,1964.3,10.393121693121692,121,835,0,0,2,2,1,0,3,0,1
17791.0,30,1,106.1,10.61,10,46,1,2,3,3,0,1,1,0,1
17793.0,25,1,300.34,5.77576923076923,49,226,1,1,0,0,0,2,2,0,1
17795.0,180,2,342.83,7.618444444444444,43,305,1,1,3,3,0,2,2,0,1
17796.0,40,4,690.0,8.518518518518519,63,176,1,1,0,0,0,2,2,0,1
17797.0,22,3,780.43,7.0309009009009005,102,498,0,1,0,0,1,0,3,0,1
17799.0,22,10,3039.17,7.522698019801981,280,1753,0,0,2,2,1,0,3,0,1
17800.0,37,9,1187.21,11.526310679611653,51,732,0,0,0,0,1,0,3,0,1
17802.0,82,3,1285.04,9.178857142857142,102,752,0,1,0,0,1,0,3,0,1
17805.0,74,1,512.31,51.231,10,478,1,2,1,1,0,1,1,0,1
17806.0,11,1,546.04,12.698604651162787,43,727,1,1,0,0,1,0,3,0,1
17809.0,16,12,5411.91,88.71983606557377,46,2057,0,0,2,2,1,0,0,-1,1
17811.0,4,39,7761.82,9.374178743961352,359,4146,0,0,2,2,1,0,3,-1,-1
17812.0,13,4,699.81,5.261729323308271,113,329,0,1,0,0,0,2,2,0,1
17813.0,14,5,1698.07,4.879511494252873,297,752,0,0,0,0,1,0,3,0,1
17816.0,37,4,36.56,2.150588235294118,16,30,1,2,3,3,0,1,1,-1,-1
17817.0,4,3,387.68,11.747878787878788,32,67,1,1,0,0,0,2,2,-1,1
17819.0,72,7,3704.87,77.18479166666667,36,1031,0,0,2,2,1,0,0,-1,1
17824.0,51,1,298.4,22.95384615384615,13,408,1,2,3,3,0,2,2,0,1
17827.0,5,5,1987.33,9.24339534883721,190,1240,0,0,2,2,1,0,3,0,1
17828.0,23,4,1820.09,27.1655223880597,54,667,0,1,0,0,1,0,3,0,1
17829.0,299,1,889.24,29.64133333333333,30,496,1,1,3,3,0,2,2,0,1
17830.0,2,3,398.7,17.33478260869565,18,92,1,1,0,0,0,1,1,-1,1
17831.0,33,1,35.400000000000006,17.700000000000003,2,12,1,2,3,3,0,1,1,-1,-1
17832.0,50,1,155.37,2.547049180327869,61,208,1,1,3,3,0,2,2,0,1
17835.0,3,3,342.24,5.800677966101695,45,344,0,1,0,0,1,0,3,0,1
17836.0,47,1,110.21,4.592083333333334,23,88,1,2,3,3,0,1,1,0,1
17837.0,42,8,1541.23,9.513765432098763,110,510,0,0,0,0,1,0,3,0,1
17838.0,27,5,2720.8,23.254700854700857,96,1831,0,0,2,2,1,0,3,0,1
17839.0,42,1,318.15,6.11826923076923,50,257,1,1,0,0,0,2,2,0,1
17841.0,2,124,40519.84,5.2787701928087545,1323,22834,0,0,2,2,1,0,0,-1,-1
17843.0,303,1,205.48,5.553513513513513,36,113,1,2,3,3,0,1,1,0,1
17844.0,107,1,51.56,10.312,5,52,1,2,3,3,0,1,1,0,1
17846.0,85,1,2033.1,2033.1,1,1,1,2,1,1,0,1,1,-1,-1
17848.0,81,9,901.2,17.670588235294115,41,398,0,1,0,0,1,0,3,0,1
17849.0,218,4,605.8000000000001,23.300000000000004,14,114,1,2,3,3,0,1,1,0,1
17850.0,372,34,5391.21,18.15222222222222,21,1733,0,0,2,2,1,0,0,-1,-1
17852.0,12,2,114.34,4.764166666666667,21,53,1,1,3,3,0,2,2,-1,1
17854.0,185,2,311.26,20.750666666666667,15,84,1,2,3,3,0,1,1,0,1
17855.0,373,1,208.97,12.292352941176471,17,197,1,2,3,3,0,1,1,0,1
17856.0,2,4,1418.03,94.53533333333333,12,842,0,0,1,1,1,0,0,-1,1
17857.0,4,23,26879.04,497.76,19,19256,0,0,2,2,1,0,0,-1,-1
17858.0,6,12,5140.66,26.09472081218274,101,2694,0,0,2,2,1,0,3,0,1
17859.0,305,1,141.92000000000002,6.170434782608696,23,102,1,2,3,3,0,1,1,0,1
17860.0,369,1,226.45,4.354807692307693,49,93,1,2,3,3,0,1,1,0,1
17861.0,3,8,2097.88,9.579360730593608,172,1985,0,0,2,2,1,0,3,0,1
17862.0,324,1,330.9,30.08181818181818,11,100,1,2,3,3,0,1,1,0,1
17863.0,59,6,3160.0,21.35135135135135,110,2638,0,0,2,2,1,0,3,0,1
17864.0,13,3,554.85,6.165,70,706,0,1,0,0,0,2,2,0,1
17865.0,31,20,10526.32,28.449513513513512,191,5757,0,0,2,2,1,0,3,0,1
17866.0,143,1,329.65,36.62777777777777,9,174,1,2,3,3,0,1,1,0,1
17867.0,30,6,1157.87,17.027500000000003,62,508,0,1,0,0,1,0,3,0,1
17869.0,107,5,428.18,10.7045,37,111,1,1,0,0,0,2,2,0,1
17870.0,2,12,1865.89,6.910703703703704,214,1351,0,0,2,2,1,0,3,0,1
17871.0,205,1,155.9,15.59,10,182,1,2,3,3,0,1,1,0,1
17873.0,80,5,1848.96,42.99906976744186,24,1035,0,1,0,0,1,0,0,0,1
17874.0,185,6,683.46,14.857826086956525,37,221,1,1,0,0,1,0,3,0,1
17877.0,170,1,237.61,19.800833333333333,12,98,1,2,3,3,0,1,1,0,1
17878.0,44,1,379.45,14.59423076923077,26,401,1,1,0,0,0,2,2,0,1
17879.0,174,1,178.51999999999998,29.75333333333333,6,45,1,2,3,3,0,1,1,0,1
17880.0,365,1,458.92,17.65076923076923,26,314,1,2,3,3,0,1,1,0,1
17881.0,304,1,133.35000000000002,16.668750000000003,8,32,1,2,3,3,0,1,1,0,1
17883.0,3,4,664.34,4.6784507042253525,133,374,0,1,0,0,0,2,2,0,1
17884.0,4,4,695.0699999999999,6.151061946902654,107,817,0,1,0,0,0,2,2,0,1
17885.0,12,1,156.34,2.949811320754717,50,110,1,1,3,3,0,2,2,0,1
17886.0,32,3,869.28,8.52235294117647,93,469,0,1,0,0,1,0,3,0,1
17887.0,129,1,111.35,11.135,10,30,1,2,3,3,0,1,1,0,1
17888.0,21,8,716.0,11.015384615384615,60,973,0,0,0,0,1,0,3,0,1
17889.0,212,2,201.37,10.0685,20,77,1,2,3,3,0,1,1,0,1
17890.0,323,2,586.89,6.449340659340659,88,402,1,1,0,0,0,2,2,0,1
17891.0,162,1,203.86,5.995882352941176,34,393,1,1,3,3,0,1,1,0,1
17892.0,56,3,244.1,8.717857142857143,27,109,1,1,3,3,0,2,2,0,1
17893.0,225,1,107.21,7.147333333333333,15,149,1,2,3,3,0,1,1,0,1
17894.0,72,8,1118.96,5.827916666666667,127,404,0,1,0,0,1,0,3,0,1
17895.0,44,1,95.45,6.363333333333333,15,127,1,2,3,3,0,1,1,0,1
17896.0,23,1,256.32,128.16,2,288,1,2,1,1,0,1,1,-1,1
17897.0,173,3,541.8100000000001,5.01675925925926,100,222,1,1,0,0,0,2,2,0,1
17898.0,85,2,152.06,5.430714285714286,27,190,1,1,3,3,0,1,1,-1,1
17899.0,159,1,154.55,4.985483870967743,29,170,1,2,3,3,0,1,1,0,1
17900.0,190,2,112.2,18.7,4,73,1,2,3,3,0,1,1,0,1
17901.0,29,1,110.38,5.809473684210526,19,24,1,2,3,3,0,1,1,0,1
17904.0,21,1,181.07,5.325588235294117,33,59,1,1,3,3,0,2,2,0,1
17905.0,71,4,798.99,24.21181818181818,33,406,1,1,0,0,1,0,3,0,1
17906.0,247,1,72.9,6.075,12,26,1,2,3,3,0,1,1,0,1
17908.0,374,1,232.03,4.296851851851852,51,169,1,1,3,3,0,1,1,0,1
17911.0,9,1,366.23,9.39051282051282,39,223,1,1,0,0,0,2,2,0,1
17912.0,310,5,310.06,8.38,35,184,1,1,3,3,0,1,1,0,1
17913.0,59,2,408.65,7.0456896551724135,55,288,1,1,0,0,0,2,2,0,1
17914.0,4,1,329.36,4.391466666666667,72,457,1,1,0,0,1,0,3,-1,1
17917.0,45,3,335.03,3.641630434782608,77,184,1,1,0,0,0,2,2,0,1
17919.0,88,1,1304.04,56.69739130434783,23,756,1,1,1,1,1,0,0,0,1
17920.0,4,17,4119.5,6.194736842105264,407,2473,0,0,2,2,1,0,3,0,1
17921.0,64,4,820.23,5.776267605633803,114,425,0,1,0,0,1,0,3,0,1
17923.0,282,1,207.50000000000003,207.50000000000003,1,50,1,2,1,1,0,1,1,-1,1
17924.0,12,7,2962.5,95.56451612903226,26,1160,0,0,2,2,1,0,0,-1,1
17925.0,373,1,244.08,244.08,1,72,1,2,1,1,0,1,1,-1,-1
17926.0,133,2,397.29,18.91857142857143,17,306,1,2,3,3,0,1,1,0,1
17928.0,45,2,212.54,9.240869565217391,23,140,1,1,3,3,0,2,2,0,1
17929.0,11,4,843.0,168.6,4,108,1,2,1,1,0,1,1,-1,1
17930.0,36,5,1740.48,44.62769230769231,26,1594,0,0,0,0,1,0,0,0,1
17931.0,134,2,408.36,6.282461538461539,63,249,1,1,0,0,0,2,2,0,1
17932.0,29,3,1331.57,14.795222222222222,84,789,0,1,0,0,1,0,3,0,1
17934.0,52,2,704.25,33.535714285714285,21,478,1,1,0,0,0,2,2,0,1
17935.0,138,2,145.79,5.027241379310345,28,82,1,2,3,3,0,1,1,0,1
17936.0,5,1,380.13,5.279583333333333,68,257,1,1,0,0,1,0,3,0,1
17937.0,9,7,4301.22,100.02837209302326,19,1754,0,0,2,2,1,0,0,-1,1
17939.0,160,1,99.14,8.261666666666667,12,40,1,2,3,3,0,1,1,0,1
17940.0,49,10,4020.04,223.33555555555557,6,9323,0,0,1,1,1,0,0,-1,-1
17941.0,131,1,304.56,152.28,2,252,1,2,1,1,0,1,1,-1,1
17942.0,8,1,77.50000000000001,38.75000000000001,2,38,1,2,3,3,0,1,1,-1,-1
17946.0,233,2,149.57999999999998,7.478999999999999,18,75,1,2,3,3,0,1,1,0,1
17947.0,37,1,176.68,19.63111111111111,9,168,1,2,3,3,0,1,1,0,1
17948.0,147,1,358.56000000000006,358.56000000000006,1,144,1,2,1,1,0,1,1,-1,1
17949.0,1,45,58510.48,835.864,29,30546,0,0,2,2,1,0,0,-1,-1
17950.0,72,3,482.2,6.791549295774648,63,366,1,1,0,0,0,2,2,0,1
17951.0,40,3,1008.54,50.42700000000001,18,616,1,1,1,1,1,0,0,0,1
17954.0,5,12,2314.13,4.851425576519916,326,2221,0,0,2,2,1,0,3,0,1
17955.0,199,4,557.3,29.331578947368417,14,273,1,2,3,3,0,1,1,0,1
17956.0,249,1,12.75,12.75,1,1,1,2,3,3,0,1,1,-1,-1
17957.0,66,1,111.68,3.6025806451612907,31,287,1,1,3,3,0,2,2,0,1
17958.0,117,1,508.4599999999999,72.63714285714285,7,84,1,2,1,1,0,1,1,0,1
17960.0,171,1,73.78,2.837692307692308,26,41,1,2,3,3,0,1,1,0,1
17961.0,21,39,1296.44,5.206586345381527,211,560,0,0,2,2,1,0,3,-1,1
17962.0,142,1,102.41,3.0120588235294115,33,127,1,2,3,3,0,1,1,0,1
17964.0,32,2,463.21,4.726632653061224,84,294,1,1,0,0,0,2,2,0,1
17965.0,38,14,2599.19,7.997507692307693,274,1532,0,0,2,2,1,0,3,0,1
17966.0,38,5,1098.43,16.15338235294118,53,2571,0,0,0,0,1,0,3,0,1
17967.0,372,1,112.27,2.673095238095238,41,73,1,2,3,3,0,1,1,0,1
17968.0,374,1,265.1,3.27283950617284,74,151,1,1,3,3,0,1,1,0,1
17969.0,166,2,228.2,16.3,14,152,1,2,3,3,0,1,1,0,1
17970.0,211,1,562.79,19.40655172413793,27,513,1,1,3,3,0,2,2,0,1
17972.0,242,1,135.19,4.506333333333333,30,36,1,2,3,3,0,1,1,0,1
17973.0,52,1,337.04,22.46933333333333,15,176,1,2,3,3,0,1,1,0,1
17974.0,25,3,703.99,4.266606060606061,143,500,0,1,0,0,0,2,2,0,1
17975.0,15,13,4483.26,15.30122866894198,189,1565,0,0,2,2,1,0,3,0,1
17976.0,372,1,321.79,5.645438596491228,56,93,1,2,3,3,0,1,1,0,1
17977.0,29,1,288.14,13.72095238095238,19,342,1,1,3,3,0,2,2,0,1
17978.0,365,1,300.92,25.076666666666664,12,499,1,2,3,3,0,1,1,0,1
17979.0,36,4,732.41,5.30731884057971,116,383,0,1,0,0,1,0,3,0,1
17980.0,166,3,811.45,27.048333333333336,23,682,1,1,0,0,0,2,2,0,1
17984.0,145,1,152.68,3.1808333333333336,48,98,1,1,3,3,0,1,1,0,1
17985.0,22,1,631.35,30.06428571428572,20,171,1,1,3,3,0,2,2,0,1
17986.0,56,1,20.8,20.8,1,10,1,2,3,3,0,1,1,-1,-1
17987.0,185,1,198.57,15.274615384615384,13,261,1,2,3,3,0,1,1,0,1
17988.0,12,7,201.12,5.292631578947368,37,43,1,1,0,0,0,2,2,-1,1
17990.0,237,3,630.84,21.753103448275866,27,414,1,1,0,0,0,2,2,0,1
17991.0,225,2,93.35,18.67,4,25,1,2,3,3,0,1,1,0,1
17994.0,122,4,674.89,8.542911392405063,63,495,1,1,0,0,0,2,2,0,1
17995.0,282,1,76.1,38.05,2,133,1,2,3,3,0,1,1,-1,1
17997.0,74,8,1962.46,11.966219512195122,133,2273,0,0,2,2,1,0,3,0,1
17999.0,37,2,380.39,4.18010989010989,87,219,1,1,0,0,0,2,2,0,1
18001.0,12,2,415.13,7.282982456140351,56,362,1,1,0,0,0,2,2,0,1
18004.0,362,1,157.92,4.268108108108108,32,75,1,2,3,3,0,1,1,0,1
18005.0,4,2,226.47,4.273018867924528,52,86,1,1,0,0,0,2,2,0,1
18006.0,23,1,444.68,20.212727272727275,21,220,1,1,3,3,0,2,2,0,1
18008.0,70,9,2116.19,70.53966666666666,24,1581,0,0,2,2,1,0,0,-1,1
18009.0,235,1,247.39,7.98032258064516,31,125,1,2,3,3,0,1,1,0,1
18010.0,257,1,174.8,12.485714285714286,14,60,1,2,3,3,0,1,1,0,1
18011.0,373,1,102.79,3.671071428571428,28,71,1,2,3,3,0,1,1,0,1
18013.0,155,2,187.29,6.041612903225806,31,285,1,1,3,3,0,1,1,0,1
18014.0,28,1,162.22,5.407333333333333,29,66,1,2,3,3,0,2,2,0,1
18015.0,4,1,120.03,2.6093478260869567,46,157,1,1,0,0,0,2,2,-1,1
18016.0,32,5,1477.66,12.111967213114754,90,1027,0,1,0,0,1,0,3,0,1
18017.0,81,3,523.0,174.33333333333334,1,300,1,2,1,1,0,1,1,-1,1
18018.0,108,2,122.14,4.211724137931035,29,55,1,2,3,3,0,1,1,0,1
18019.0,52,1,38.45,7.69,5,7,1,2,3,3,0,1,1,-1,-1
18022.0,36,1,612.72,3.73609756097561,141,703,1,1,0,0,0,2,2,-1,1
18024.0,153,2,389.78,18.56095238095238,21,184,1,2,3,3,0,1,1,0,1
18027.0,99,1,115.31,5.490952380952381,21,78,1,2,3,3,0,1,1,0,1
18030.0,4,2,230.65,25.627777777777776,8,67,1,2,3,3,0,1,1,-1,1
18032.0,334,1,73.5,14.7,5,42,1,2,3,3,0,1,1,0,1
18033.0,65,1,93.82,2.8430303030303032,32,252,1,1,3,3,0,2,2,0,1
18034.0,22,2,418.68,3.8061818181818174,99,559,0,1,0,0,0,2,2,0,1
18035.0,36,3,713.89,14.569183673469388,44,584,0,1,0,0,0,2,2,0,1
18036.0,32,3,403.12,4.288510638297873,77,232,1,1,0,0,0,2,2,0,1
18037.0,154,6,70.02,3.685263157894737,19,20,1,2,3,3,0,1,1,-1,-1
18040.0,19,2,357.20000000000005,18.8,18,148,1,1,3,3,0,2,2,0,1
18041.0,12,21,4097.37,8.94622270742358,285,3758,0,0,2,2,1,0,3,0,1
18042.0,54,1,165.04999999999998,23.578571428571426,7,33,1,2,3,3,0,1,1,0,1
18043.0,25,3,529.29,4.6025217391304345,106,265,0,1,0,0,0,2,2,0,1
18044.0,4,10,2088.6,16.445669291338582,88,1033,0,0,2,2,1,0,3,0,1
18045.0,45,1,178.34,4.147441860465117,43,138,1,1,3,3,0,2,2,0,1
18048.0,203,2,172.29000000000002,24.612857142857145,6,127,1,2,3,3,0,1,1,0,1
18050.0,359,1,74.4,14.88,5,40,1,2,3,3,0,1,1,0,1
18053.0,71,1,300.02,15.001,20,302,1,2,3,3,0,2,2,0,1
18055.0,7,10,6761.34,18.88642458100559,223,2452,0,0,2,2,1,0,3,0,1
18056.0,288,1,363.65,19.139473684210525,19,211,1,2,3,3,0,1,1,0,1
18058.0,10,1,170.16,56.72,3,88,1,2,1,1,0,1,1,-1,1
18059.0,23,3,306.46,17.025555555555556,17,258,1,1,0,0,0,2,2,0,1
18061.0,22,10,2119.41,46.0741304347826,18,955,0,0,2,2,1,0,0,-1,1
18062.0,173,3,720.52,26.685925925925925,23,396,1,1,0,0,0,2,2,0,1
18064.0,133,2,814.0,116.28571428571428,7,384,1,2,1,1,1,0,0,-1,1
18065.0,6,14,2392.83,17.465912408759124,110,1027,0,0,2,2,1,0,3,0,1
18066.0,75,1,318.0,31.8,10,108,1,2,3,3,0,1,1,0,1
18067.0,40,1,396.33,10.71162162162162,36,189,1,1,3,3,0,2,2,0,1
18068.0,289,1,101.7,101.7,1,6,1,2,3,3,0,1,1,-1,-1
18069.0,26,5,2009.24,4.396586433260394,334,1296,0,0,2,2,1,0,3,0,1
18071.0,258,2,453.0,18.12,23,260,1,2,3,3,0,1,1,0,1
18072.0,186,1,247.44,13.746666666666666,18,288,1,2,3,3,0,1,1,0,1
18073.0,114,12,3859.82,53.60861111111112,23,3102,0,0,2,2,1,0,0,-1,1
18074.0,374,1,489.6,37.66153846153846,13,190,1,2,3,3,0,1,1,0,1
18075.0,23,10,2611.75,18.392605633802816,97,1464,0,0,2,2,1,0,3,0,1
18077.0,8,11,2584.41,11.589282511210762,101,1839,0,0,2,2,1,0,3,0,1
18078.0,217,2,336.13,11.590689655172412,27,145,1,2,3,3,0,1,1,0,1
18079.0,45,4,3613.15,29.37520325203252,99,7347,0,0,2,2,1,0,3,-1,1
18080.0,19,2,1231.5,615.75,2,642,1,2,1,1,1,0,0,-1,-1
18081.0,36,3,343.45,20.20294117647059,14,195,1,1,3,3,0,2,2,0,1
18082.0,26,1,680.84,9.726285714285714,62,608,1,1,0,0,0,2,2,0,1
18084.0,16,1,90.48,90.48,1,312,1,2,1,1,0,1,1,-1,-1
18085.0,330,2,689.95,23.79137931034483,25,265,1,2,3,3,0,2,2,0,1
18086.0,274,1,101.34,14.477142857142857,7,106,1,2,3,3,0,1,1,0,1
18087.0,98,2,4055.7199999999993,2027.86,2,3907,1,2,1,1,1,0,0,-1,-1
18088.0,61,1,166.03,4.487297297297298,35,107,1,1,3,3,0,1,1,0,1
18092.0,2,11,9068.26,101.8905617977528,28,4252,0,0,2,2,1,0,0,-1,-1
18093.0,93,4,2106.52,58.51444444444444,31,1392,0,1,0,0,1,0,0,0,1
18094.0,82,7,3017.3,43.10428571428572,39,2518,0,0,2,2,1,0,0,0,1
18095.0,313,2,580.0500000000001,27.621428571428574,20,419,1,2,3,3,0,2,2,0,1
18096.0,12,3,849.06,4.331938775510204,157,788,0,1,0,0,1,0,3,0,1
18097.0,8,6,2662.4,25.116981132075477,65,1662,0,0,2,2,1,0,3,0,1
18099.0,127,1,168.31,8.858421052631579,19,149,1,2,3,3,0,1,1,0,1
18101.0,11,2,222.4,5.5600000000000005,37,87,1,1,0,0,0,2,2,0,1
18102.0,1,60,259657.3,602.45313225058,150,64124,0,0,2,2,1,0,0,-1,-1
18104.0,37,1,754.64,19.85894736842105,38,362,1,1,0,0,0,2,2,0,1
18105.0,38,1,113.48000000000002,6.304444444444446,18,46,1,2,3,3,0,1,1,0,1
18106.0,330,1,421.9,11.402702702702705,33,126,1,2,3,3,0,1,1,0,1
18108.0,254,1,271.0,15.941176470588236,17,84,1,2,3,3,0,1,1,0,1
18109.0,2,26,8004.92,18.151746031746036,119,4230,0,0,2,2,1,0,0,0,1
18110.0,20,1,198.8,5.372972972972973,33,72,1,1,3,3,0,2,2,0,1
18112.0,12,2,352.69,13.565,26,255,1,1,0,0,0,2,2,0,1
18113.0,369,1,76.32000000000001,76.32000000000001,1,72,1,2,3,3,0,1,1,0,-1
18114.0,290,1,220.1,7.860714285714286,28,55,1,2,3,3,0,1,1,0,1
18116.0,68,8,1403.11,3.781967654986523,230,837,0,1,0,0,1,0,3,0,1
18117.0,26,1,315.65,4.384027777777778,68,605,1,1,0,0,0,2,2,0,1
18118.0,11,26,5625.08,4.453745051464766,424,2865,0,0,2,2,1,0,3,-1,-1
18119.0,368,1,180.7,6.23103448275862,29,124,1,2,3,3,0,1,1,0,1
18120.0,214,1,111.15,6.538235294117648,17,31,1,2,3,3,0,1,1,0,1
18121.0,149,2,653.3,21.074193548387097,28,438,1,1,0,0,0,2,2,0,1
18122.0,8,6,1793.06,5.022577030812325,239,1225,0,0,2,2,1,0,3,0,1
18123.0,24,2,574.4399999999999,16.895294117647058,31,582,1,1,0,0,0,2,2,0,1
18125.0,30,4,1131.75,5.89453125,164,800,0,1,0,0,1,0,3,0,1
18126.0,61,1,200.92,3.863846153846154,52,135,1,1,3,3,0,2,2,0,1
18127.0,19,3,347.08,7.545217391304347,41,187,1,1,0,0,0,2,2,0,1
18129.0,243,1,112.55,8.039285714285715,13,48,1,2,3,3,0,1,1,0,1
18130.0,15,3,1059.39,15.13414285714286,58,824,0,1,0,0,1,0,3,0,1
18133.0,212,1,931.5,931.5,1,1350,1,2,1,1,1,0,0,-1,-1
18135.0,29,5,681.9100000000001,34.0955,11,349,1,1,0,0,1,0,0,0,1
18136.0,63,3,784.33,20.640263157894736,34,379,1,1,0,0,1,0,3,0,1
18138.0,295,1,152.65,19.08125,8,38,1,2,3,3,0,1,1,0,1
18139.0,18,6,8438.34,53.07132075471698,35,5557,0,0,2,2,1,0,0,-1,1
18142.0,157,2,1019.52,67.968,9,1276,1,2,1,1,0,2,2,-1,1
18143.0,117,2,1000.16,16.396065573770493,59,570,1,1,0,0,0,2,2,0,1
18144.0,8,12,2888.75,67.18023255813954,27,1343,0,0,2,2,1,0,0,-1,1
18145.0,13,4,2861.55,12.94819004524887,174,2625,0,0,2,2,1,0,3,0,1
18146.0,141,2,160.35000000000002,16.035000000000004,10,153,1,2,3,3,0,1,1,0,1
18147.0,46,2,179.33999999999995,25.62,7,203,1,2,3,3,0,1,1,0,1
18149.0,51,3,612.0799999999999,38.255,11,310,1,2,1,1,0,1,1,0,1
18150.0,32,3,566.58,15.312972972972974,29,332,1,1,0,0,0,2,2,0,1
18151.0,135,2,653.35,17.193421052631578,38,355,1,1,0,0,0,2,2,0,1
18154.0,3,2,399.19,19.009047619047617,15,255,1,1,0,0,0,1,1,0,1
18155.0,75,3,371.62,14.8648,19,266,1,1,3,3,0,2,2,0,1
18156.0,13,2,675.64,5.538032786885246,100,283,0,1,0,0,0,2,2,0,1
18158.0,9,2,453.4,13.335294117647058,24,354,1,1,0,0,0,2,2,0,1
18159.0,301,1,530.15,23.05,23,139,1,2,3,3,0,1,1,0,1
18160.0,57,2,638.0600000000001,16.36051282051282,37,294,1,1,0,0,0,2,2,0,1
18161.0,15,5,1618.69,20.233625,49,812,0,0,0,0,1,0,3,0,1
18164.0,37,1,399.65,16.652083333333334,24,184,1,1,3,3,0,2,2,0,1
18165.0,177,1,302.46000000000004,30.246,10,254,1,2,3,3,0,1,1,0,1
18167.0,23,3,1384.86,37.428648648648654,24,382,0,1,0,0,1,0,0,0,1
18168.0,176,6,1160.04,8.923384615384615,97,592,0,1,0,0,1,0,3,0,1
18169.0,61,1,202.65,22.516666666666666,9,61,1,2,3,3,0,1,1,0,1
18170.0,33,3,980.31,25.797631578947367,29,409,1,1,0,0,0,2,2,0,1
18171.0,59,5,1231.31,22.802037037037035,43,481,0,1,0,0,1,0,3,0,1
18172.0,15,20,7561.68,40.00888888888889,100,3184,0,0,2,2,1,0,0,0,1
18173.0,87,4,2106.84,67.9625806451613,23,1220,0,1,1,1,1,0,0,0,1
18174.0,7,1,104.0,104.0,1,50,1,2,1,1,0,1,1,-1,-1
18176.0,358,1,476.35,15.878333333333334,30,283,1,2,3,3,0,1,1,0,1
18177.0,31,6,1340.87,18.368082191780825,53,709,0,1,0,0,1,0,3,0,1
18178.0,129,4,1590.81,16.400103092783503,80,983,0,1,0,0,1,0,3,0,1
18179.0,9,6,1793.17,19.924111111111117,86,1360,0,0,2,2,1,0,3,0,1
18180.0,5,6,1843.75,15.493697478991596,108,1721,0,0,2,2,1,0,3,0,1
18181.0,24,1,366.85,8.947560975609756,40,133,1,1,3,3,0,2,2,0,1
18183.0,227,2,632.07,17.082972972972975,36,371,1,1,0,0,0,2,2,0,1
18184.0,15,1,49.8,49.8,1,60,1,2,3,3,0,1,1,-1,-1
18185.0,249,1,304.25,17.897058823529413,17,183,1,2,3,3,0,1,1,0,1
18188.0,15,3,2001.04,28.183661971830983,63,1168,0,0,0,0,1,0,0,0,1
18189.0,78,2,1090.24,16.032941176470587,65,566,1,1,0,0,0,2,2,0,1
18190.0,192,2,284.46000000000004,18.964,14,140,1,2,3,3,0,1,1,0,1
18191.0,262,1,207.8,29.685714285714283,7,140,1,2,3,3,0,1,1,0,1
18192.0,72,1,957.97,21.288222222222224,45,339,1,1,0,0,0,2,2,0,1
18193.0,165,1,243.76,15.235,16,124,1,2,3,3,0,1,1,0,1
18194.0,82,1,973.84,139.11999999999998,7,632,1,2,1,1,1,0,0,-1,1
18196.0,95,2,686.63,4.93978417266187,131,431,1,1,0,0,0,2,2,0,1
18198.0,4,17,5425.56,34.12301886792453,81,4074,0,0,2,2,1,0,0,0,1
18200.0,106,1,150.35,5.011666666666667,29,104,1,2,3,3,0,1,1,0,1
18202.0,200,3,1396.99,20.543970588235293,55,581,1,1,0,0,1,0,3,0,1
18203.0,157,1,160.42000000000002,8.443157894736842,19,43,1,2,3,3,0,1,1,0,1
18204.0,71,3,1975.35,10.28828125,159,1190,0,1,0,0,1,0,3,0,1
18205.0,36,2,517.36,16.1675,30,192,1,1,0,0,0,2,2,0,1
18209.0,29,1,139.10000000000002,17.387500000000003,8,58,1,2,3,3,0,1,1,0,1
18210.0,2,6,2621.38,19.56253731343284,109,1398,0,0,2,2,1,0,3,0,1
18211.0,26,5,600.07,14.287380952380952,37,359,0,1,0,0,0,2,2,0,1
18212.0,326,1,216.07,6.355,30,92,1,2,3,3,0,1,1,0,1
18213.0,237,1,232.48,15.498666666666669,15,232,1,2,3,3,0,1,1,0,1
18215.0,89,1,299.34000000000003,23.02615384615385,13,118,1,2,3,3,0,1,1,0,1
18216.0,31,1,481.75,18.528846153846157,26,200,1,1,3,3,0,2,2,0,1
18217.0,29,2,621.75,20.056451612903224,27,491,1,1,0,0,0,2,2,0,1
18218.0,211,2,641.92,32.096,17,536,1,2,3,3,0,2,2,0,1
18219.0,3,10,2069.77,18.15587719298245,58,885,0,0,2,2,1,0,3,0,1
18220.0,227,1,305.28000000000003,152.64,2,288,1,2,1,1,0,1,1,-1,1
18221.0,22,5,1041.61,16.27515625,59,791,0,1,0,0,1,0,3,0,1
18222.0,93,1,443.0,23.31578947368421,19,335,1,2,3,3,0,2,2,0,1
18223.0,5,14,6484.54,23.840220588235294,116,2948,0,0,2,2,1,0,3,0,1
18224.0,264,1,158.95000000000002,15.895,10,69,1,2,3,3,0,1,1,0,1
18225.0,3,12,5504.96,20.46453531598513,150,3242,0,0,2,2,1,0,3,0,1
18226.0,44,11,5228.05,21.603512396694217,141,3466,0,0,2,2,1,0,3,0,1
18227.0,218,1,93.75,18.75,5,21,1,2,3,3,0,1,1,0,1
18228.0,57,2,779.9,25.996666666666663,23,238,1,1,0,0,0,2,2,0,1
18229.0,12,20,7276.900000000001,44.37134146341464,66,2488,0,0,2,2,1,0,0,-1,1
18230.0,9,7,2810.2000000000003,32.67674418604651,32,1316,0,0,2,2,1,0,0,0,1
18231.0,192,5,2071.77,16.843658536585366,106,819,0,1,0,0,1,0,3,0,1
18232.0,82,4,592.97,16.026216216216216,31,302,1,1,0,0,0,2,2,0,1
18233.0,326,1,440.0,440.0,1,4,1,2,1,1,0,1,1,-1,-1
18235.0,72,3,1796.48,17.273846153846154,100,1578,0,1,0,0,1,0,3,0,1
18236.0,30,6,882.24,18.004897959183673,42,403,0,1,0,0,1,0,3,0,1
18237.0,3,5,987.1,16.181967213114753,40,622,0,0,0,0,1,0,3,0,1
18239.0,219,5,1561.61,17.745568181818182,80,795,0,1,0,0,1,0,3,0,1
18240.0,46,1,422.58,70.42999999999999,6,126,1,2,1,1,0,1,1,0,1
18241.0,10,17,2073.09,19.93355769230769,60,1051,0,0,2,2,1,0,0,-1,1
18242.0,72,4,2232.49,28.62166666666667,72,1017,0,1,0,0,1,0,3,0,1
18245.0,7,7,2567.06,14.668914285714283,153,1788,0,0,2,2,1,0,3,0,1
18246.0,24,2,596.1,149.025,3,166,1,2,1,1,0,1,1,-1,1
18248.0,123,2,804.02,17.1068085106383,39,511,1,1,0,0,0,2,2,0,1
18249.0,17,1,95.34,11.9175,8,128,1,2,3,3,0,1,1,0,1
18250.0,310,1,349.27,16.63190476190476,21,199,1,2,3,3,0,1,1,0,1
18251.0,87,1,4314.72,269.67,16,7824,0,0,1,1,1,0,0,-1,-1
18252.0,51,2,518.27,5.5135106382978725,90,234,1,1,0,0,0,2,2,0,1
18255.0,89,1,103.3,17.216666666666665,6,74,1,2,3,3,0,1,1,0,1
18257.0,39,8,2337.63,19.81042372881356,97,1041,0,0,2,2,1,0,3,0,1
18259.0,25,3,2338.6000000000004,55.68095238095239,27,714,0,1,0,0,1,0,0,0,1
18260.0,173,6,2628.35,19.76203007518797,86,1475,0,0,0,0,1,0,3,0,1
18261.0,43,2,324.24,15.44,19,146,1,2,3,3,0,2,2,0,1
18262.0,140,1,149.48,11.498461538461536,13,182,1,2,3,3,0,1,1,0,1
18263.0,26,3,1213.16,19.88786885245901,59,1468,0,1,0,0,1,0,3,0,1
18265.0,72,2,801.51,17.424130434782608,44,311,1,1,0,0,0,2,2,0,1
18268.0,134,1,25.5,25.5,1,2,1,2,3,3,0,1,1,-1,-1
18269.0,366,1,168.6,24.085714285714285,7,76,1,2,3,3,0,1,1,0,1
18270.0,38,2,283.15,25.74090909090909,11,101,1,2,3,3,0,1,1,0,1
18272.0,3,6,3078.58,18.54566265060241,99,2050,0,0,2,2,1,0,3,0,1
18273.0,2,3,204.0,68.0,1,80,1,2,1,1,0,1,1,-1,-1
18274.0,30,1,175.92,15.992727272727272,11,88,1,2,3,3,0,1,1,0,1
18276.0,44,1,335.86,23.99,14,186,1,2,3,3,0,1,1,0,1
18277.0,58,1,110.38,13.7975,8,68,1,2,3,3,0,1,1,0,1
18278.0,74,1,173.9,19.322222222222223,9,66,1,2,3,3,0,1,1,0,1
18280.0,278,1,180.6,18.06,10,45,1,2,3,3,0,1,1,0,1
18281.0,181,1,80.82,11.545714285714284,7,54,1,2,3,3,0,1,1,0,1
18282.0,8,2,178.05,14.8375,12,103,1,2,3,3,0,1,1,0,1
18283.0,4,16,2045.53,2.8370735090152563,263,1357,0,0,2,2,1,0,3,0,1
18287.0,43,3,1837.28,26.24685714285714,59,1586,0,1,0,0,1,0,3,0,1
